post_id	title	benefit_text	gor_sa_har_text	featured_image_url	featured_image_path
287583	Spenatsoppa med rostade pumpafrön	Spenatsoppa med rostade pumpafrön är en krämig och näringsrik rätt med en touch av ingefära och sriracha.	Skala och riv vitlök och ingefära. Hetta upp en kastrull och bryn vitlök och ingefära. Lägg i spenat och vatten och låt koka upp. Skölj bönor och lägg dem i kastrullen tillsammans med kokosmjölk. Låt koka upp och krydda med srirashasås, salt och peppar. Mixa soppan slät med en stavmixer. Hetta upp en stekpanna. Torrosta pumpafrön tills de får färg. Tillsätt salt och honung och ta bort stekpannan från värmen. Häll upp soppa i skålar och toppa med rostade pumpafrön och kokosskivor. Dekorera med persiljekvistar.	https://functionalfoods.se/wp-content/uploads/2025/03/IMG_0486.jpg	data/images/Spenatsoppa med rostade pumpafron.jpg
287585	Macka med ost	Kombinationen av fiber, protein och vitaminer ger energi och håller dig mätt längre!	Bred på smör på brödet och lägg på ostskiva och paprikaringar.	https://functionalfoods.se/wp-content/uploads/2025/03/IMG_9813.jpg	data/images/Macka med ost.jpg
287581	Grön juice	En frisk och uppfriskande grön juice fylld med antioxidanter och vitaminer, perfekt för att ge energi och stärka immunförsvaret.	Lägg spenat i en blender. Skär selleri, apelsin och gurka i bitar. Lägg ner i blendern tillsammans med ingefära och limesaft. Mixa och späd med vatten till en jämn smoothie. Häll upp på glas.	https://functionalfoods.se/wp-content/uploads/2025/03/IMG_1390.jpg	data/images/Gron juice.jpg
287579	Stekt ägg med champinjoner	En enkel och proteinrik frukost med stekta ägg och smakrika champinjoner, serverad med en klick sötstark senap för extra smak.	Dela champinjoner på hälften. Hetta upp en stekpanna med smör. Lägg i champinjonerna och låt steka tills de fått en fin färg. Dra champinjonerna åt sidan i stekpannan. Knäck i ägg och låt steka på svag tills vitan har stelnat. Lägg upp ägg och champinjoner på en tallrik. Lägg på en klick senap. Dekorera med en persiljekvist.	https://functionalfoods.se/wp-content/uploads/2025/03/IMG_0028.jpg	data/images/Stekt agg med champinjoner.jpg
287577	Ägghack i salladsblad	En fräsch och krämig ägghackssallad serverad i romansalladsblad, toppad med dill och saftiga cocktailtomater.	Skala och hacka ägg grovt. Hacka dill. Lägg i en skål och blanda ner majonnäs, salt och peppar. Dela cocktail tomater i 4 delar. Lägg romansalladsblad på en tallrik och lägg på ägghack. Strö på dill. Servera med cocktailtomater och dekorera med dillkvistar.	https://functionalfoods.se/wp-content/uploads/2025/03/IMG_0877.jpg	data/images/Agghack i salladsblad.jpg
287575	Overnightoats med morot	En krämig och näringsrik overnight oats med smak av morotskaka, där kanel, valnötter och russin ger en härlig smakupplevelse.	Blanda alla ingredienserna till gröten i en bunke. Sätt på ett lock och ställ in i kylskåpen över natten. Ta gröten ur kylen och rör om väl. Grovhacka valnötter. Placera strimlad morot i botten på ett glas eller en liten skål (spara lite till topping). Tillsätt gröten och toppa med russin, valnötter och resterande strimlad morot. Strö på lite kanel.	https://functionalfoods.se/wp-content/uploads/2025/03/IMG_0344.jpg	data/images/Overnightoats med morot.jpg
287573	Yoghurt med bovetegranola och frukt	En bra balans av protein, hälsosamma fetter och fibrer. Perfekt för en energifylld start på dagen!	Häll yoghurt i en skål. Skär frukten i bitar och lägg över tillsammans med bovetegranola. 1 portion bovetegranola = cirka 0,75 dl.	https://functionalfoods.se/wp-content/uploads/2025/03/IMG_0411.jpg	data/images/Yoghurt med bovetegranola och frukt.jpg
287571	Smoothiebowl med mango och pistagenötter	En krämig och näringsrik smoothiebowl med tropisk mango, proteinrik yoghurt och hälsosamma fetter från pistagenötter och hampafrön.	Mixa fryst mango, banan, havregryn, yoghurt och agavesirap till en tjock smoothie i en blender eller med en stavmixer. Häll upp smoothie i skålar. Skär mango i små kuber. Hacka pistagenötter. Toppa med mangobitar, pistagenötter, hampafrön och granatäpplekärnor.	https://functionalfoods.se/wp-content/uploads/2025/03/IMG_0784-kopia.jpg	data/images/Smoothiebowl med mango och pistagenotter.jpg
287508	Bovetegranola	Denna glutenfria granola är full av fibrer, hälsosamma fetter och långsam energi, perfekt för en balanserad frukost eller som topping på yoghurt och smoothie bowls!	Sätt ugnen på 200 grader. Lägg bovete i en skål med kokande vatten i 10 min. Häll av vattnet och skölj bovetet. Lägg bovete, havregryn, nötter och frön på en ugnsplåt. Strö på salt och vaniljsocker. Hetta upp kokosolja i en kastrull och tillsätt honung. Höll allt över plåten och blanda om ordentligt. Sätt in plåten i ugnen i 20 minuter. Rör om då och då så inget bränns. Blanda ner kokos och torkad papaya.	https://functionalfoods.se/wp-content/uploads/2025/03/IMG_0168.jpg	data/images/Bovetegranola.jpg
287562	Citronkaka med äpple och kardemumma	En perfekt kombination av sötma, syra och kryddig värme – samtidigt näringsrik och fiberrik!	Sätt ugnen på 200 grader. Klä botten av en springformmed bakplåtspapper. (Ca 25 cm) Smält smöret. Tillsätt alla torra ingredienser. Rör ihop till en smulig deg. Tryck ut degen i springformen och tryck upp kanterna. Grädda i mitten av ugnen i 15 minuter. Låt svalna i kylskåpet i 10 minuter. Vispa havregrädde. Blanda ihop lemoncurd, färskost, citronzest och kardemumma. Ta ut botten ur kylen och bred ut fyllningen. Skär äpple i tunna skivor. Dekorera med skivat äpple och kardemumma.	https://functionalfoods.se/wp-content/uploads/2025/03/IMG_0717.jpg	data/images/Citronkaka med apple och kardemumma.jpg
287560	Entrecote med haricots verts och bearnaisesås	Denna rätt är full av högkvalitativt protein, hälsosamma fetter och viktiga näringsämnen!	Skölj haricots verts och skär bort ändarna om det behövs. Koka upp vatten med lite salt i en kastrull och lägg i haricots verts. Låt koka i cirka 3-5 minuter. Lägg entrecote på en skärbräda och strö salt, peppar och örtagårdskrydda på båda sidorna av köttet. Hetta upp en stekpanna med smör och stek köttet på hög värme i cirka 2-3 minuter på varje sida. Lägg upp entrecoten på tallrikar och låt vila i någon minut. Servera köttet med haricots verts och bearnaisesås.	https://functionalfoods.se/wp-content/uploads/2025/03/IMG_9991.jpg	data/images/Entrecote med haricots verts och bearnaisesas.jpg
287558	Köttfärsbiffar med mozzarella och tomatsallad	Saftiga köttfärsbiffar fyllda med smält mozzarella och soltorkade tomater, serverade med en fräsch tomatsallad med fänkål och basilika. Pumpakärnor och rucola ger extra näring och krispighet.	Sätt ugnen på 200 grader. Lägg nötfärs i en skål. Skala och finhacka rödlök. Finhacka basilika. Strimla hälften av de soltorkade tomaterna. Blanda ner rödlök, basilika och soltorkade tomater. Strö på örtagårdskrydda, salt och peppar. Dela upp färsblandningen i fyra lika stora delar och forma till biffar. Lägg biffarna på en ugnsplåt med bakplåtspapper. Dela mozzarella i 4 lika stora delar. Skär resterande soltorkade tomater på mitten. Gör ett litet jack i varje biff och tryck i en bit mozzarella och en bit soltorkat tomat i varje biff. Ställ in biffarna i ugnen i cirka 20 minuter. Skär tomat i klyftor. Skiva fänkål tunt. Skala och hacka rödlök i tunna klyftor. Finhacka basilika. Lägg tomat, fänkål, rödlök och basilika i en skål. Tillsätt olivolja, äppelcidervinäger och honung. Strö på salt och peppar. Servera köttfärsbiffar på en bädd av rucolasallad. Toppa med pumpakärnor. Servera med tomatsallad.	https://functionalfoods.se/wp-content/uploads/2025/03/IMG_0407.jpg	data/images/Kottfarsbiffar med mozzarella och tomatsallad.jpg
287556	Laxgratäng med broccoli och scampi	Full av omega-3, antioxidanter och hälsosamma fetter, vilket gör den till en näringsrik och mättande rätt.	Tina scampi. Sätt ugnen på 200 grader. Skär lax i mindre bitar och strö på salt och peppar. Skala och riv vitlök. Skala och grovhacka lök. Finhacka chili och persilja. Skär broccoli i mindre buketter. Dela brysselkål på hälften. Hetta upp en kastrull med olja och bryn lök, vitlök och chili i någon minut. Tillsätt kokosmjölk, vatten och pepparrot. Låt koka upp och blanda ner broccoli och brysselkål. Smaka av med salt och peppar. Blanda ner persilja och häll blandningen i en ugnsform. Lägg på scampi och lax. Strö på riven ost. Gratinera i ugnen i 15 minuter.	https://functionalfoods.se/wp-content/uploads/2025/03/IMG_9867.jpg	data/images/Laxgratang med broccoli och scampi.jpg
287552	Grönsakswok med tonfisk och ägg	En snabb och näringsrik grönsakswok med tonfisk och ägg, fylld med protein, omega-3 och antioxidanter.	Skala och riv vitlök och ingefära. Skala och grovhacka lök. Skär paprika, haricots verts och purjolök i bitar. Hacka dill. Hetta upp en stekpanna med olivolja. Lägg i vitlök, ingefära, lök, paprika, haricots verts och purjolök. Stek och rör om tills grönsakerna mjuknat. Dra grönsakerna åt sidan i stekpannan. Knäck ägg i en skål och vispa upp. Häll olivolja i mitten av stekpannan. Häll i äggen i mitten och rör om. När äggen börjar stelna rör ihop dem med grönsakerna och låt steka i någon minut. Dra återigen grönsaksblandningen åt sidan i stekpannan. Lägg i rödkålen i mitten av pannan och stek i någon minut. Rör ihop rödkålen med resten av grönsakerna. Strö på salt och peppar. Tillsätt citronsaft och dill. Lägg upp grönsakswok på tallrikar. Lägg tonfiskfilé ovanpå och toppa med furikakekrydda. Dekorera med dillkvistar och citronklyftor.	https://functionalfoods.se/wp-content/uploads/2025/03/IMG_9822.jpg	data/images/Gronsakswok med tonfisk och agg.jpg
287547	Kycklinggryta från medelhavet	En mustig och smakrik kycklinggryta med medelhavstoner, där saftiga kycklinglår får sjuda i en kryddig tomatsås.	Skala och hacka lök. Skala och riv vitlöksklyftor. Skär squash, selleri och paprika i bitar. Dela champinjoner på mitten. Hacka persilja. Hetta upp olivolja i en stekpanna och bryn kyckling, lök och vitlök. Strö på salt, peppar och örtagårdskrydda. Häll olivolja i en kastrull och lägg ner paprika och selleri och låt steka i någon minut. Lägg ner kycklingen och häll på vatten och krossade tomater. Smula ner en buljongtärning. Strö på salt, peppar, torkad basilika och häll i honung. Sätt på ett lock och sänk värmen. Låt koka i 60 minuter och späd med vatten om det behövs. Lägg ner squash, tomat och champinjoner och låt koka ytterligare i 5 minuter. Rör i persilja. Lägg upp kycklinggrytan i djupa taltikar. Toppa med persiljekvistar och servera.	https://functionalfoods.se/wp-content/uploads/2025/03/IMG_0010.jpg	data/images/Kycklinggryta fran medelhavet.jpg
287542	Kycklingburgare med papayasallad	En saftig och smakrik kycklingburgare med fräsch papayasallad, fylld med proteiner, fibrer och enzymer som stödjer matsmältning och immunförsvar.	Lägg kycklingfärs i en skål. Skala och riv vitlök och blanda med färsen. Strö på salt och peppar. Forma färsen till 4 platta burgare. Hetta upp en stekpanna med olivolja. Stek kycklingburgarna i 3-4 minuter på varje sida. Skiva mozzarella och placera tillsammans med en korianderkvist mellan två burgare. Stekytterligare i en minut. Lägg frysta ärtor i en kastrull med vatten och koka upp. Låt koka på svag värme i någon minut. Häll av och spola av med kallt vatten. Skär papaya och sockerärtor i mindre bitar. Skala och finhacka rödlök. Finhacka chili. Hacka koriander. Blanda papaya, sockerärtor, rödlök, chili och ärtor i en skål. Strö på salt och peppar. Blanda i balsamico, koriander och pressa i limejuice. Placera kycklingburgarna på tallrikarna och servera med papayasallad. Dekorera med korianderkvistar och limeklyftor.	https://functionalfoods.se/wp-content/uploads/2025/03/IMG_0008.jpg	data/images/Kycklingburgare med papayasallad.jpg
287540	Fänkålssallad med grapefrukt och burrata	Denna sallad är full av fibrer, vitaminer och hälsosamma fetter som gör den till ett lätt men mättande måltidsalternativ.	Strimla fänkål och lägg i en skål. Blanda i olivolja och äppelcidervinäger. Finhacka mynta och rör ner i skålen. Strö på salt och peppar. Skär ut filéer av grapefrukt, apelsin och citron. Hacka pistagenötter. Lägg upp fänkålssallad i en skål tillsammans med citrusfrukten. Lägg burrata ovanpå salladen och toppa med pistagenötter och myntablad.	https://functionalfoods.se/wp-content/uploads/2025/03/IMG_0488.jpg	data/images/Fankalssallad med grapefrukt och burrata.jpg
287538	Linssoppa från medelhavet	En värmande och smakrik linssoppa från Medelhavet, fylld med proteinrika linser, näringsrika grönsaker och kryddiga smaker från örter och sriracha.	Skala och grovhacka lök. Skala och riv vitlök. Skär paprika, squash, fänkål och haricots verts i bitar. Finhacka soltorkade tomater. Hetta upp en kastrull med olivolja. Lägg lök, vitlök och grönsakerna i kastrullen och fräs i några minuter. Strö på salt, peppar och provensalska örter. Blanda i sriracha, buljong, krossade tomater, vatten och linser. Låt koka i cirka 15-20 minuter. Dela cocktailtomater i fyra delar. Hacka basilika. Lägg i tomater och basilika i soppan. Lägg upp linssoppa i djupa tallrikar och dekorera med soltorkade tomater och basilikakvistar.	https://functionalfoods.se/wp-content/uploads/2025/03/IMG_9849.jpg	data/images/Linssoppa fran medelhavet.jpg
287536	Ugnsomelett med keso och bär	En krämig och näringsrik ugnsomelett med keso och bär, fylld med protein, fibrer och antioxidanter.	Sätt ugnen på 180 grader. Smörj en mindre ugnsform med olivolja. Lägg ner alla ingredienser i en bunke förutom frysta bär. Mixa smeten slät med en stavmixer. Blanda försiktigt ner hälften av bären i smeten. Häll smeten i ugnsformen och toppa med resten av bären. Grädda omeletten i ugnen i 40 minuter.	https://functionalfoods.se/wp-content/uploads/2025/03/IMG_0455.jpg	data/images/Ugnsomelett med keso och bar.jpg
287534	Omelett med ost och spenat	En mjuk och smakrik omelett fylld med näringsrik spenat och smält ost.	Blanda ägg och grädde i en skål. Strö på salt och peppar. Hetta upp en stekpanna med smör. Häll i omelettsmeten i stekpannan och stek ena sidan på svag värme tills den fått en fin färg. Lägg på riven ost och spenat på omeletten. Låt osten smälta och lägg sedan över omeletten på en tallrik.	https://functionalfoods.se/wp-content/uploads/2025/03/IMG_0446.jpg	data/images/Omelett med ost och spenat.jpg
287532	Färskostmacka med tomat	En perfekt kombination av protein, fibrer och antioxidanter som gör den till ett utmärkt frukost- eller mellanmålsalternativ!	Skiva tomat. Bred på philadelphiaost på brödet och lägg på tomatskivor.	https://functionalfoods.se/wp-content/uploads/2025/03/IMG_9809.jpg	data/images/Farskostmacka med tomat.jpg
287527	Morot- och kesolimpa	Kombinationen av morot, äpple och keso ger en mild och naturligt söt smak, medan havre och solroskärnor bidrar med långvarig mättnad.	Sätt ugnen på 200 grader. Riv moroten grovt. Blanda ihop alla ingredienser i en skål. Forma till en limpa och lägg på en bakplåtsklädd plåt. Strö på vallmofrön och grädda i cirka 45 minuter. Låt svalna och förvara i frysen.	https://functionalfoods.se/wp-content/uploads/2025/03/IMG_9807.jpg	data/images/Morot- och kesolimpa.jpg
287525	Choklad- och kokoschiapudding	Denna dessertliknande frukost är full av omega-3, fibrer och antioxidanter!	Blanda alla ingredienserna i en bunke på kvällen och låt stå i kylskåpet över natten. Rör om ordentlig innan servering. Toppa med granola och färska jordgubbar.	https://functionalfoods.se/wp-content/uploads/2025/03/IMG_0142.jpg	data/images/Choklad- och kokoschiapudding.jpg
287516	Keso med bovetegranola	Denna måltid ger en perfekt balans mellan protein, hälsosamma fetter och långsam energi – utmärkt för en mättande och stabil start på dagen!	Lägg keso i en skål och strö på granolan. 1 portion = cirka 0,75 dl.	https://functionalfoods.se/wp-content/uploads/2025/03/IMG_0173.jpg	data/images/Keso med bovetegranola.jpg
287319	Grundrecept benbuljong	Denna näringsrika dryck är full av vitaminer, mineraler och andra viktiga näringsämnen som kan gynna kroppen pa ̊ många sätt .	Skala eller ansa och skär alla grönsaker i bitar. Skala och skär gul lök i bitar och skiva vitlöken. Lägg märgbenen i en gryta tillsammans med grönsaker, lök, vitlök och resterande ingredienser. Häll på vatten så det täcker benen. Koka upp märgbenen på hög värme under några minuter och ta bort skummet som bildas. Sänk värmen och låt sjuda i 12–48 timmar. Fyll på med extra vatten under tiden. Ta bort ben och grönsaker. Sila buljongen och låt svalna helt. Ställ in i kylen och låt stå tills buljongen stelnat, gärna över natten. Skrapa av fettet som samlats på ytan av buljongen och spara i en burk att använda till stekning. Förvara buljongen i kylen eller frys in den i iskuber. Buljongen håller cirka en vecka i kylskåpet.	https://functionalfoods.se/wp-content/uploads/2025/02/Benbuljong-1-2.jpg	data/images/Grundrecept benbuljong.jpg
287166	Rökt lax med blomkålsallad och citronyoghurt	En fräsch och näringsrik rätt med rökt lax, krispig blomkålsallad och en syrlig citronyoghurt.	Riv blomkål grovt. Strimla purjolök. Hacka dill. Dela cocktailtomater på mitten. Tärna avokado. Blanda ner blomkål, purjolök, tomater och avokado med olivolja, dill, citronjuice, salt och peppar i en skål. Lägg upp rucolasallad, rökt lax och citronklyftor på ett fat. Toppa med dillkvist. Riv citronskal med ett zestjärn. Blanda grekisk yoghurt i en skål med citronzest, salt och peppar. Servera blomkålsalladen med lax och citronyoghurt.	https://functionalfoods.se/wp-content/uploads/2025/02/IMG_9749.jpg	data/images/Rokt lax med blomkalsallad och citronyoghurt.jpg
287164	Grönsakswok med kyckling	Perfekt för en protein- och vitamindosig lunch med en uppfriskande touch av färsk koriander!	Skär kycklingen i mindre bitar och strö på salt och peppar. Riv vitlök och ingefära. Finhacka chili och strimla salladslök. Hetta upp en stekpanna med olja och lägg ner vitlök, ingefära, chili, salladslök och kycklingfilé. Strö på salt och peppar. Tillsätt de frysta wokgrönsakerna och teryakisås. Låt steka i 5 minuter. Strö på koriander och jordnötter.	https://functionalfoods.se/wp-content/uploads/2025/02/Kyckling-med-wokgronsaker-och-sjograsnudlar.jpg	data/images/Gronsakswok med kyckling.jpg
287162	Japansk kycklingfärswok med groddar	En energifylld, näringsrik lunch med asiatisk inspiration!	Skiva morot, paprika och squash. Riv vitlök och ingefära. Finhacka chili och gräslök. Strimla salladslök. Hetta upp en stekpanna med olja och bryn kycklingfärs, vitlök, chili, ingefära och salladslök i några minuter. Tillsätt sesamolja och sambal oelek. Strö på salt och peppar. Häll på teriyakisås och blanda ner alla grönsaker. Låt steka i någon minut. Pressa limejuice över woken och blanda ner gräslök. Lägg groddar på tallrikar och lägg över kycklingwoken. Toppa med furikakekrydda och gräslök.	https://functionalfoods.se/wp-content/uploads/2025/02/IMG_3490.jpg	data/images/Japansk kycklingfarswok med groddar.jpg
287084	Hallon och kiwi med vit chokladcréme	En fräsch och lätt dessert med sötma från hallon och kiwi, toppad med en len vit chokladcréme gjord på Philadelphiaost.	Smält vit choklad i en skål mikron. Blanda ner Philiadelpiaost. Skala kiwin. Skiva kiwi och lägg på tallrikar tillsammans med hallon. Klicka på den vita chokladcrémén.	https://functionalfoods.se/wp-content/uploads/2025/02/IMG_4594.jpg	data/images/Hallon och kiwi med vit chokladcréme.jpg
287122	Lammgryta med plommon och bulgur	En smakrik och mustig gryta där lammets djupa smak kombineras med varma kryddor och sötman från torkade plommon.	Skala och skiva gul lök. Skala och riv vitlök. Hacka chili och persilja. Skär lammstek i grytbitar. Hetta upp en stekpanna med smör och stek kött, lök, vitlök, chili och ingefära i några minuter. Lägg i en stor gryta. Krydda med salt, peppar, malen kanel, malen kardemumma, spiskummin och curry. Häll på ketjapmanis. Tillsätt krossade tomater, vatten, buljongtärning och plommon. Koka grytan i 1,5 timme. Späd med vatten om det behövs. Koka bulgur enligt anvisningen på paketet. Lägg i en skål och blanda ner olja, citronsaft, salt, peppar och persilja. Skala och skär morot i bitar och blanda ner i grytan. Koka ytterligare i 5 minuter. Toppa grytan med persilja. Servera med bulgur, cornichons, syltlök och lingonsylt	https://functionalfoods.se/wp-content/uploads/2025/02/IMG_7199.jpg	data/images/Lammgryta med plommon och bulgur.jpg
287083	Grekiska köttbullar i tomatsås	En smakrik medelhavsinspirerad rätt med grekiska köttbullar i en mustig tomatsås, serverade tillsammans med ugnsbakad sötpotatis och en bädd av färsk spenat.	Sätt ugnen på 200 grader. Lägg nötfärs i en bunke. Skala och finhacka rödlök och riv vitlök. Salta och peppra. Forma till köttbullar. Hetta upp en stekpanna med smör. Bryn köttbullarna i ett par minuter. Skala och skiva sötpotatis. Lägg sötpotatisen på en plåt med bakplåtspapper. Salta och peppra. Ugnsbaka potatisen i 20 minuter. Skala och hacka rödlök och riv vitlök. Hetta upp en kastrull med olivolja. Bryn lök och vitlök i några minuter. Tillsätt krossade tomater och honung. Salta och peppra. Tillsätt torkad oregano. Lägg köttbullarna i tomatsåsen och låt koka i tillsammans i 5 minuter. Lägg spenat på ett fat tillsammans med sötpotatis. Lägg köttbullarna i tomatsås bredvid och toppa med parmesanost. Dekorera med basilikakvistar.	https://functionalfoods.se/wp-content/uploads/2025/02/IMG_8764.jpg	data/images/Grekiska kottbullar i tomatsas.jpg
287127	Tropisk fruktsallad	En fräsch och exotisk fruktsallad fylld med vitaminer och antioxidanter.	Dela melonen på hälften och gröp ur innehållet. Skär meloninnehållet i mindre bitar. Skär mango och ananas i mindre bitar. Fördela frukten i melonskålarna och toppa med kokosskivor. Dekorera med mynta	https://functionalfoods.se/wp-content/uploads/2025/02/Annanas_006.jpg	data/images/Tropisk fruktsallad.jpg
287124	Köttfärspytt med italienska smaker	En smakrik och näringsrik köttfärspytt fylld med färska grönsaker, örter och olivolja.	Skala och hacka lök grovt. Skala och riv vitlök. Skär paprika, haricotsverts, squash, aubergine och fänkål i bitar. Dela champinjoner på hälften. Hetta upp en stekpanna med olivolja. Lägg i lök, vitlök, grönsaker och nötfärs i pannan. Strö på örtagårdskrydda, salt och svartpeppar. Låt steka 5 minuter. Dela cocktailtomater i fyra delar. Finhacka soltorkade tomater och basilika. Blanda ner cocktailtomater, soltorkade tomater och basilika. Lägg upp köttfärswok på tallrikar och dekorera med en basilikakvist	https://functionalfoods.se/wp-content/uploads/2025/02/IMG_9875.jpg	data/images/Kottfarspytt med italienska smaker.jpg
287088	Chiafrögröt	En energifylld frukost eller mellanmål full av hälsosamma fetter, fibrer och vitaminer!	Blanda chiafrön och mjölk i en skål. Rör ner vaniljpulver och låt stå i 30 minuter eller över natten. Späd gröten med mer mjölk, om det behövs. Skär av skalet på apelsinen med en vass kniv, och skär ut fina filéer. Skär ananas i små bitar. Skär filéerna i bitar och blanda ner i gröten tillsammans med ananas bitarna. Lägg upp i en skål eller i ett glas och dekorera med granatäppelkärnor, myntakvist och apelsinskiva.	https://functionalfoods.se/wp-content/uploads/2025/02/1500-Chiafrogrot.jpg	data/images/Chiafrogrot.jpg
287120	Torsk teriyaki med grönsaker	En lätt och näringsrik måltid med asiatiska influenser!	Strimla purjolök tunt. Skala och riv vitlöksklyfta och ingefära. Strimla paprika och morot. Skär Pak choi i skivor. Finhacka mynta. Hetta upp en stekpanna med olivolja och lägg i vitlök, ingefära och morot. Låt steka någon minut. Tillsätt paprika, Pak choi och mynta. Strö på salt och peppar och häll i teriyakisås. Blanda ner mynta. Låt steka ytterligare någon minut och håll varmt. Dela torsken i två bitar och strö på salt och peppar. Hetta upp en stekpanna med smör och stek torskrygg på hög värme 1 min på varje sida. Tillsätt vatten i stekpannan och låt fisken sjuda i 3 minuter. Lägg upp grönsaker på tallrikar. Placera torskryggen ovanpå. Häll teriyakisås över torsken. Strö på granatäppelkärnor och furikake. Dekorera med myntakvistar och limeklyftor.	https://functionalfoods.se/wp-content/uploads/2025/02/IMG_9732.jpg	data/images/Torsk teriyaki med gronsaker.jpg
287118	Indisk laxgryta med röda linser	En smakrik och kryddig laxgryta med linser, rotfrukter och brysselkål som ger både näring och mättnad.	Skär laxfilé i bitar och strö på salt och peppar. Skala och hacka lök och riv vitlök. Hacka chili. Skala och skär rotfrukter i bitar. Skär paprikan i bitar. Hetta upp en stekpanna med olivolja. Bryn lök, vitlök, chili, rotfrukter och paprika några minuter. Tillsätt kryddor, srirachasås och buljongtärning. Häll på vatten och låt koka upp. Tillsätt krossade tomater och linser. Hacka aprikoserna och blanda ner. Låt koka 5 minuter. Blanda ner laxbitarna och brysselkål. Låt sjuda ytterligare 3 minuter. Servera i skålar och dekorera soppan med hackad persilja. Servera med gräddfil.	https://functionalfoods.se/wp-content/uploads/2025/02/IMG_1624.jpg	data/images/Indisk laxgryta med roda linser.jpg
287116	Quinoasallad med stekt halloumi	En mättande och näringsrik quinoasallad med färska grönsaker, citron och persilja. Perfekt som en lätt men proteinrik måltid!	Koka quinoan i lättsaltat vatten i 13 minuter. Skölj och lägg i en skål. Blanda ner alla ingredienser och smaka av med salt och peppar. Skiva halloumi och stek i olivolja i några minuter. Lägg rucolasallad på tallrikar och lägg på quinoa och stekt halloumi.	https://functionalfoods.se/wp-content/uploads/2025/02/Quinoasallad-med-hallouimi.jpg	data/images/Quinoasallad med stekt halloumi.jpg
287114	Hallon- och blåbärssmoothie	En frisk och vitaminrik smoothie fylld med antioxidanter från blåbär och hallon.	Skala apelsin och banan och lägg ner i en blender tillsammans med blåbär och hallon. Lägg ner yoghurt, mixa och späd med vatten till en jämn smoothie. Häll upp på glas och förvara resten i kylen.	https://functionalfoods.se/wp-content/uploads/2025/02/IMG_6925.jpg	data/images/Hallon- och blabarssmoothie.jpg
287112	Mango med keso och nötter	En enkel och fräsch frukost med söt mango, krämig keso och knapriga nötter. Perfekt för en snabb, proteinrik och näringsfylld start på dagen!	Skär mango i mindre bitar och lägg upp på en tallrik. Toppa mangon med keso. Strö över pistagenötter och pekannötter.	https://functionalfoods.se/wp-content/uploads/2025/02/IMG_9791.jpg	data/images/Mango med keso och notter.jpg
287110	Havregrynsgröt med apelsin och kokos	En näringsrik och värmande havregrynsgröt med fräsch apelsin och en tropisk touch av kokos.	Skala och skär apelsin i klyftor. Blanda havregryn, vatten, kardemumma och salt i en kastrull. Låt koka upp. Koka på svag värme under omrörning i 3 minuter. Lägg upp gröten i en skål och toppa med apelsin och kokos. Strö på kardemumma. Servera med mandelmjölk.	https://functionalfoods.se/wp-content/uploads/2025/02/IMG_9778.jpg	data/images/Havregrynsgrot med apelsin och kokos.jpg
287108	Kokt ägg med majonnäs	En enkel men näringsrik frukost med proteinrika ägg och en klick majonnäs för extra smak och hälsosamma fetter. Perfekt som ett snabbt och mättande mål för en energifylld start på dagen!	Koka upp vatten i en kastrull. Lägg försiktigt i ägget och sänk värmen. Koka i ca 7-10 minuter. Spola ägget under kallt vatten för att avstanna kokningen. Skala ägget, strö på lite salt och servera med en klick majonnäs.	https://functionalfoods.se/wp-content/uploads/2025/02/IMG_9789.jpg	data/images/Kokt agg med majonnas.jpg
287106	Äggröra med granatäpple och kiwi	En lättlagad och näringsrik frukost där den krämiga äggröran kombineras med syrliga granatäppelkärnor och söt kiwi.	Skär kiwi i mindre bitar. Blanda ägg och grädde i en skål. Strö på salt och peppar. Hetta upp en stekpanna med smör. Häll i äggröran i pannan och rör om på svag värme tills äggröran blivit mjuk och krämig. Lägg äggröran på en tallrik och toppa med granatäppelkärnor och kiwi.	https://functionalfoods.se/wp-content/uploads/2025/02/IMG_9772.jpg	data/images/Aggrora med granatapple och kiwi.jpg
287103	Köttfärslimpa med ajvar och rostad sötpotatis	En näringsrik och balanserad måltid med mycket färg och smak!	Sätt ugnen på 200 grader. Skala och finhacka lök. Skala och riv vitlök. Blanda lök, vitlök, havregryn, vatten, köftekrydda, persilja, nötfärs och ägg i en bunke. Tillsätt salt och peppar. Arbeta ihop färsen och forma till en limpa. Lägg köttfärslimpan i en ugnsform och bre på ett lager med ajvar. Smula fetaost på toppen. Skala och skär sötpotatis i skivor och lägg på en ugnsplåt. Skala och riv vitlök. Ringla över olivolja, krydda med örtagårdskrydda och blanda om med riven vitlök. Ställ in köttfärslimpan och sötpotatisen i ugnen i 25 minuter. Skiva rödlök. Lägg upp bladspenat på ett fat. Lägg sötpotatisen på spenaten och blanda med rödlök och granatäppelkärnor. Hetta upp en stekpanna och rosta pumpafrön med honung. Strö på lite salt och toppa köttfärslimpan med fröna. Dekorera med persiljekvistar.	https://functionalfoods.se/wp-content/uploads/2025/02/IMG_9739.jpg	data/images/Kottfarslimpa med ajvar och rostad sotpotatis.jpg
287101	Mandelkaka med frukt	En läcker mandelkaka med frukt där näringsrikt mandelmjöl kombineras med naturligt söta aprikoser och antioxidantboostade hallon.	Sätt ugnen på 175 grader. Smält smöret i en kastrull. Blanda i alla ingredienser till smeten. Häll ner smeten i en pajform med bakplåtspapper. Skiva frukten och lägg över pajen tillsammans med mandelspån. Grädda i ugnen i 20 minuter. Låt svalna. Frys in i portionsbitar.	https://functionalfoods.se/wp-content/uploads/2025/02/IMG_2671.jpg	data/images/Mandelkaka med frukt.jpg
287097	Skaldjursgryta med torsk i gul curry	En smakrik och krämig skaldjursgryta med torsk, scampi och musslor i en fyllig kokos- och currysås.	Tina torsk, scampi och musslor. Skala och hacka lök i större bitar. Skala och riv vitlök. Skala och skiva morot. Skiva fänkål. Skär squash och paprika. Hetta upp en kastrull med olivolja. Stek lök, vitlök, fänkål, morot, squash och paprika i någon minut. Tillsätt vatten, fiskbuljongtärning, kokosmjölk, currypasta, srirachasås och dill i kastrullen. Låt puttra i 5 minuter. Skär torsken i stora bitar och strö på salt och peppar. Lägg torsk, scampi och musslor i kastrullen och låt sjuda på svag värme i 3 minuter. Lägg upp skaldjursgrytan i djupa tallrikar och toppa med purjolök. Dekorera med dillkvistar och limeklyftor	https://functionalfoods.se/wp-content/uploads/2025/02/IMG_9735.jpg	data/images/Skaldjursgryta med torsk i gul curry.jpg
287099	Laxfilé med ratatouille	En smakrik och näringsrik laxfilé med ratatouille, där den omega-3-rika laxen kombineras med en mustig grönsaksröra.	Sätt ugnen på 175 grader. Dela laxfilén i två bitar och lägg på en plåt. Strö över salt och peppar. 'Ugnsbaka i 15 minuter. Skala och skiva morot. Skala och hacka rödlök. Skala och riv vitlök. Skär squash och paprika i bitar. Hetta upp en stekpanna med olivolja. Fräs grönsakerna med lök och vitlök i några minuter. Strö på salt, peppar och örtagårdskrydda. Tillsätt krossade tomater, srirachasås och honung. Hacka basilika och blanda ner. Servera laxfilén med ratatouille och dekorera med citronskivor och persiljekvistar.	https://functionalfoods.se/wp-content/uploads/2025/02/IMG_9385.jpg	data/images/Laxfilé med ratatouille.jpg
287096	Kycklingjärpar med linssallad	Kombinationen av proteinrik kycklingfärs, fiberrika röda linser, aromatisk vitlök och näringsboost från bladspenat gör denna måltid till ett hälsosamt val med en medelhavsinspirerad touch!	Lägg grillspetten i blöt. Sätt ugnen på 200 grader. Finhacka purjolök och persilja. Skala och riv vitlöksklyfta. Riv mozzarella. Blanda purjolök, vitlök, mozzarella, persilja och kycklingfärs i en bunke. Strö på salt, peppar och örtagårdskrydda. Blanda om och forma till järpar. Trä järparna på spett. Hetta upp en stekpanna med smör och stek järparna så att de får en fin stekyta. Lägg järparna på en ugnsplåt och ställ in i ugnen i 15 minuter. Koka linserna i lättsaltat vatten i cirka 7 minuter. Häll av vattnet och lägg i en skål. Skär paprika i mindre bitar. Hacka persilja. Skala och hacka rödlök. Blanda linser, paprika, rödlök och persilja i en skål. Rör ner sambal oelek. Krydda med örtagårdskrydda och pressa citronjuice över salladen. Strö på salt och peppar. Skala och riv vitlöksklyfta. Blanda grekisk yoghurt, ajvar relish, och vitlök i en skål. Strö på salt och peppar. Lägg bladspenat på tallrikar. Lägg över linssalladen och dekorera med persilja. Servera med kycklingjärparna och ajvaryoghurten.	https://functionalfoods.se/wp-content/uploads/2025/02/IMG_9746.jpg	data/images/Kycklingjarpar med linssallad.jpg
287093	Grekisk sallad	En balanserad medelhavsinspirerad måltid full av antioxidanter, nyttiga fetter och viktiga vitaminer.	Skär tomat och paprika i bitar. Lägg i en skål. Skala och strimla rödlök och blanda ner tillsammans med oliver, olivolja och rödvinsvinäger. Krydda och blanda om. Skär fetaosten på längden och lägg över salladen. Strö på pekannötter. Dekorera med citronklyfta och persiljekvist.	https://functionalfoods.se/wp-content/uploads/2025/02/IMG_8048.jpg	data/images/Grekisk sallad.jpg
287091	Mangosmoothie med spenat	Denna smoothie är perfekt för att ge en snabb energiboost och stödja en hälsosam matsmältning.	Skala och skär ingefära i små bitar. Skala en banan och dela i tre delar. Lägg ingefära i en mixer tillsammans med banan, mango, spenat och vatten. Mixa till en smoothie. Häll upp i glas.	https://functionalfoods.se/wp-content/uploads/2025/02/IMG_4709.jpg	data/images/Mangosmoothie med spenat.jpg
287089	Äggröra med paprika	Den färska kombinationen av paprika och cocktailtomater ger en uppfriskande smak, medan rätten toppas med hackad persilja. En idealisk start på dagen!	Knäck ägg i en skål. Tillsätt grädde, salt och peppar. Hetta upp en stekpanna med smör. Häll i äggsmeten och låt stelna under omrörning på svag värme tills äggröran blivit mjukt krämig. Lägg äggröran på ett fat. Dela tomater och skiva paprika och lägg vid sidan om äggröran. Toppa med hackad persilja.	https://functionalfoods.se/wp-content/uploads/2025/02/IMG_8645.jpg	data/images/Aggrora med paprika.jpg
287085	Bananplättar med jordgubbar och kokos	Luftiga och näringsrika bananplättar med naturlig sötma från banan och nyttiga fibrer från havregryn.	Mixa banan, ägg och havregryn med en stavmixer eller i en matberedare. Blanda ner vaniljpulver. Hetta upp en stekpanna med smör. Klicka i smet i stekpannan och stek på båda sidorna till de har fått fin färg. Skär jordgubbar i bitar. Lägg plättar på en tallrik och toppa med jordgubbar, grekisk yoghurt och kokosskivor. Dekorera med myntakvist.	https://functionalfoods.se/wp-content/uploads/2025/02/IMG_9729.jpg	data/images/Bananplattar med jordgubbar och kokos.jpg
287081	Grillspett med grekisk sallad och morotstzatziki	Denna måltid kombinerar de hälsofrämjande egenskaperna hos antiinflammatorisk ingefära, probiotisk grekisk yoghurt och hjärtvänlig olivolja med färska grönsaker och en kryddstark marinad.	Blötlägg spetten i 20 minuter. Skär köttet i lagom stora bitar att trä på spett. Lägg köttet i en skål. Tillsätt ketjap manis, salt och peppar. Skala och riv vitlök och ingefära. Låt marinera i 20 minuter. Skär tomat och paprika i tärningar. Lägg i en skål. Skala och strimla rödlök. Tillsätt olivolja och rödvinsvinäger. Krydda med provencalska örter. Tillsätt oliver och smula över fetaost. Skala och riv morot. Lägg i en skål. Blanda ner grekisk yoghurt. Skala och riv vitlök och blanda ner. Salta och peppra. Hetta upp en stekpanna med olivolja. Bryn grillspetten ett par minuter. Lägg grillspetten på ett fat. Servera med grekisk sallad och morotstzatziki. Dekorera med citronklyftor och persiljekvistar.	https://functionalfoods.se/wp-content/uploads/2025/02/IMG_8043.jpg	data/images/Grillspett med grekisk sallad och morotstzatziki.jpg
287078	Torsk från mellanöstern	En balanserad kombination av protein, fibrer och antioxidanter med en autentisk, mellanösterninspirerad touch!	Tina fisken och strö på salt och peppar. Koka linserna enligt anvisningen på paketet, cirka 30 minuter. Häll av vattnet och lägg i en skål. Skär tomater i mindre bitar. Skala och finhacka rödlök (spara lite till topping). Finhacka persilja. Blanda ner tomater, lök, persilja, olivolja, citronsaft, salt och peppar i skålen med linser. Hetta upp en stekpanna med olja och bryn torsken i någon minut per sida. Häll på lite vatten och låt fisken ångkoka klart. Fördela linssalladen på tallrikar och lägg fisken över. Toppa med fetaosttärningar och finhackad rödlök. Dekorera med persiljekvistar och citronskivor.	https://functionalfoods.se/wp-content/uploads/2025/02/IMG_3525.jpg	data/images/Torsk fran mellanostern.jpg
287076	Laxsallad med vindruvor	En fräsch och näringsrik laxsallad där rökig lax kombineras med krämig avokado, söta vindruvor och fiberrikt vildris.	Koka riset enligt anvisningar på förpackningen. Skala och finhacka morot. Skala och skär avokado i tärningar. Skär paprika i tärningar. Skiva salladslöken tunt. Blanda det kokta riset med morot och avokado i en skål. Tillsätt paprika och salladslök. Salta och peppra. Pressa citronsaft över och blanda om. Dela vindruvor i halvor. Lägg rissalladen i en skål tillsammans med rökt lax och vindruvor. Skär gräslöken fint. Toppa med gräslök och citronklyfta. Lägg créme fraiche i en skål. Skala och riv vitlök fint och blanda ner. Hacka basilika och riv skalet på citronen med ett zestjärn. Blanda ner i såsen och smaka av med salt och svartpeppar. Servera salladen med basilikacréme.	https://functionalfoods.se/wp-content/uploads/2025/02/IMG_9635.jpg	data/images/Laxsallad med vindruvor.jpg
287074	Ugnsbakad kyckling med quinoasallad och chilimajonäs	En läcker rätt med proteinrik, ugnsbakad kyckling som serveras med en fräsch quinoasallad, kryddad med citron, mynta och gröna ärtor.	Sätt ugnen på 225 grader. Lägg kycklingen i en skål och strö på salt och peppar. Skala och riv vitlöksklyftan och blanda ner tillsammans med ketjap manis och örtagårdskrydda. Låt marinera i 20 min. Gör quinoasalladen genom att koka quinoa enligt anvisningen på paketet i cirka 13 minuter. Skölj och lägg i en skål. Hacka mynta. Blanda ner citronsaft, olivolja, mynta och ärtor. Skär paprika och mango i små bitar och blanda ner. Lägg kycklingen på en ugnsplåt och sätt in i ugnen i 15 minuter. Gör såsen genom att blanda majonnäs, créme fraiche och srirachasås i en skål. Skala och riv vitlök och blanda ner. Smaka av med salt och peppar. Lägg machésallad på ett fat. Lägg kycklingen ovanpå. Gröp ur granatäpplekärnor och lägg över. Servera med quinoasallad och chilimajonäs.	https://functionalfoods.se/wp-content/uploads/2025/02/IMG_4862.jpg	data/images/Ugnsbakad kyckling med quinoasallad och chilimajonas.jpg
287072	Kycklinggryta med röda linser	Rätten är full av protein, fibrer och antioxidanter, vilket gör den till ett utmärkt val för en hälsosam och mättande middag!	Skär kycklingen i mindre bitar. Strö på salt och peppar. Skala och skär sötpotatis i mindre bitar. Skala och hacka lök och riv vitlök fint. Hetta upp en stekpanna eller en gryta med olja och lägg ner kycklingen. Tillsätt sötpotatis, lök och vitlök och låt steka i några minuter. Tillsätt jalapeños, spiskummin och krossade tomater. Smula ner en buljongtärning och häll på vatten. Låt koka i 10 minuter. Tillsätt linser och låt koka i ytterligare 10 minuter. Smaka av med mer kryddor. Strö på koriander och servera med gräddfil.	https://functionalfoods.se/wp-content/uploads/2025/02/Het-kycklinggryta-med-sotpotatis-och-linser.jpg	data/images/Kycklinggryta med roda linser.jpg
287070	Havregrynsgröt med torkad frukt och äpple	Denna gröt levererar en balanserad kombination av fibrer, antioxidanter och hälsosamma fetter!	Blanda havregryn, vatten och salt i en kastrull. Koka upp och låt koka på svag värme i cirka 3 minuter under omrörning. Hacka torkade aprikoser och äpple i små bitar. Blanda ner solrosfrön och aprikoserna i gröten. Häll upp i en skål och toppa med äpple och solrosfrön. Servera med mandelmjölk.	https://functionalfoods.se/wp-content/uploads/2025/02/IMG_7198.jpg	data/images/Havregrynsgrot med torkad frukt och apple.jpg
287068	Ägghack med kalkon	Kombinationen av högkvalitativt protein, viktiga vitaminer och antioxidanter från tomat gör detta till ett utmärkt val för en energifylld och balanserad frukost.	Koka ägg och låt svalna. Dela tomat i skivor. Hacka gräslök. Hacka äggen och blanda med majonnäs, salt och peppar i en skål. Lägg upp på en tallrik och lägg på rökt kalkon, sallad och tomat. Toppa med lite gräslök.	https://functionalfoods.se/wp-content/uploads/2025/02/Agghack-med-kalkon.jpg	data/images/Agghack med kalkon.jpg
287054	Hamburgare med hummus	En näringsrik och smakfull hamburgare med hummus där protein- och fiberrika kikärtor omvandlas till en krämig hummus.	Sätt ugnen på 200 grader. Rosta kikärtor i ugnen med paprikapulver och olivolja i 15 minuter. Ta ut ur ugnen och låt rinna av på ett papper. Skär loss bladen på hjärtsalladen. Skär selleri i stavar. Skala och skär morötter i stavar. Hetta upp en stekpanna med olivolja. Bryn burgarna ett par minuter på varje sida. Krydda med paprikapulver, spiskummin, curry, salt och peppar. Låt kikärtorna rinna av i ett durkslag. Mixa kikärtor i mixer eller med stavmixer. Skala och riv vitlök. Hacka persilja. Tillsätt olivolja, curry, salt och peppar. Lägg hamburgare på ett fat tillsammans med hummus och grönsaker. Dekorera med persilja, ugnsrostade kikärtor och citronklyfta.	https://functionalfoods.se/wp-content/uploads/2025/02/IMG_7911.jpg	data/images/Hamburgare med hummus.jpg
287066	Omelett med bär	En snabb och näringsrik omelett med färska bär, där äggens protein och viktiga näringsämnen kombineras med antioxidanta och fiberrika bär.	Vispa ihop ägg i en skål. Krydda med salt och peppar. Hetta upp en stekpanna med smör och stek omeletten i några minuter på medelstark värme tills den stelnar. Lägg omeletten på en tallrik och lägg på färska bär.	https://functionalfoods.se/wp-content/uploads/2025/02/IMG_0881.jpg	data/images/Omelett med bar.jpg
287064	Bananplättar med mango och granatäpple	Denna rätt levererar en balanserad dos av fibrer, protein och antioxidanter – perfekt för en energifylld start på dagen!	Mosa bananen i en skål och knäck ner ägget. Vispa samman och blanda i vaniljpulver och salt. Hetta upp en plättlagg med smör och häll ner smeten. Grädda varje plätt i någon minut per sida. Lägg plättar på ett fat och toppa med yoghurt, mango och granatäpplekärnor. Dekorera med mynta.	https://functionalfoods.se/wp-content/uploads/2025/02/IMG_1833.jpg	data/images/Bananplattar med mango och granatapple.jpg
286971	Bärsmoothiebowl	En frisk och färgstark smoothiebowl packad med antioxidanter från olika bär och nyttiga fetter från pekannötterna.	Lägg banan, bär och mandelmjölk i en matberedare och mixa till en krämig smet. Skiva jordgubbar. Häll upp i en skål och toppa med jordgubbar, pekannötter och granatäpplekärnor.	https://functionalfoods.se/wp-content/uploads/2025/02/IMG_9153.jpg	data/images/Barsmoothiebowl.jpg
287061	Fruktsmoothie	Perfekt för en snabb energiboost och en näringsrik start på dagen!	Skala och skär ingefära i små bitar. Skala banan och dela i tre delar. Skala och skär apelsin i fyra delar. Lägg ingefäran i en mixer tillsammans med banan, apelsin och mango. Tillsätt juice från en halv lime och havremjölk. Mixa till en slät smoothie. Häll upp i glas och dekorera med en kvist mynta.	https://functionalfoods.se/wp-content/uploads/2025/02/IMG_4715.jpg	data/images/Fruktsmoothie.jpg
287059	Keso med hallon och granatäpple	Perfekt som en snabb frukost eller ett hälsosamt mellanmål som ger en balanserad kombination av protein, fibrer och antioxidanter!	Lägg keso i en skål. Toppa med hallon och granatäpple.	https://functionalfoods.se/wp-content/uploads/2025/02/Keso-med-granatapple-och-hallon-–-1-portion-.png	
287055	Mandel och citronpaj	En frisk och nötig dessert där mandelmjöl ger en hälsosam bas rik på fibrer och nyttiga fetter, medan citron tillför fräschhet och antioxidanter.	Sätt på ugnen på 200 grader. Blanda mandelmjöl och bakpulver i en skål. Vispa ihop ägg och sukrin i en annan skål och blanda ner mandelmjölet. Tillsätt citronzest och juice från citronen. Häll på olja och bred ut smeten i en liten avlång pajform med avtagbar kant. Strö på mandelspån och sätt in i mitten av ugnen i cirka 20 min. Servera med en klick vispad grädde och färska jordgubbar.	https://functionalfoods.se/wp-content/uploads/2025/02/Mandel-och-citronkaka-med-gradde.jpg	data/images/Mandel och citronpaj.jpg
287052	Lax med waldorfsallad	En fräsch och näringsrik rätt där laxen bidrar med nyttiga omega-3-fetter, medan waldorfsalladen ger krispighet och en balanserad mix av fibrer och hälsosamma fetter från valnötter.	Skala och strimla rättika och morot i tunna stavar. Skär äpple och selleri i tunna stavar. Hacka persilja och valnötter. Lägg allt i en skål tillsammans med majonnäs, crème fraiche och senap. Salta och peppra. Dela laxen i två bitar. Hetta upp en stekpanna med olivolja. Stek laxen ett par minuter på var sida. Salta och peppra. Lägg salladsblad på en tallrik. Placera waldorfsalladen på bladen tillsammans med lax. Strö på några valnötter på toppen. Dekorera med citronklyfta och persiljekvist.	https://functionalfoods.se/wp-content/uploads/2025/02/IMG_8689.jpg	data/images/Lax med waldorfsallad.jpg
287048	Kycklingfylld aubergine	En smakrik och hälsosam rätt fylld med näringsrika ingredienser. Aubergine bidrar med fibrer, medan granatäpple och pistagenötter tillför antioxidanter och nyttiga fetter.	Sätt ugnen på 200 grader. Dela aubergine och skär ut aubergineköttet. Lägg aubergine på en plåt och ringla på olivolja och strö på örtagårdsgrydda. Sätt in i ugnen i 15 minuter. Skär kyckling i mindre bitar. Finhacka persilja. Skala och riv vitlök. Blanda créme fraiche, mango chutney, vitlök, tandoorikrydda, kyckling och persilja i en skål. Smaka av med salt och peppar. Fördela röran i auberginehalvorna och toppa med smulad fetaost och granatäpple. Sätt in i ugnen i 15 minuter. Hacka pistagenötter och persilja. Toppa med pistagenötter, granatäppelkärnor och persilja.	https://functionalfoods.se/wp-content/uploads/2025/02/IMG_7973.jpg	data/images/Kycklingfylld aubergine.jpg
287046	Ugnsbakad kyckling med tzatziki och sallad	En hälsosam och smakrik ugnsbakad kyckling serveras med en fräsch grekisk sallad och krämig tzatziki.	Sätt ugnen på 200 grader. Skala och riv vitlök. Lägg kycklingen i en skål och blanda ner vitlök, ketjap manis, salt, peppar och örtagårdskrydda. Lägg på en plåt och ugnsbaka i 20 minuter. Riv vitlök och gurka till tzatzikin. Blanda ihop alla ingredienser till tzatzikin i en skål. Gör salladen genom att hälla olivolja, citronsaft och örtagårdskrydda i en stor skål. Skär alla grönsaker i mindre bitar och lägg i skålen. Hacka persilja. Tillsätt persilja, salt och peppar och blanda om. Servera kycklingen med grekisk sallad och tzatziki. Dekorera med citronklyftor och persilja.	https://functionalfoods.se/wp-content/uploads/2025/02/IMG_1523.jpg	data/images/Ugnsbakad kyckling med tzatziki och sallad.jpg
288543	Kavring med frön	Ett fiberrikt, glutenfritt och saftigt bröd med naturlig sötma från russin och brödsirap. Fröna ger både smak, textur och näring. Passar perfekt till frukost eller som mellanmål – mättande och vänlig mot magen.	Sätt ugnen på 175 grader. Blanda ihop alla ingredienser till degen i en bunke. Låt stå och svälla i några minuter. Smöra och mjöla en brödform (1,5–2 liter). Fördela smeten jämnt i formen och strö över frön. Grädda i nedre delen av ugnen i cirka 50 minuter. Låt svalna på galler.	https://functionalfoods.se/wp-content/uploads/2025/06/IMG_6729.jpg	data/images/Kavring med fron.jpg
288532	Auberginerullader med chorizo och ricottakräm	Ett rustikt och medelhavsinspirerat recept där mjuka aubergineskivor rullas med krämig ricotta och smakrik chorizo. Serveras på en bädd av spenat med saftiga tomater och krispiga pinjenötter för extra textur och smak. En härligt mättande rätt med både sting och krämighet.	Sätt ugnen på 200 grader. Skiva aubergine tunt på längden. Lägg aubergin på en bakplåtsklädd ugnsplåt. Ringla över olivolja och strö på örtagårdskrydda, salt och peppar. Ställ in i ugnen i 10 minuter. Låt svalna. Skär chorizo i bitar. Hetta upp en stekpanna med smör och stek chorizo tills den är genomstekt. Skala och finhacka rödlök. Hacka basilika. Blanda rödlök, ricottaost, pesto och basilika i en skål. Smaka av med salt och svartpeppar. Lägg 8 auberginskivor på en skärbräda. Bred på ricottakräm. Lägg bitar av chorizo längs med ena kortsidan. Rulla ihop till en rullad. Börja rulla från kortsidan där chorizon ligger. Lägg en bädd av bladspenat på botten av en mindre ugnsform. Dela cocktailtomater och lägg i formen tillsammans med rulladerna. Strö över pinjenötter. Ställ in i ugnen i cirka 10 minuter.	https://functionalfoods.se/wp-content/uploads/2025/06/IMG_1740.jpg	data/images/Auberginerullader med chorizo och ricottakram.jpg
288530	Pankopanerad scampi med fried rice	En smakrik och färgsprakande rätt där krispig pankopanerad scampi möter ett fräscht fried rice med lime, koriander och ägg. Ingefärssåsen ger en syrlig och krämig kontrast. En asiatisk-inspirerad rätt som både mättar och piggar upp.	Tina scampi. Skala och riv vitlök. Lägg tinad scampi i en skål tillsammans med olivolja och vitlök. Strö på salt och peppar och blanda om ordentligt. Låt stå och marineras medan riset tillagas. Koka råris enligt anvisningar på förpackningen och låt det svalna. Skala och riv vitlök. Strimla salladslök och röd chili. Skär paprika i små bitar. Vispa upp ägg. Hetta upp en stekpanna med 1 tsk olivolja och lägg i vitlök, paprika och råris. Stek i cirka 2 minuter under omrörning. Skjut riset åt sidan i pannan och häll i den andra teskeden olivolja. Häll i hälften av det uppvispade ägget och rör runt så att det blir som en äggröra. Blanda ihop riset med ägget. Tillsätt soja, limejuice och strö på salt och peppar. Avsluta med att blanda ner salladslök och koriander. Doppa scampi i uppvispat ägg så att de täcks ordentligt. Vänd i panko så att de får en jämn panering. Hetta upp en stekpanna med olivolja. Stek scampi i ca 2–3 minuter per sida på medelvärme tills de är gyllenbruna och krispiga. Riv ingefära och vitlök till såsen. Blanda grekisk yoghurt, ingefära, och vitlök i en skål. Smaka av med salt och peppar. Lägg fried rice i djupa skålar. Toppa medscampi och servera med ingefärasås. Strimla salladslök. Dekorera med limeklyftor, salladslök och korianderkvistar.	https://functionalfoods.se/wp-content/uploads/2025/06/IMG_1322.jpg	data/images/Pankopanerad scampi med fried rice.jpg
288502	Torskrygg med nudelsallad	En fräsch och näringsrik rätt där mild torsk möter kryddig nudelsallad med asiatisk twist. Yoghurtsåsen med ingefära och vitlök ger både smak och hälsofördelar. Perfekt som lätt lunch eller middag som känns både fräsch och mättande.	Tillaga risnudlar enligt anvisningarna på förpackningen och skölj dem sedan i kallt vatten. Strimla koriander, röd chili och purjolök och lägg i en skål. Pressa ner lime. Tillsätt risvinäger och sesamolja. Lägg ner nudlarna i skålen och blanda väl. Hetta upp en stekpanna med olivolja. Stek torsken en minut per sida. Strö på salt och peppar. Häll på vatten och ångkoka tills torsken är klar. Blanda ihop alla ingredienser till såsen och strö på salt och peppar. Lägg torsken på tallrikar tillsammans med nudelsallad och en klick sås. Halvera lime och dekorera med.	https://functionalfoods.se/wp-content/uploads/2025/06/IMG_1293.jpg	data/images/Torskrygg med nudelsallad.jpg
288437	Stekt kyckling med asiatisk tomatsallad	En smakrik, blodsockerstabil och antiinflammatorisk rätt med asiatisk twist. Kombinationen av varm stekt kyckling och sval tomat- och äppelsallad gör den både fräsch och mättande, med nyttiga fetter och en krämig sesamsås som rundar av.	Skär tomat i mindre bitar och dela cocktailtomater på mitten. Tärna äpple och finstrimla salladslök. Finhacka koriander. Blanda ihop allt i en skål. Blanda honung, äppelcidervinäger, chilikrydda, salt och peppar i en liten skål. Skala och riv vitlök och ingefära. Blanda ner hälften av vitlöken och hälften av ingefäran i vinägretten och rör om. Rör ner vinägretten i tomatsalladen. Lägg kyckling på en skärbräda och strö salt och peppar på båda sidor. Hetta upp en stekpanna med sesamolja. Stek kyckling tillsammans med resten av vitlöken och ingefäran tills den är genomstekt, cirka 3-5 minuter på varje sida (innertemperatur cirka 72°C). Blanda majonnäs, sesamolja och sweet chilisås i en liten skål. Skala och riv ingefära och tillsätt i såsen och toppa den med furekake. Lägg kycklingen i en skål och toppa med korianderkvistar. Servera tillsammans med tomatsallad och sesamsås.	https://functionalfoods.se/wp-content/uploads/2025/06/IMG_3776.jpg	data/images/Stekt kyckling med asiatisk tomatsallad.jpg
288447	Chokladmuffins	Ett nyttigare muffinsalternativ där banan och mandelmjöl ger både sötma och näring. Kakaon tillför djup chokladsmak utan tillsatt socker, och färska hallon ger syrlig friskhet. Perfekt som fika eller efterrätt med balans mellan njutning och funktion.	Sätt ugnen på 175 grader. Skala bananer och mosa i en bunke. Blanda ner ägg med de mosade bananerna. Tillsätt resterande ingredienser till muffins och blanda till en jämn smet. Fördela smeten i muffinsformar och grädda i ugnen i cirka 20 minuter. Låt svalna innan servering. Pudra florsocker över muffins och servera tillsammans med färska hallon.	https://functionalfoods.se/wp-content/uploads/2025/06/IMG_2895.jpg	data/images/Chokladmuffins.jpg
288445	Enchiladas med nötfärs och majs	En färgsprakande texmex-rätt som kombinerar protein från nötfärs, fiber från majs och antioxidanter från paprika och spenat. De kryddiga enchiladasen bakas i ugn och serveras med rostad majs och rödlök – en smakrik rätt med balanserad näring för blodsocker och mättnad.	Sätt ugnen på 200 grader. Skala och finhacka gul lök. Skala och riv vitlök. Skär paprika i små bitar. Hetta upp en stekpappa med olivolja. Fräs lök och vitlök i 1–2 minuter. Lägg i nötfärs och stek tills den är genomstekt. Tillsätt kryddmix och vatten. Låt sjuda 2–3 minuter. Rör ner paprikabitar (Spara cirka ½ dl paprika till topping). Lägg tortillabröd på en ugnsplåt med bakplåtspapper. Lägg på bladspenat och fördela sedan köttfärs över. Rulla ihop och lägg med skarven neråt. Riv ost. Strö ost och paprikabitar ovanpå rullarna. Skala och skär rödlök i klyftor. Dela majskolv på mitten. Lägg rödlöksklyftor och majs runt enchiladas på plåten. Lägg på en liten klick smör på majskolvarna och strö på salt och tajínkrydda. Ställ in i ugnen i cirka 15–20 minuter. Hacka persilja och toppa enchiladas med. Dekorera med persiljekvistar.	https://functionalfoods.se/wp-content/uploads/2025/06/IMG_2468.jpg	data/images/Enchiladas med notfars och majs.jpg
288443	Laxbiffar med mango och wasabi	Du får en näringsrik fiskrätt med asiatisk smakprofil, där laxens omega-3 balanseras med söt mango, hetta från chili och syrlig lime. Sockerärtor och wasabiyoghurt lyfter både smak och näring – perfekt för både mage och sinne.	Skär lax i mindre bitar och mixa den i en matberedare eller med en stavmixer. Skala och riv vitlök och ingefära. Finstrimla chili och salladslök. Finhacka koriander. Blanda den mixade laxen med vitlök, ingefära, chili, salladslök, koriander, teriyakisås och sesamolja i bunke. Riv över limezest och strö på salt och peppar. Forma till 2 eller 4 biffar beroende på önskad storlek. Skala mango. Strimla mango och sockerärtor på längden. Finstrimla purjolök. Hetta upp en stekpanna med olivolja. Stek laxbiffarna på medelhög värme i cirka 3–4 minuter per sida tills de får fin yta och är genomstekta. Blanda yoghurt och wasabi i en liten skål. Pressa i limesaft och smaka av med salt och peppar. Lägg upp mango och sockerärtor på tallrikar. Lägg på laxbiffar. Toppa med strimlad purjolök och wasabiyoghurt. Dekorera med limeklyftor och korianderkvistar.	https://functionalfoods.se/wp-content/uploads/2025/06/IMG_2512.jpg	data/images/Laxbiffar med mango och wasabi.jpg
288441	Paprikastekt torsk med linssallad och citronyoghurt	En lätt men mättande fiskrätt med antiinflammatoriska kryddor och syrlig citronyoghurt. Linssalladen ger lång mättnad och näring, perfekt för ett balanserat blodsocker och frisk tarmflora.	Skölj linser och lägg i en bunke. Tillsätt olivolja och strö på salt och peppar. Hacka persilja och blanda ner med linserna. Skala och grovhacka rödlök. Dela tomater på mitten. Lägg upp linssallad, rödlök och tomater på ett fat. Lägg torsk på en skärbräda och krydda båda sidor med paprikapulver, spiskummin, salt och peppar. Hetta upp en stekpanna med olivolja. Stek torsk på medelhög värme ett par minuter på båda sidor, tills den får en fin stekyta. Häll vatten i pannan och låt torsken ångkoka klart. Finhacka persilja och blanda i en liten skål tillsammans yoghurt, salt och peppar. Riv ner citronzest och pressa i citronsaft. Lägg färsk bladspenat på ett fat och lägg torsken ovanpå. Servera tillsammans med linssallad och citronyoghurt. Dekorera med myntakvistar och persiljekvistar.	https://functionalfoods.se/wp-content/uploads/2025/06/IMG_3439.jpg	data/images/Paprikastekt torsk med linssallad och citronyoghurt.jpg
288435	Köftekyckling med grönsaker och granatäpple	En smakrik och färgstark rätt med Medelhavsinfluenser som kombinerar protein, fiberrika grönsaker och antioxidanter. Perfekt för att balansera blodsockret, stödja tarmhälsa och ge långvarig mättnad.	Strimla kyckling. Skala och riv vitlök. Blanda kyckling, vitlök, köftekrydda och olivolja i en bunke. Strö på salt och peppar och låt stå i 5 minuter. Skala och grovhacka rödlök. Skär blomkål i små buketter. Tärna paprika. Hetta upp en stekpanna med olivolja och stek kyckling i cirka 5 minuter minuter tillsammans med rödlök, blomkål och paprika. Blanda i kokosmjölk. Strö på salt och peppar och rör om ordentligt. Stek på medelvärme ytterligare i några minuter till kycklingen är genomstekt. Kärna ur granatäpple, finhacka persilja och blanda ihop i en liten skål. Lägg yoghurt i en annan liten skål. Placera lite bladspenat på tallrikar och lägg sedan på köftekyckling och grönsaker. Toppa med granatäpple-och persiljeblandning. Servera med en klick grekisk yoghurt.	https://functionalfoods.se/wp-content/uploads/2025/06/IMG_0968.jpg	data/images/Koftekyckling med gronsaker och granatapple.jpg
288366	Mexikanskt nötfärsfräs	En smakrik och färgstark rätt där krispiga salladsblad fylls med proteinrikt nötfärsfräs och toppas med en frisk och sötstark yoghurtsås. Bra balans av protein, fibrer och nyttiga kryddor – perfekt för blodsockerkontroll och viktbalans.	Skala och grovhacka gul lök. Skala och riv vitlök. Skär paprika i mindre bitar. Hetta upp en stekpanna med olivolja och lägg i nötfärs, lök och vitlök. Låt stekas på medelvärme under om omrörning tills färsen är genomstekt. Tillsätt paprika, fajitakrydda, vatten, paprikapulver, salt och peppar. Blanda om och låt stekas tills paprikan har mjuknat. Avsluta med att hacka och tillsätta färsk persilja. Blanda grekisk yoghurt, sweet chilisås och saften från lime i en liten skål. Smaka av med salt och peppar. Lägg upp hjärtsalladsblad på tallrikar. Fyll bladen med nötfärsfräs. Servera tillsammans med en klick sweet chiliyoghurt. Dekorera med limeklyftor och persiljekvistar.	https://functionalfoods.se/wp-content/uploads/2025/06/IMG_4004.jpg	data/images/Mexikanskt notfarsfras.jpg
288380	Ramensoppa med tofu	Den här ramenrätten kombinerar värmande buljong, proteinrik tofu, nudlar och fiberrika grönsaker. En näringsrik måltid med asiatiska smaker som stärker immunförsvaret, stöder sköldkörteln och balanserar blodsockret – perfekt under kyligare dagar eller när kroppen behöver extra omtanke.	Koka upp en kastrull med vatten och lägg i ägg. Låt koka i 6-7 minuter. Skölj ägget i kallt vatten när det kokat klart. Skala och riv vitlök och ingefära. Strimla purjolök. Hacka grönkål och dela champinjoner i fjärdedelar. Hetta upp en kastrull med olivolja. Fräs vitlök och ingefära i någon minut. Tillsätt purjolök, grönkål och champinjoner. Låt stekas i några minuter på medelhög värme tills grönsakerna börjar mjukna. Häll i vatten och smula ner buljongtärning. Tillsätt soja, ketjap manis, risvinäger och sesamolja. Strö på salt och peppar. Låt koka upp. Sänk värmen och låt soppan sjuda i cirka 5 minuter. Koka ramennudlar enligt anvisningar på förpackningen. Tärna tofu. Skala och dela det kokta ägget på mitten. Skala och finstrimla morot och rättika. Häll upp soppa i skålar. Lägg i ramennudlar och rör om. Toppa med tofu, morot, rättika, algsallad, ägghalva, salladslök och sesamfrön. Servera med teriyakisås.	https://functionalfoods.se/wp-content/uploads/2025/06/IMG_0791.jpg	data/images/Ramensoppa med tofu.jpg
288378	Chèvresallad med blodapelsin	En näringstät och färgglad sallad som balanserar fetter, fibrer och vitaminer för blodsockerstabilitet och hormonell hälsa. Perfekt som lätt lunch eller förrätt i en blodsockervänlig livsstil.	Skala och hyvla moroten i på längden. Skiva avokado. Skala och strimla rödlök tunt. Strimla hälften av sockerärtorna på längden. Skala och skär blodapelsin i skivor. Lägg spenat i skålar. Lägg morot, rödlök, avokado, blodapelsin och sockerärtor ovanpå. Skiva chèvreost och lägg i mitten. Toppa med pistagenötter och balsamico. Dekorera med en citronskiva.	https://functionalfoods.se/wp-content/uploads/2025/06/IMG_1728.jpg	data/images/Chèvresallad med blodapelsin.jpg
288376	Ugnsbakade ägg med spenat	Ett proteinrikt och järnboostat frukost- eller lunchalternativ med låg kolhydrathalt och bra mättnad. Passar perfekt för hormonbalans, viktreglering och stabil energi hela förmiddagen.	Sätt ugnen på 175 grader. Smörj en liten ugnsform med smör. Knäck i ägg försiktigt i formen så att äggulan är intakt. Rör försiktigt ner mjölk och spenat. Riv över parmesan och strö över salt och peppar. Grädda i ugnen i cirka 10 minuter. Hacka gräslök. Toppa de bakade äggen med gräslök.	https://functionalfoods.se/wp-content/uploads/2025/06/IMG_3436.jpg	data/images/Ugnsbakade agg med spenat.jpg
288374	Chiapudding med med apelsin och mynta	En fräsch och mättande frukostpudding som kombinerar antiinflammatoriska ingredienser med blodsockerbalanserande fibrer och frisk citrus. Perfekt som del av en hormonvänlig morgonrutin.	Blanda alla ingredienserna till chiapuddingen i en liten skål på kvällen och låt stå i kylskåpet över natten. Rör om ordentlig innan servering. Skala och skär ut filéer från apelsinen. Finstrimla mynta. Toppa chiapuddingen med apelsinfiléer, färska hallon och mynta.	https://functionalfoods.se/wp-content/uploads/2025/06/IMG_3682.jpeg	data/images/Chiapudding med med apelsin och mynta.jpeg
288372	Saffransgröt med bär och granatäpple	En näringsboostad gröt med julig smak från saffran och färgstark topping. Perfekt för en antiinflammatorisk start på dagen med långvarig energi och blodsockerstabilitet.	Blanda ner alla ingredienserna till gröten i en kastrull och koka upp. Låt sjuda i några minuter och rör om då och då. Kärna ur granatäpple. Lägg gröt i en skål. Toppa gröten med granatäpplekärnor, blåbär och hallon. Strö över chiafrön och häll i mjölk.	https://functionalfoods.se/wp-content/uploads/2025/06/IMG_3957.jpg	data/images/Saffransgrot med bar och granatapple.jpg
288370	Citronkakor med chiafrön	Dessa citronkakor är ett antiinflammatoriskt och fiberrikt fikaval med fräsch smak och näringsrika frön. Perfekt till eftermiddagskaffet eller som ett energigivande mellanmål.	Sätt ugnen på 180 grader. Blanda chiafrön och vatten i en skål. Låt stå och svälla i 10 minuter. Blanda mandelmjöl, zest från en citron och bakpulver i en bunke och rör om. Rör ner chiablandningen och agavesirap. Blanda om tills det blir en deg. Forma 6 bollar av degen och lägg på en ugnsplåt med bakplåtspapper. Platta till bollarna och strö på vallmofrön. Ställ in i ugnen i 10-15 minuter till kakorna börjar få en gyllenbrun färg. Låt svalna. Förvara resterande kakor i frysen.	https://functionalfoods.se/wp-content/uploads/2025/06/IMG_0405.jpg	data/images/Citronkakor med chiafron.jpg
288368	Fläskkarré med fylld sötpotatis och citronsås	Ett näringstätt och mättande mål med balans mellan långsamma kolhydrater, kvalitetsprotein och goda fetter. Fylld sötpotatis ger fibrer och smak, medan keso-citronsåsen tillför friskhet. Perfekt middag för stabilt blodsocker och långvarig energi.	Sätt ugnen på 200 grader. Skölj och nagga sötpotatis. Lägg sötpotatis i en ugnsform med bakplåtspapper och grädda den i ugnen i cirka 1 timme. Hacka persilja och rosmarin. Mosa fetaost i en skål och blanda med persilja, rosmarin, honung, salt och peppar. Ställ fyllning åt sidan. Mixa keso slät med en stavmixer. Lägg i en liten skål och smaksätt med citronsaft, salt och peppar. Lägg fläskkarré på en skärbräda och strö på salt, peppar och timjan på båda sidor. Hetta upp en stekpanna med smör på medelhög värme. Lägg i köttet när pannan är riktigt varm. Stek cirka 3–4 minuter per sida tills de får fin gyllenbrun yta och genomstekta. Fyll sötpotatisen med fetaostfyllningen. Lägg en bädd av spenat på tallrikar. Lägg fläskkarré ovanpå. Servera tillsammans med fylld sötpotatis och citronsås. Dekorera med citronklyftor och rosmarinkvistar.	https://functionalfoods.se/wp-content/uploads/2025/06/IMG_2202.jpg	data/images/Flaskkarré med fylld sotpotatis och citronsas.jpg
288363	Riswrap med philadelphiaost och lax	Rulla ihop tunt skivad gurka, krämig färskost och rökt lax i rispapper med smakrik pesto och basilika. Ett fräscht, antiinflammatoriskt och blodsockerstabilt mål – perfekt som lunch eller lätt middag.	Skiva gurka tunt på längden. Blötlägg rispapper en och en i cirka 20 sekunder. Lägg dem sedan omlott två och två på en skärbräda. Lägg gurkskivorna på rad över risbladen. Bred philadelphiaost på gurkskivorna och lägg skivad lax ovanpå. Bred på grön pesto och toppa med basilikablad. Rulla ihop risbladen till en wrap. Blötlägg ändarna av risbladen om det behövs så att wrapen ska hålla ihop. Dela wrap på mitten och lägg upp på fat. Toppa med sesamfrön.	https://functionalfoods.se/wp-content/uploads/2025/06/IMG_0375.jpg	data/images/Riswrap med philadelphiaost och lax.jpg
288361	Kycklingbullar med soltorkade tomater	Saftiga kycklingbullar med smak av soltorkade tomater simmar i en krämig gräddsås med grönsaker och örter. En näringsrik och mättande rätt med antiinflammatorisk profil.	Skala och riv vitlök. Skala och finhacka gul lök. Finhacka soltorkade tomater och persilja. Blanda kycklingfärs, ägg, vitlök, gul lök, soltorkade tomater och persilja i en skål. Krydda med örtagårdskrydda, salt och peppar och blanda om ordentligt. Forma små bollar av färsen. Strimla haricots verts och grillad paprika. Skala och grovhacka rödlök. Skala och riv vitlök. Hetta upp olivolja i en stekpanna och stek kycklingbullar på medelhög värme tills de får en fin gyllene yta. Lägg därefter över bullarna i en gryta tillsammans med haricots verts, grillad paprika, rödlök och vitlök. Fräs tillsammans i ett par minuter. Häll i vatten och grädde, smula ner buljongtärningen och låt alltsammans sjuda på låg värme i cirka 10–15 minuter, eller tills kycklingbullarna är helt genomstekta och såsen har tjocknat något. Smaka av med salt och peppar. Grovhacka persilja och tillsätt tillsammans med bladspenat mot slutet av tillagningen. Servera i skålar och riv över parmesanost. Dekorera med persiljekvistar.	https://functionalfoods.se/wp-content/uploads/2025/06/IMG_2234.jpg	data/images/Kycklingbullar med soltorkade tomater.jpg
288359	Oneplate ugnsbakad kyckling och rödbetor	En enkel, ugnsbakad allt-i-ett-rätt med saftig kyckling, söta rödbetor och syrlig citron. Toppen med rostade frön ger både crunch och näring – ett perfekt antiinflammatoriskt mål.	Sätt ugnen på 200 grader och klä en ugnsplåt med bakplåtspapper. Skala och skär rödbetor i klyftor och lägg på ena sidan av ugnsplåten. Strö salt, peppar och 1/2 tsk örtagårdskrydda över betorna och ringla över hälften av olivoljan. Skala och riv ner vitlök i en bunke. Tillsätt ketjap manis, salt, peppar och resten av örtagårdskryddan och olivoljan. Lägg ner kyckling i marinaden och blanda om. Skär citron i tunna skivor och lägg på en rad bredvid betorna på ugnsplåten. Lägg kycklinglårfiléer ovanpå citronskivorna. Ställ i ugnen i 20 minuter tills kycklingen är genomstekt. Rosta solrosfrön och pumpakärnor i en torr stekpanna till de får en gyllenbrun färg. Rör om ofta så de inte bränns. Toppa den färdiga kycklingen med rostade frön och kärnor. Dekorera med färsk timjan.	https://functionalfoods.se/wp-content/uploads/2025/06/IMG_4059.jpg	data/images/Oneplate ugnsbakad kyckling och rodbetor.jpg
288357	Poke Bowl med pankopanerad tofu	En näringsrik, färgsprakande bowl med proteinrik tofu, fiberrika grönsaker och en krämig chilisås. Perfekt för balanserad mättnad och antiinflammatorisk boost.	Koka quinoa enligt anvisningarna på förpackningen och låt svalna. Strimla vitkål och hacka mynta. Blanda vitkål och mynta med sesamolja, risvinäger, salt och peppar i en skål. Skiva avokado. Skala och finstrimla morot. Strimla salladslök. Skala mango. Skär mango, gurka och tofu i kuber. Häll panko på en tallrik. Vispa upp ägg i en skål och vänd tofu först i ägg och därefter i panko. Hetta upp en stekpanna med olivolja och stek de panerade tofubitarna tills de är gyllenbruna. Skala och riv vitlök. Blanda majonnäs, creme fraiche, srirachasås och vitlök i en liten skål. Kärna ur granatäpple. Lägg quinoa som bas i djupa tallrikar. Lägg sedan på kålsallad, avokado, morot, salladslök, mango, gurka och tofu. Toppa med granatäpplekärnor, inlagd ingefära och sesamfrön. Servera med chilisås.	https://functionalfoods.se/wp-content/uploads/2025/06/IMG_0781.jpg	data/images/Poke Bowl med pankopanerad tofu.jpg
288355	Grönsakspankaka med asiatisk sås	Näringstät, glutenfri grönsakspannkaka rik på fibrer och hälsosamma fetter. Serveras med en asiatisk sås som stödjer matsmältningen och ger extra smak och näring.	Skala och riv morot. Riv squash och vitkål. Finhacka purjolök. Blanda squash, morot, vitkål och purjolök i en skål. Pressa ur överflödig vätska med hushållspapper. Tillsätt mandelmjöl, fiberhusk, ägg, salt och peppar. Blanda om ordentligt. Hetta upp en stekpanna med olivolja. Lägg grönsakssmet i stekpannan och platta ut till en pannkaka. Stek på medelvärme i cirka 3-4 minuter på varje sida eller tills pannkakan fått en fin färg och en krispig yta. Vänd pannkakan försiktigt med hjälp av två stekspadar. Skala och riv ingefära. Blanda soja, risvinäger, sesamolja, honung och ingefära i en liten skål och rör om. Finhacka purjolök. Lägg grönsakspannkaka på en tallrik och toppa med sesamfrön och purjolök. Servera med asiatisk sås.	https://functionalfoods.se/wp-content/uploads/2025/06/IMG_2381.jpg	data/images/Gronsakspankaka med asiatisk sas.jpg
288349	Vallmogröt med apelsinfiléer	En värmande gröt med frön, havre och citrusfrukt som ger en näringsrik start på dagen. Kombinationen av fibrer, fett och syra skapar ett balanserat mål för energi och blodsockerstabilitet.	Blanda ner alla ingredienserna till gröten i en kastrull och låt koka upp. Låt gröten sjuda i några minuter och rör om då och då. Skär av skalet på apelsinen och skär ut apelsinfiléer. Lägg gröt i en skål. Toppa gröten med apelsin och valnötter. Häll i mjölk och ringla över olivolja.	https://functionalfoods.se/wp-content/uploads/2025/06/IMG_3960.jpg	data/images/Vallmogrot med apelsinfiléer.jpg
288347	Kokos- och jordgubbssmoothie med bovetegranola	En krämig smoothie som kombinerar frukt, protein och hälsosamma fetter för att ge en bra start på dagen eller ett återhämtningsmål. Enkel att mixa ihop och full av smak och näring.	Lägg banan, jordgubbar, kokosdryck och yoghurt i en blender och mixa till en slät smoothie. Häll smoothie i ett glas och toppa med granola. Skiva jordgubbe och banan. Dekorera smoothie med skivor av jordgubbe, banan och kokos.	https://functionalfoods.se/wp-content/uploads/2025/06/IMG_3698.jpeg	data/images/Kokos- och jordgubbssmoothie med bovetegranola.jpeg
288345	Chiapudding med jordgubbssylt och pistagenötter	En näringstät och lätt frukost eller mellanmål som ger stabil energi och håller blodsockret i schack. Perfekt för dig som vill förbereda något enkelt men kraftfullt i förväg.	Blanda alla ingredienserna till chiapuddingen i en liten skål på kvällen och låt stå i kylskåpet över natten. Rör om ordentlig innan servering. Lägg jordgubbssylt på chiapuddingen. Hacka pistagenötter och strö över. Dekorera med en färsk jordgubbe.	https://functionalfoods.se/wp-content/uploads/2025/06/IMG_3662.jpeg	data/images/Chiapudding med jordgubbssylt och pistagenotter.jpeg
288281	Morotskaka med havregryn och chiafrön	En saftig och fiberrik morotskaka som mättar och stillar sötsuget – perfekt till frukost eller fika. Med naturligt sötade ingredienser och näringsrika toppers får du en balanserad bit som både smakar gott och gör gott för kroppen.	Sätt ugnen på 175 grader. Blanda chiafrön och mandelmjölk och i en skål. Låt stå och svälla i 10 minuter. Mosa banan i en bunke. Riv morot. Hacka valnötter. Smält kokosolja i en kastrull. Blanda ner kokosolja, agavesirap, ägg och vaniljpulver i bunken med banan. Tillsätt riven morot, chiablandningen och rör om. Rör ihop havregryn, bakpulver, kanel och salt i en separat bunke. Häll ner de torra ingredienserna i bunken med de blöta ingredienserna. Rör om ordentligt och avsluta med att röra ner de hackade valnötterna. Häll smeten i en bakplåtsklädd ugnsform (cirka 30x10 cm) och ställ in i ugnen i cirka 30 minuter. Låt svalna helt. Blanda ihop philadelphiaost och agavesirap i en skål. Riv ner apelsinzest. Dela kakan i två delar. Bredfrostingen på den undre delen av kakan och lägg sedan på den övre delen.	https://functionalfoods.se/wp-content/uploads/2025/06/IMG_0422.jpg	data/images/Morotskaka med havregryn och chiafron.jpg
288279	Entrecote med sparris och ärtpesto	En näringspackad tallrik med saftig entrecote, fräsch sparris och krispiga granatäpplekärnor. Tillsammans med den milda ärtpeston får du en balanserad måltid som främjar både mättnad, matsmältning och antiinflammatorisk effekt.	Lägg entrecote på en skärbräda och strö salt och peppar på båda sidor. Skär av nedre delen på sparris och kärna ut granatäpple. Hetta upp en stekpanna med ½ msk smör. Stek sparris på medelhög värme i cirka 5 minuter. Vänd på sparrisen i pannan då och på. Strö på salt och peppar. Lägg sparris åt sidan och håll den varm under foliepapper. Hetta upp en annan stekpappa med smör. Stek entrecote på hög värme i cirka 2–3 minuter på varje sida. Sänk värmen och lägg i färsk rosmarin i pannan tillsammans med köttet. Stek i ytterligare någon minut (för medium rare). Tag köttet från värmen och låt vila i cirka 5 minuter. Skala och riv vitlök. Lägg ärtor, solrosfrön och vitlök i en bunke. Pressa ner citronsaft. Häll ner olja lite i taget och mixa samtidigt till en slät sås med en stavmixer. Smaka av med salt och svartpeppar. Klyfta citron. Lägg entrecote och sparris på tallrikar. Toppa sparris med granatäpplekärnor. Servera tillsammans med ärtpesto. Dekorera med citronklyftor och rosmarinkvistar.	https://functionalfoods.se/wp-content/uploads/2025/06/IMG_4052.jpg	data/images/Entrecote med sparris och artpesto.jpg
288277	Lövbiff med stekta grönsaker och pestoyoghurt	En färgstark rätt med mycket smak, full av protein och grönsaker. Perfekt för dig som vill äta antiinflammatoriskt, näringstätt och samtidigt hålla blodsockret stabilt.	Lägg lövbiff på en skärbräda och strö på salt och peppar på båda sidor. Strimla lövbiff och bacon. Skala och riv vitlök. Skala och grovhacka rödlök. Strimla fänkål och skiva champinjoner. Tärna squash och paprika. Hetta upp en stekpanna med olivolja och lägg i lövbiff, bacon, lök och grönsaker. Strö på salt och svartpeppar. Låt steka under omrörning på medelhög värme till grönsakerna har mjuknat och lövbiff och bacon fått en fin färg. Strimla salvia och strö över. Riv ner citronzest. Blanda grekisk yoghurt, majonnäs, röd pesto och örtagårdskrydda i en liten skål. Smaka av med salt och peppar. Servera lövbiff med bacon och stekta grönsaker tillsammans med en klick pestosås.	https://functionalfoods.se/wp-content/uploads/2025/06/IMG_1581.jpg	data/images/Lovbiff med stekta gronsaker och pestoyoghurt.jpg
288275	Laxgratäng med blomkålsmos	En näringstät gratäng med saftig lax och krämigt blomkålsmos full av örter. Perfekt för dig som vill hålla kolhydraterna nere och fylla kroppen med antiinflammatoriska fetter och gröna blad.	Sätt på ugnen på 200 grader. Bryt ner blomkålsbuketter i en kastrull och täck med vatten. Koka blomkål tills den är mjuk. Häll av vattnet. Smula ner buljongtärning. Mixa blomkålen slät med en stavmixer och krydda med salt och peppar. Rör ner creme fraiche. Hacka gräslök och dill och rör ner i moset. Lägg laxfilé på en skärbräda och strö på salt och peppar på båda sidor. Ringla olivolja på botten av en liten ugnsform. Lägg färsk spenat i botten av ugnsformen och laxfilé ovanpå. Lägg blomkålsmos runt om laxen och grädda i ugnen i cirka 20 minuter. Servera fiskgratängen med färsk spenat.	https://functionalfoods.se/wp-content/uploads/2025/06/IMG_4016.jpg	data/images/Laxgratang med blomkalsmos.jpg
288273	Tonfisksallad med rödbetsröra	En färgstark och näringstät sallad som kombinerar protein från tonfisk och ägg med rödbetans antioxidanter och nyttiga fetter från avokado. Ett perfekt val för hjärna, hjärta och långvarig mättnad.	Koka ägg i 8–9 minuter tills hårdkokta. Skölj i kallt vatten. Skala och dela ägg på hälften. Koka haricots verts i lättsaltat vatten i cirka 1–2 minuter. Skala och tärna rödbetor smått. Skala och finhacka rödlök. Finhacka persilja. Lägg rödbetor, rödlök, persilja och kapris i en skål. Tillsätt olivolja, salt och peppar och blanda om väl. Skala morot och skär i remsor med en potatisskalare. Skiva avokado. Häll av tonfisk. Skala och strimla rödlök tunt. Lägg en bädd av bladspenat i djupa tallrikar. Lägg på rödbetsröra och tonfisk. Lägg sedan morot, avokado, haricots verts och ägg på tallrikarna. Toppa med strimlad rödlök och furikake. Dekorera med citronklyftor.	https://functionalfoods.se/wp-content/uploads/2025/06/IMG_2866.jpg	data/images/Tonfisksallad med rodbetsrora.jpg
288270	Kycklingfärstimbaler med färskost och sweet chili	Smakrika och saftiga timbaler fyllda med het ingefära, krämig färskost och söt chili. Serveras med stekta morotsstrimlor och bladspenat för extra näring. En balanserad rätt som stärker immunförsvaret, ger lång mättnad och stödjer matsmältningen.	Sätt ugnen på 200 grader. Smörj 4 muffinsformar med olivolja. Skala och riv ingefära. Lägg kycklingfärs i en skål och tillsätt ingefära, salt, peppar och örtagårdskrydda. Fyll muffinsformar med färs och gör en fördjupning i mitten. Finhacka paprika och lägg i botten av timbalerna. Blanda färskost och sweet chili i en liten skål. Strö på salt och peppar. Fyll timbalerna med färskostkrämen och toppa med pinjenötter. Ställ in i ugnen i 15 minuter. Skala och hyvla morot. Skala och riv vitlök och ingefära. Hetta upp en stekpanna med olivolja. Stek morot tills den får lite färg. Tillsätt ingefära, vitlök och sesamolja och stek ytterligare i några minuter. Strimla purjolök. Lägg upp timbaler på tallrikar. Lägg sedan upp bladspenat med den stekta moroten ovanpå och toppa med strimlad purjolök. Dekorera med persiljekvistar.	https://functionalfoods.se/wp-content/uploads/2025/06/IMG_1283.jpg	data/images/Kycklingfarstimbaler med farskost och sweet chili.jpg
288268	Vegetarisk paprikapasta med citron	En smakrik och lättlagad vegetarisk rätt fylld med fiberrika grönsaker och fräsch citron. Paprika och fänkål ger sötma och näring, medan citron och persilja lyfter smaken. En perfekt vardagsmiddag med antiinflammatoriska fördelar och energi som håller.	Koka upp en kastrull med vatten och lite salt. Lägg i pasta och koka enligt anvisning på förpackningen. Skala och riv vitlök. Skala och finhacka rödlök. Skär paprika i mindre bitar. Strimla fänkål och hacka persilja. Hetta upp en stekpanna med olivolja. Stek rödlök, vitlök, paprika och fänkål på medelvärme till grönsakerna mjuknat. Ta stekpannan från värmen och blanda i ner kokt pasta, persilja och riv över citronzest. Smaka av med salt och peppar. Lägg upp vegetarisk paprikapasta i djupa tallrikar. Toppa med parmesanost och dekorera med persiljekvistar.	https://functionalfoods.se/wp-content/uploads/2025/06/IMG_0829.jpg	data/images/Vegetarisk paprikapasta med citron.jpg
288266	Havrevåffla med jordgubbssylt och vaniljkeso	En näringsrik våffla med fiber och protein från havre, vita bönor och keso. Toppad med sötma från jordgubbssylt och rund vaniljsmak. Perfekt som balanserad frukost eller helgbrunch med stöd för blodsocker och mättnad.	Vispa ihop hälften av mjölken med havremjöl och ägg i en bunke. Tillsätt sen resten av mjölken samt salt, kardemumma och bakpulver. Låt smeten stå och svälla i minst 20 minuter. Skölj bönorna och mixa dem till en slät puré. Mixa ihop keso, honung och vaniljpulver med en stavmixer. Lägg upp i en liten skål för servering. Vispa ner de mixade bönorna i våffelsmeten. Smörj ett våffeljärn med smör och grädda våfflor tills de fått en gyllenbrun yta. Öppna inte våffeljärnet för tidigt utan låt dem gräddas en stund innan du kontrollerar gräddningen. Lägg upp våfflan på en tallrik. Toppa med en klick vaniljkeso och jordgubbssylt. Dekorera med myntakvist.	https://functionalfoods.se/wp-content/uploads/2025/06/IMG_3975.jpg	data/images/Havrevaffla med jordgubbssylt och vaniljkeso.jpg
288262	Proteingröt med äpple	En näringstät frukostgröt med extra protein från ägg och naturlig sötma från russin och äpple. Perfekt för stabil energi, god tarmhälsa och en bra start på dagen.	Blanda havregryn, vatten, salt, kanel, kardemumma, pumpakärnor och russin i en kastrull och låt koka upp. Låt gröten sjuda i några minuter och rör om då och då. Knäck ner ägg i gröten och rör om. Låt sjuda ytterligare i några minuter tills gröten blivit krämig. Strimla äpple i tunna skivor. Lägg gröt i en skål. Toppa gröten med äpple, russin och pumpafrön och häll i mjölken.	https://functionalfoods.se/wp-content/uploads/2025/06/IMG_3954.jpg	data/images/Proteingrot med apple.jpg
288260	Äggröra med sockerärtor	En fräsch och näringsrik frukost som kombinerar krämig äggröra med krispiga grönsaker. Perfekt för dig som vill ha en lätt men mättande start på dagen med mycket protein och fibrer.	Strimla sockerärtor på längden. Skiva rädisa tunt. Vispa ihop ägg och grädde i en bunke. Strö på salt och peppar. Hetta upp en stekpanna med smör på låg värme. Häll ner äggsmeten och rör om tills äggröran blivit mjukt krämig. Hacka persilja. Lägg sockerärtor på ett fat och lägg rädisor ovanpå. Lägg äggröra bredvid sockerärtorna och toppa med persilja.	https://functionalfoods.se/wp-content/uploads/2025/06/IMG_3432.jpg	data/images/Aggrora med sockerartor.jpg
288258	Stekt ägg med kalkon och senapsmajonnäs	En proteinrik frukost som håller dig mätt och stödjer blodsockerkontroll. Kombinationen av ägg, kalkon och senapsmajonnäs ger både smak och näring – perfekt start på dagen.	Hetta upp en stekpanna med olivolja. Knäck ner ägg försiktigt så äggulan inte spricker. Stek på låg värme tills äggvitan är genomstekt. Finhacka gräslök. Blanda majonnäs, senap och gräslök i en liten skål. Smaka av med salt och peppar. Lägg upp ägg och kalkon på en tallrik. Lägg på en klick senapsmajonnäs och toppa med hackad gräslök.	https://functionalfoods.se/wp-content/uploads/2025/06/IMG_4008-kopia.jpg	data/images/Stekt agg med kalkon och senapsmajonnas.jpg
288255	Yoghurt med bovetegranola och sylt	En snabb frukost som kombinerar protein, fibrer och antioxidanter – perfekt för att hålla blodsockret stabilt och ge långvarig energi.	Lägg yoghurt i en skål. Lägg sedan på granola, keso och sylt.	https://functionalfoods.se/wp-content/uploads/2025/06/1-e4d04834.jpg	data/images/Yoghurt med bovetegranola och sylt.jpg
288253	Jordgubbssylt	En frisk, naturligt sötad sylt som boostar med antioxidanter och fibrer. Perfekt på frukostgröten, till yoghurt eller som ett nyttigt pålägg.	Koka upp jordgubbarna med vatten. Låt koka i 5 minuter. Rör ner agavesirap och mosa med potatisstöt eller mixa med stavmixer för slät sylt. Blanda ner chiafrön och häll i en glasburk. Servera när den svalnat något eller är helt kall.	https://functionalfoods.se/wp-content/uploads/2025/06/IMG_3987.jpg	data/images/Jordgubbssylt.jpg
288250	Blodapelsin med vit chokladkräm	En fräsch och färgstark dessert som kombinerar antioxidantrik blodapelsin med krämig vit choklad. En liten, lyxig avslutning med näring för både immunförsvar och njutning.	Skala blodapelsin noga så att allt det vita runt fruktköttet försvinner. Skär blodapelsin i tunna skivor. Bryt chokladen i bitar och smält den försiktigt på låg värme i en kastrull. Låt chokladen svalna lite. Rör ihop choklad med philadelphiaost till en slät kräm. Lägg blodapelsinskivor på tallrikar. Lägg en klick av philadelphiakrämen på blodapelsinerna. Toppa med färska björnbär.	https://functionalfoods.se/wp-content/uploads/2025/06/IMG_1488.jpg	data/images/Blodapelsin med vit chokladkram.jpg
288248	Lövbiffsrullad med ugnsrostade rödbetor	En näringstät rätt som kombinerar järnrikt kött med rödbetor för cirkulation och återhämtning. Getost och pinjenötter adderar hälsosamma fetter och smakdjup – en balanserad måltid med funktionella fördelar för muskler, blodkärl och mättnad.	Sätt ugnen på 200 grader. Skala rödbetorna och skär dem i klyftor. Lägg rödbetor på en bakplåtsklädd ugnsplåt. Ringla över olivolja och strö på örtagårdskrydda, salt och peppar. Ställ in i ugnen i cirka 20–30 minuter tills de är mjuka och har fått fin färg. Lägg skivor av lövbiff på en skärbräda och strö salt och peppar på båda sidor. Bred på tomatmarmelad på köttet. Smula över getost och lägg på basilikablad. Rulla ihop lövbiff till rullader. Lägg bladspenat i en liten ugnsform och lägg sedan rullader ovanpå spenaten. Strö över pinjenötter och ställ in i ugnen i cirka 15–20 minuter tills köttet är genomstekt. Strimla soltorkade tomater. Lägg rullader och ugnsbakade rödbetor på tallrikar. Toppa betorna med soltorkade tomater. Dekorera med basilikakvistar.	https://functionalfoods.se/wp-content/uploads/2025/06/IMG_2114.jpg	data/images/Lovbiffsrullad med ugnsrostade rodbetor.jpg
288246	Hamburgare med fetaostkräm och rostad sötpotatis	En mättande och smakrik måltid där sötpotatis ersätter bröd. Fetaostkräm ger sälta och syra, medan högrevsburgaren bidrar med protein. En balanserad rätt som främjar blodsockerstabilitet, mättnad och näringsupptag.	Sätt ugnen på 200 grader. Skala och skär sötpotatis i 4 skivor, cirka 1-2 cm tjocka. Lägg sötpotatisskivor på en ugnsplåt med bakplåtspapper. Strö över salt och peppar och ringla över olivolja. Ställ in i ugnen i cirka 15 minuter. Mixa ihop fetaost, yoghurt och pesto till en kräm med en stavmixer. Skala och finstrimla rödlök. Skiva tomat. Hetta upp en stekpanna med smör. Stek hamburgare på medelvärme tills de är genomstekta och fått fin färg. Lägg sötpotatisskivor på tallrikar. Lägg hamburgare på en skiva sötpotatis. Toppa burgarna med tomat, lök och fetaostkräm. Lägg skivor av sötpotatis på toppen av burgarna. Servera tillsammans med rucolasallad. Dekorera med basilikakvistar.	https://functionalfoods.se/wp-content/uploads/2025/06/IMG_3791.jpg	data/images/Hamburgare med fetaostkram och rostad sotpotatis.jpg
288244	Halstrad tonfisk med grönsaker och sesamdressing	En fräsch, näringstät rätt med krispiga grönsaker, proteinrik tonfisk och en asiatisk sesamdressing. Rätten ger en bra balans av antioxidanter, omega-fetter och högkvalitativt protein – perfekt för en hälsosam, hormonvänlig vardag.	Lägg tonfisk på en skärbräda och strö på salt och peppar på båda sidor. Skär broccoli i små buketter och tärna paprika. Skär gurka i tunna halvmånar. Finstrimla purjolök. Lägg alla grönsakerna i en skål. Skala och riv vitlök och ingefära och lägg i en liten skål. Pressa i limesaft. Blanda i ketjap manis, srirachasås, soja, sesamolja och sesamfrön. Häll dressingen över grönsakerna och blanda om väl. Hetta upp en stekpanna med olivolja och stek tonfisk cirka 30-40 sekunder på varje sida. Hacka koriander. Lägg upp grönsaker på tallrikar och placera halstrad tonfisk ovanpå. Toppa med hackad koriander och furikakekrydda.	https://functionalfoods.se/wp-content/uploads/2025/06/IMG_0290.jpg	data/images/Halstrad tonfisk med gronsaker och sesamdressing.jpg
288242	Tacokyckling med blomkålssallad	Kryddig och saftig kyckling kombineras med ugnsrostade grönsaker och en krämig mangoyoghurt. Rätten ger ett balanserat intag av protein, fiber och nyttiga fetter – perfekt för hormonbalans, blodsockerstabilitet och mättnad.	Sätt ugnen på 175 grader. Blanda tacokrydda och olivolja och gnid in kycklingklubbor. Lägg kycklingklubbor på en ugnsplåt med bakplåtspapper. Ställ in i ugnen i cirka 40 minuter tills kycklingen är genomstekt. Skär blomkål i småbuketter. Tärna paprika och grovhacka rödlök. Lägg grönsaker och lök i en ugnsform med bakplåtspapper och ringla över olivolja. Strö på salt och peppar. Ställ in i ugnen i 10 minuter. Finhacka gräslök. Blanda grekisk yoghurt, majonnäs, mango chutney och hälften av gräslöken i en liten skål. Smaka av med salt och peppar. Tärna avokado. Blanda avokado och majs tillsammans med de varma grönsakerna i en skål. Strö över gräslök och riv över zest från lime. Strimla salladslök. Lägg en bädd av bladspenat på botten av en stor djup tallrik. Lägg i kycklingklubbor och toppa med salladslök. Dekorera med limehalvor. Servera tacokyckling med blomkålssallad.	https://functionalfoods.se/wp-content/uploads/2025/06/IMG_1578.jpg	data/images/Tacokyckling med blomkalssallad.jpg
288240	Kalkonbolognese med morotspasta	En näringstät variant av klassisk bolognese med mager kalkonfärs, fibrer från morotspasta och smakrika örter. Kombinationen av grönsaker och protein ger en balanserad rätt som passar både matsmältning och hormonbalans.	Skala och finhacka gul lök. Skala och riv vitlök. Dela champinjoner i fjärdedelar. Tärna bacon. Hetta upp en stekpanna med olivolja och lägg i kalkonfärs, bacon, lök och vitlök. Stek på medelhög värme under omrörning tills färsen är genomstekt. Blanda ner tomatpuré och torkade örter. Strö på salt och svartpeppar. Tillsätt krossade tomater, vatten och smula ner buljongtärning. Blanda om och låt koka upp. Rör ner grädde och smaka av med salt och peppar. Låt koka på svag värme i cirka 10 minuter. Skala morot. Svarva spagetti av morot med en spirulizer eller hyvla tagliatelle med en potatisskalare. Hacka persilja och lägg i en skål tillsammans med morotspastan. Strö på lite salt och svartpeppar och blanda om. Lägg kalkon bolognese och morotspasta i djupa tallrikar och toppa med parmesanost. Dekorera med kvistar av basilika och timjan.	https://functionalfoods.se/wp-content/uploads/2025/06/IMG_4026.jpg	data/images/Kalkonbolognese med morotspasta.jpg
288238	Minestronesoppa	En värmande och näringstät soppa fylld med färgglada grönsaker och mättande bönpasta. Perfekt som en lätt, balanserad måltid med mycket fiber, växtbaserat protein och antioxidanter.	Skala och grovhacka lök. Skala och riv vitlök. Skala morot. Skär morot, paprika och squash i lika stora bitar. Hetta upp en kastrull med olivolja. Lägg lök, vitlök och grönsaker i kastrullen och fräs i några minuter. Strö på salt, peppar och torkad basilika. Blanda i buljong och tomatpuré. Tillsätt vatten. Koka upp och lägg sedan i pasta. Låt koka tills pastan är färdig. Hacka persilja och blanda ner i soppan tillsammans med srirachasås. Lägg upp minestronesoppa i djupa tallrikar och dekorera med persiljekvistar.	https://functionalfoods.se/wp-content/uploads/2025/06/IMG_9845.jpg	data/images/Minestronesoppa.jpg
288236	Linssallad med fetaost och pekannötter	En färgglad, näringsrik sallad full av växtbaserat protein, friska grönsaker och krämig feta. Pekannötter ger ett mättande crunch medan olivoljedressingen tillför goda fetter och smak. Utmärkt för hormonbalans, immunförsvar och blodsockerstabilitet.	Skölj linserna noga och koka dem enligt anvisningarna på förpackningen. Låt linserna svalna. Finhacka paprika. Skala och riv vitlök. Hacka persilja. Blanda olivolja, balsamico, vitlök och honung i en liten skål. Blanda ned örtagårdskrydda, salt och svartpeppar. Lägg linserna i en skål. Tillsätt paprika, och persilja. Häll dressingen över salladen och blanda om ordentligt. Tärna fetaost. Dela cocktailtomater på hälften. Grovhacka pekannöt. Lägg upp linssallad i en djup tallrik. Lägg sedan upp rucola, strimlad morot och cocktailtomater på sidan av salladen. Toppa med fetaost och pekannötter.	https://functionalfoods.se/wp-content/uploads/2025/06/IMG_0223-2.jpg	data/images/Linssallad med fetaost och pekannotter.jpg
288234	Bananpannkaka med keso, blåbär och mango	En lättlagad och näringsrik frukost med naturligt sötma från frukt, protein från keso och ägg samt extra näring från bär och frön. Perfekt för en stabil och pigg start på dagen.	Mosa banan i en skål. Knäck i ägg och vispa ihop till en smet. Blanda i vaniljpulver och salt. Hetta upp en stekpanna med smör. Häll ut smet till små pannkakor i pannan. Stek på medelvärme cirka 1–2 minuter per sida eller tills de fått en fin färg och lätt går att vända. Skär mango i små kuber. Lägg upp bananpannkakor på en tallrik. Toppa med keso, blåbär och mango. Strö över pumpakärnor.	https://functionalfoods.se/wp-content/uploads/2025/06/IMG_2365.jpg	data/images/Bananpannkaka med keso, blabar och mango.jpg
288232	Ugnsbakad gröt	En värmande och mättande frukost full med fibrer, nyttiga fetter och långsam energi. Perfekt för att kickstarta dagen med stabilt blodsocker och fokus.	Sätt ugnen på 200 grader. Blanda havregryn, mjölk, vatten, ägg, salt och vaniljpulver i en bunke och häll sedan över i en liten ugnsform. Kärna ur päron, skär i tunna klyftor och tryck ner i gröten. Ställ in i ugnen i cirka 25 minuter tills gröten får en gyllenbrun yta. Skär päron i klyftor. Grovhacka valnötter. Lägg päronklyftor på gröten och ringa över honung. Strö på valnötter och servera med havremjölk.	https://functionalfoods.se/wp-content/uploads/2025/06/IMG_1308.jpg	data/images/Ugnsbakad grot.jpg
288230	Äggröra med kalkon och granatäpple	En proteinrik och färgstark frukost med antioxidanter och nyttiga fetter som ger energi och balanserar blodsocker och hunger.	Kärna ur granatäpple och lägg kärnorna i en liten skål. Blanda ägg och grädde i en skål. Strö på salt och peppar. Hetta upp en stekpanna med smör. Häll i äggröran i pannan och rör om på svag värme tills äggröran blivit mjuk och krämig. Lägg en bädd av bladspenat i en skål. Lägg på äggröra och kalkonskivor. Toppa med granatäpplekärnor och dekorera med en persiljekvist.	https://functionalfoods.se/wp-content/uploads/2025/06/IMG_4011.jpeg	data/images/Aggrora med kalkon och granatapple.jpeg
288228	Yoghurt med bovetegranola och aprikos	En enkel och näringstät frukost eller mellanmål med protein, fibrer och vitaminer som stödjer både tarmhälsa och energi under dagen.	Lägg yoghurt i en skål och strö på granola. Skär aprikos i klyftor och lägg i yoghurtskålen.	https://functionalfoods.se/wp-content/uploads/2025/06/a663bf24-541c-4bce-baf1-dc839f0422a6.jpg	data/images/Yoghurt med bovetegranola och aprikos.jpg
288226	Kesofralla med ost och paprika	Ett näringstätt frukost- eller mellanmålsalternativ med lång mättnad från keso, frön och ost. Paprika bidrar med färg, crunch och en immunstärkande boost.	Dela kesofrallan på häften. Skär paprika i skivor. Bred ett tunt lager smör på frallan och lägg sedan på skivor av ost och paprika.	https://functionalfoods.se/wp-content/uploads/2025/06/IMG_2829.jpg	data/images/Kesofralla med ost och paprika.jpg
288221	Varm tacosallad	En näringstät sallad som kombinerar protein från kött och yoghurt med fiberrika grönsaker och kryddor. Ger långvarig mättnad, stödjer immunförsvaret och håller blodsockret stabilt.	Skala och riv vitlök. Skala och grovhacka gul lök. Skär blomkål i små buketter och haricots verts i bitar. Skär paprika i små bitar. Hacka persilja. Hetta upp en stekpanna med olivolja. Lägg i nötfärs tillsammans med lök, vitlök och stek under omrörning i 1–2 minuter. Tillsätt blomkål, haricots verts och paprika. Låt stekas tills färsen är genomstek och grönsakerna mjuknat. Häll i tacokrydda och vatten. Blanda om ordentligt och låt steka på svag värme i cirka 3 minuter. Strö på salt, peppar och hackad persilja. Lägg avslutningsvis i cocktail tomater och låt dem bli varma. Lägg en bädd av spenat på tallrikar. Lägg på den varma tacoblandningen. Toppa med grekisk yoghurt och jalapeñoskivor. Dekorera med persiljekvistar.	https://functionalfoods.se/wp-content/uploads/2025/06/IMG_2085.jpg	data/images/Varm tacosallad.jpg
288187	Yoghurt med bär och bovetegranola	En enkel och näringsrik frukost eller mellanmål som kombinerar protein, fibrer och antioxidanter. Denna skål är snäll mot magen, boostar immunförsvaret och håller dig mätt längre.	Lägg yoghurt i en skål och strö på granola. Servera med färska blåbär och hallon.	https://functionalfoods.se/wp-content/uploads/2025/05/IMG_6043.jpg	data/images/Yoghurt med bar och bovetegranola.jpg
288223	Pistagekakor	Näringstäta kakor som kombinerar nötter, frön och dadlar för ett proteinrikt, fiberrikt och energigivande mellanmål. Perfekt som söt men funktionell fika eller pre-workout-snack.	Mixa pistagenötter, pumpakärnor, dadlar, havregryn och jordnötssmör till en deg i en matberedare eller med en mixerstav. Tillsätt lite vatten om blandningen känns för torr. Lägg bitar av bakplåtspapper i 10–12 muffinsformar av silikon. Dela degen i 10–12 delar och tryck ner deg i formarna. Ställ in formarna i kylen. Smält choklad i en skål över en kastrull med varmt vatten. Ta formarna ur kylen och häll smält choklad över degen. Strö över hackade pistagenötter och pumpakärnor. Ställ tillbaka formarna i kylen och låt stå tills chokladen har stelnat helt.	https://functionalfoods.se/wp-content/uploads/2025/06/IMG_2543.jpg	data/images/Pistagekakor.jpg
288211	Lövbiffsrullader med cheddar och coleslaw	Du fyller lövbiff med cheddar, grillad paprika och saltgurka och rullar ihop till saftiga rullader som får en gyllene stekyta i pannan. Under tiden blandar du en krispig coleslaw med vitkål, paprika, rödlök och en krämig dressing.	Strimla grillad paprika. Grovhacka saltgurka. Lägg ut lövbiffskivor på en skärbräda. Strö på salt och peppar på båda sidorna. Lägg cheddarost, grillad paprika och saltgurka på varje skiva. Rulla ihop lövbiffen från kortsidan så att fyllningen hålls på plats. Fäst rulladerna med en tandpetare. Strimla vitkål, paprika och rödlök tunt. Hacka persilja. Blanda majonnäs och crème fraiche i en skål. Tillsätt de strimlade grönsakerna och persilja. Blanda om och smaka av med salt och svartpeppar. Hetta upp en stekpanna med olivolja. Stek rulladerna på medelhög värme tills de får en fin stekyta runt om och tills osten har smält. Rosta kikärtor i torr stekpanna. Hacka saltgurka, persilja och rostade kikärtor. Lägg upp coleslaw på tallrikar. Lägg rullader ovanpå och toppa med saltgurka, persilja och kikärtor. Dekorera med persiljekvistar.	https://functionalfoods.se/wp-content/uploads/2025/05/IMG_0759.jpg	data/images/Lovbiffsrullader med cheddar och coleslaw.jpg
288209	Lax- och broccolipaj	Du bakar ett smakrikt pajskal på mandelmjöl och sesamfrön, fyller det med saftig lax, broccoli, spenat och purjolök och toppar med en krämig äggstanning. Osten smälter fint i ugnen och jalapeñon ger ett litet sting. Den här näringstäta pajen passar perfekt till lunch eller middag, med fina fördelar för hjärna, hjärta och hormonbalans. Servera med en fräsch grönsallad.	Sätt ugnen på 175°C. Blanda mandelmjöl, sesamfrön, fiberhusk och salt i en skål. Tillsätt smör och ägg. Blanda ihop till en deg. Tryck ut degen i en pajform (ca 24 cm i diameter). Förgrädda pajskalet i cirka 10 minuter tills det fått en fin färg. Skär laxen i bitar. Skär broccoli i små buketter. Strimla purjolök och grovhacka jalapeño. Vispa ihop ägg, mjölk, grädde, salt, svartpeppar och örtagårdskrydda. Lägg lax, broccoli, spenat, jalapeño och purjolök i pajskalet. Häll över äggstanningen och toppa med riven ost. Ställ in pajen i ugnen i cirka 30 minuter eller tills pajen har fått en fin färg och äggstanningen har stelnat. Låt pajen svala innan servering. Servera lax- och broccolipaj tillsammans med grönsallad.	https://functionalfoods.se/wp-content/uploads/2025/05/IMG_0813.jpg	data/images/Lax- och broccolipaj.jpg
288205	Panerad torsk med blomkålsris	Krispig torsk möter ett friskt blomkålsris smaksatt med mynta, lime och grapefrukt. Den syrliga yoghurtsåsen lyfter smakerna och färska blad ger rätten en fräsch finish. Perfekt för dig som vill främja ämnesomsättning, stärka immunförsvaret och känna dig mätt längre.	Riv blomkål. Finhacka mynta. Lägg blomkål i en skål tillsammans med mynta och sesamolja. Strö på salt och peppar. Dela grapefrukt på mitten. Pressa juicen från halva grapefrukten över blomkålsriset och filéa den andra halvan. Pressa ner limejuice i en liten skål och finhacka mynta. Tillsätt yoghurt, mynta och honung i skålen och rör om. Knäck ägg i en djup tallrik och häll crumbs på en tallrik. Vispa ägget lätt med en gaffel. Doppa torsk i ägg och panera sedan med crumbs. Strö på salt och peppar. Hetta upp en stekpanna med olivolja och stek torsken ett par minuter på varje sida, tills den får en fin färg. Skär lime i klyftor. Lägg upp blomkålsris på tallrikar tillsammans med torsk och yoghurtsås. Riv citronzest över torken. Servera tillsammans med bladspenat och filéer av grapefrukt. Dekorera med limeklyftor och myntakvistar.	https://functionalfoods.se/wp-content/uploads/2025/05/IMG_1597.jpg	data/images/Panerad torsk med blomkalsris.jpg
288203	Italiensk kycklinggratäng med mozzarella	Kycklinglår får smakdjup av tomatsås med vitlök, basilika och örter. Saften från tomaterna, den smälta mozzarellan och ugnens hetta skapar en mustig gratäng. Serverad med rucola och färsk basilika – en rätt som mättar, stärker och smakar Italien.	Sätt ugnen på 200 grader. Skala och finhacka gul lök. Skala och riv vitlök. Hacka basilika. Hetta upp olivolja i en kastrull. Stek lök och vitlök på medelvärme i cirka 1–2 minuter. Tillsätt krossade tomater, honung, örtagårdskrydda, salt och peppar. Låt såsen sjuda på svag värme i cirka 10 minuter. Rör ner den hackade basilikan. Smörj en ugnsform med olivolja. Lägg i kycklinglårfilé och strö på salt och peppar. Skär mozzarella i skivor. Strimla soltorkade tomater. Skala och finhacka rödlök. Häll tomatsåsen över kycklingen i formen och lägg skivor av mozzarella ovanpå. Strö över rödlök, soltorkade tomater och cocktailtomater. Ställ formen i ugnen i cirka 20 minuter, tills kycklingen är genomstekt och osten har smält. Toppa rätten med basilikablad och servera med rucolasallad.	https://functionalfoods.se/wp-content/uploads/2025/05/IMG_2193.jpg	data/images/Italiensk kycklinggratang med mozzarella.jpg
288201	Kycklingwok med teriyakisås och cashewnötter	En färgstark och smakrik wok fylld med krispiga grönsaker, saftig kyckling och en söt-salt teriyakisås. Cashewnötter ger crunch och nyttiga fetter medan lime och koriander tillför fräschör. Perfekt för en snabb vardagsmiddag med funktionella fördelar för immunförsvar, mättnad och blodsockerbalans.	Strimla kyckling. Skala och riv vitlök. Skala och skär lök och morot i lika stora bitar. Tärna paprika och squash. Hetta upp en panna med olja. Stek kycklingen tills den är genomstekt. Lägg ner alla grönsaker i pannan och stek i ett par minuter tillsammans med kycklingen. Tillsätt teriyakisås. Pressa över juice ur limen och strö på salt och peppar. Hacka och strö över koriander. Finstrimla purjolök. Lägg upp kycklingwok i skålar och toppa med korianderblad, purjolök och cashewnötter.	https://functionalfoods.se/wp-content/uploads/2025/05/IMG_2255.jpg	data/images/Kycklingwok med teriyakisas och cashewnotter.jpg
288199	Tofugryta med blomkålsris	En växtbaserad gryta där kokosmjölk, röd curry och lime lyfter smakerna. Servera med näringsrikt blomkålsris för en måltid med låg kolhydratsnivå.	Skär tofu i stora tärningar och panera med majsmjöl, salt och peppar. Hetta upp en stekpanna med olivolja. Stek tofu tills den blir gyllenbrun. Riv blomkål och finhacka mynta. Lägg blomkål och mynta i en skål tillsammans med sesamolja. Strö på salt och peppar. Skala och finhacka gul lök. Skala och riv vitlök och ingefära. Hetta upp en stekpanna med olivolja. Stek lök och ingefära tills de får lite färg. Tillsätt röd currypasta och srirachasås. Låt steka ytterligare i en minut. Häll på kokosmjölk, honung och soja. Pressa i limejuice och låt puttra ett par minuter. Strimla salladslök. Toppa tofugrytan med sesamfrön och salladslök. Servera tillsammans med blomkålsris. Dekorera med en myntakvistar.	https://functionalfoods.se/wp-content/uploads/2025/05/IMG_1569.jpg	data/images/Tofugryta med blomkalsris.jpg
288193	Kesotortilla med tomat, pesto och kalkon	En glutenfri och proteinrik kesotortilla som mättar bra och är enkel att göra. Tortillan blir ett näringsrikt alternativ till bröd – perfekt till lunch eller frukost. Passar dig som vill äta lätt, men näringsrikt.	Sätt ugnen på 175 grader. Mixa alla ingredienser till tortillan i en bunke med en stavmixer. Klä en ugnsplåt med bakplåtspapper. Häll ut smeten i två cirklar på ugnsformen. Grädda i 20-30 minuter. Skiva tomat och strimla kalkon. Lägg upp kesotortilla på tallrikar. Toppa med tomat, pesto och kalkon. Dekorera med basilikablad.	https://functionalfoods.se/wp-content/uploads/2025/05/IMG_1403.jpg	data/images/Kesotortilla med tomat, pesto och kalkon.jpg
288197	Rökt lax med ägghack	Ett snabbt, mättande och antiinflammatoriskt frukost- eller lunchalternativ. Kombinationen av lax, ägg och majonnäs ger både protein, bra fetter och lång mättnad – perfekt för hormonbalans och jämnt blodsocker.	Koka äggen och skölj i kallt vatten. Skala och hacka äggen och lägg i en skål. Blanda ner majonnäs, salt och peppar. Servera med rökt lax och tomat. Dekorera med persilja.	https://functionalfoods.se/wp-content/uploads/2025/05/IMG_5525.jpg	data/images/Rokt lax med agghack.jpg
288191	Tropisk smoothie med kokosmjölk	En fräsch och uppiggande smoothie med tropisk smak som stödjer matsmältningen och ger snabb energi. Perfekt som mellanmål eller som del av en energirik frukost. Går utmärkt att förbereda och förvara i kylen.	Skala och skär ananas och banan i bitar. Skalaoch riv ingefära. Lägg ananas, banan, ingefära, kokosmjölk och pressa ner limejuice i en blender. Mixa på hög hastighet tills den är helt slät och krämig. Tillsätt vatten till en bra konsistens. Häll upp i glas. Smoothien kan förvaras i en tät, stängd flaska i kylen i upp till 2 dagar.	https://functionalfoods.se/wp-content/uploads/2025/05/IMG_1616.jpg	data/images/Tropisk smoothie med kokosmjolk.jpg
288189	Smoothiebowl med spirulina och havre	En fräsch, färgstark bowl laddad med näring från superfoods som spirulina och havre. Perfekt som frukost eller återhämtning efter träning. Mättar bra, stärker immunförsvaret och ger en jämn energi hela förmiddagen.	Mixa banan, mango, mandelmjölk, havregryn, jordnötssmör, agave och spirulinai en blender eller med en stavmixer. Hacka papaya i små tärningar. Häll upp smoothie i en skål och toppa med, havregryn, hampafrön, papaya och granatäpplekärnor.	https://functionalfoods.se/wp-content/uploads/2025/05/IMG_1407.jpg	data/images/Smoothiebowl med spirulina och havre.jpg
288185	Kesofralla med färskost och gurka	En snabb och fräsch macka som passar perfekt till frukost eller mellanmål. Protein från keso och färskost i kombination med fiberrik fralla ger mättnad och energi – samtidigt som gurkan tillför krispighet och vätska.	Dela kesofrallan på häften. Skiva gurka. Bred på ett lager philadelphia på frallan och lägg på gurkskivor. Dekorera med en persiljekvist.	https://functionalfoods.se/wp-content/uploads/2025/05/IMG_2825.jpg	data/images/Kesofralla med farskost och gurka.jpg
288180	Köttfärswrap med röd curry och äpple	En smakrik och fräsch wrap med hetta från curry och chili, balanserat med sötman från äpple. Kombinationen av protein, frukt, och yoghurt gör detta till ett näringsrikt mål. Enkel att förbereda och perfekt som matlåda eller picknickmat!	Skala och grovhacka lök. Strimla purjolök. Kärna ur och finhacka äpple. Finhacka röd chili. Hetta upp en stekpanna med olivolja. Lägg i nötfärs, gul lök och röd curry och stek under omrörning tills färsen är genomstekt. Tillsätt purjolök, äpple, röd chili, tomatpuré, sweet chili och vatten. Låt sjuda några minuter och smaka av med salt och peppar. Avsluta med att blanda i jordnötter. Blanda grekisk yoghurt och sweet chili i en liten skål. Strö på salt och peppar. Hacka tomat i små bitar. Ta fram tortillabröd och lägg på salladsblad. Lägg därefter på köttfärsröran och rulla ihop tortillan till en wrap. Toppa med hackad tomat och chiliyoghurt. Dekorera med persiljekvistar.	https://functionalfoods.se/wp-content/uploads/2025/05/IMG_0863.jpg	data/images/Kottfarswrap med rod curry och apple.jpg
288178	Biff med sötpotatis	En mättande rätt med god balans mellan protein, långsamma kolhydrater och grönsaker. Sötpotatisen ger sötma och fibrer, medan ryggbiffen tillför järn och protein – en perfekt middag för dig som vill ha näringstät mat utan att tumma på smaken.	Sätt ugnen på 200 grader. Skala och skär sötpotatis i tunna bitar. Lägg sötpotatisen på en ugnsplåt med bakplåtspapper och häll på olivolja, salt, peppar och örtagårdskrydda. Blanda om och ställ in i ugnen i cirka 25 minuter. Lägg ryggbiff på en skärbräda. Strö salt, peppar och örtagårdskrydda på båda sidorna av köttet. Hetta upp en stekpanna med smör. Stek ryggbiff på hög värme på båda sidor tills den fått fin färg, cirka 2 minuter per sida. Strimla rödlök. Dela cocktailtomater på hälften. Lägg upp rucolasallad på tallrikar och lägg tomater och rödlök ovanpå. Lägg sedan upp ryggbiff och sötpotatis och toppa med bearnaisesås.	https://functionalfoods.se/wp-content/uploads/2025/05/IMG_0113.jpg	data/images/Biff med sotpotatis.jpg
288176	Tonfiskröra med rödbetor	En fräsch och näringsrik lunch eller lätt middag med tonfiskröra som serveras i salladsblad. Rätten kombinerar protein och fibrer med rödbetans naturliga sötma. Enkel att förbereda och perfekt att ta med som matlåda!	Skala och finhacka rödlök. Skär rödbetor och gurka i små tärningar. Hacka persilja. Häll av tonfisk och lägg i en skål tillsammans med grekisk yoghurt och majonnäs. Blanda om ordentligt. Rör ner rödlök, rödbetor, gurka och hackad persilja. Smaka av med salt och peppar. Strimla rödbetsskivor och skiva gurka. Lägg salladsblad på tallrikar och fyll dem med tonfiskröra. Toppa med kapris och strimlad rödbeta. Dekorera med gurkskivor och persiljekvistar.	https://functionalfoods.se/wp-content/uploads/2025/05/IMG_2217.jpg	data/images/Tonfiskrora med rodbetor.jpg
287044	Vegetarisk currygryta med panéer	En varm och mustig vegetarisk currygryta med panéer, full av näringsrika grönsaker och en antioxidantboost från granatäpplekärnor.	Skala och hacka lök och finhacka vitlök. Skär panéer i kuber. Hetta upp en stekpanna med olja och lägg ner lök och vitlök. Låt steka i någon minut och tillsätt panéerna, curryblandningen och kokosmjölk. Låt koka ihop och smaka av med salt och peppar. Låt sjuda på svag värme i 10 minuter. Skala och skär morot i mindre bitar. Skär paprika i mindre bitar. Skär broccoli och blomkål i buketter. Lägg ner grönsakerna i grytan och låt allt bli varmt. Servera i skålar och toppa med purjolök och granatäppelkärnor.	https://functionalfoods.se/wp-content/uploads/2025/02/Vegetarisk-Kerala-Curry-gryta-med-panee.jpg	data/images/Vegetarisk currygryta med panéer.jpg
287042	Omelett med hallon	Perfekt för en snabb frukost eller mellanmål med både sötma och näring!	Vispa ihop ägg, salt och peppar i en skål. Hacka frysta hallon. Hetta upp en stekpanna med smör och häll ner smeten. Lägg på hallon och stek omeletten på svag värme i några minuter. Lägg upp på en tallrik och servera med yoghurt. Dekorera med en myntakvist.	https://functionalfoods.se/wp-content/uploads/2025/02/IMG_5826.jpg	data/images/Omelett med hallon.jpg
287038	Äggröra med lax	En snabb och proteinrik äggröra med lax som kombinerar näringsrika ägg och omega-3-rik lax. Rätten har också en frisk touch av citron och dill.	Vispa ihop ägg, grädde, salt och peppar i en skål. Hetta upp en stekpanna med smör och häll ner smeten. Rör om i cirka en minut på låg värme. Lägg salladsblad på en tallrik och lägg på äggröra och lax. Dekorera med citronskiva och dillkvist.	https://functionalfoods.se/wp-content/uploads/2025/02/Aggrora-med-rokt-lax.jpg	data/images/Aggrora med lax.jpg
287036	Havrefralla med morötter och torkade aprikoser	Hemgjord havrefralla är en fiberrik och bra frukost!	Dela frallan i mitten. Servera med valfritt pålägg.	https://functionalfoods.se/wp-content/uploads/2025/01/IMG_2699.jpg	data/images/Havrefralla med morotter och torkade aprikoser.jpg
286972	Havrefrallor med morötter och aprikoser	Nyttiga frallor med mycket fiber och hälsosamma fetter från havre, frön och morötter.	Sätt ugnen på 200 grader. Skala och riv morot grovt. Hacka aprikoserna. Lägg i en skål med alla ingredienser. Blanda ihop och forma till avlånga bullar. Lägg på en bakplåtsklädd plåt och strö på hampafrön. Grädda i ugnen i cirka 20 minuter. Låt svalna och förvara i frysen.	https://functionalfoods.se/wp-content/uploads/2025/01/IMG_2679.jpg	data/images/Havrefrallor med morotter och aprikoser.jpg
287033	Jordgubbar och mango med vit chokladkräm	En fräsch och söt dessert med antioxidantrika jordgubbar, näringsrik mango och krämig vit chokladkräm.	Skär mango i bitar, dela jordgubbar och lägg på ett fat. Smält vit choklad i en skål i mikron. Blanda ner philadelphiaost. Klicka på chokladkräm på fatet och dekorera med en myntakvist.	https://functionalfoods.se/wp-content/uploads/2025/01/IMG_5162.jpg	data/images/Jordgubbar och mango med vit chokladkram.jpg
287031	Asiatiska köttbullar med nudelsallad	En perfekt balanserad och hälsosam måltid med både protein och färgstarka grönsaker!	Börja med att göra nudelsalladen. Koka glasnudlar enligt anvisningen på förpackningen. Häll av vattnet och skölj i kallt vatten. Finhacka chili. Strimla purjolök. Skala och riv vitlök och ingefära. Skär paprika och sockerärtor i strimlor. Skala och skär moroten i strimlor. Hetta upp en stekpanna med olja och lägg ner chili, ingefära, vitlök, purjolök och alla grönsaker i någon minut. Häll på teriyakisås och smaka av med salt och peppar. Ställ åt sidan och blanda ner nudlarna. Finhacka chili och purjolök till köttbullarna. Skala och riv vitlök och ingefära. Blanda alla ingredienser till köttbullarna i en bunke. Forma till små bollar. Hetta upp en stekpanna med rapsolja och stek i några minuter. Lägg upp nudlarna i en skål och servera med köttbullarna. Toppa med färsk koriander.	https://functionalfoods.se/wp-content/uploads/2025/01/IMG_7543.jpg	data/images/Asiatiska kottbullar med nudelsallad.jpg
287029	Turkiska lammfärsspett med raita och sallad	En smakrik och näringsrik måltid med proteinrika lammfärsspett, serverade med probiotisk raita och en fiberrik bulgursallad.	Koka bulgur enligt anvisningen på förpackningen. Skala och finhacka rödlök. Skala och skär morot i små tärningar. Finhacka persilja. Lägg bulgur i en skål och blanda ner rödlök, morot och persilja. Pressa ned citronjuice och tillsätt olivolja. Salta och peppra. Dela tomater, lägg över salladen och smula över fetaost. Gör raitan genom att finhacka gurka och lägg i en skål. Skala och finhacka morot. Hacka persilja. Tillsätt yoghurt, salt, peppar och torkad vitlök/persiljekrydda. Lägg lammfärsen i en bunke. Skala och finhacka gul lök och riv vitlök. Finhacka persilja. Blanda ner i färsen och salta och peppra. Blanda ner köftekrydda. Forma till avlånga biffar. Trä dom på spett. Hetta upp en stekpanna med olivolja. Bryn lammfärsspetten ett par minuter och rotera så att alla sidor blir stekta. Servera med salladen och raitan. Dekorera med citronklyftor och persiljekvistar.	https://functionalfoods.se/wp-content/uploads/2025/01/IMG_1968.jpg	data/images/Turkiska lammfarsspett med raita och sallad.jpg
287027	Lax med fetaost och rostade rotfrukter	Rätten erbjuder omega-3, antioxidanter och fibrer, vilket gör den både hälsosam och mättande. Perfekt för en balanserad middag!	Sätt ugnen på 200 grader. Lägg laxfilén på en ugnsplåt med bakplåtspapper. Strö på salt och peppar. Smula över osten och strö på pumpafrön. Strö på örtagårdskrydda. Skala och skär sötpotatis och palsternacka i mindre bitar och lägg i en skål. Dela brysselkålen och blanda ner med olivolja och kryddor. Lägg blandningen runt laxen och gratinera i 20 minuter. Strö på lite färsk timjan.	https://functionalfoods.se/wp-content/uploads/2025/01/Lax-med-fetaost-och-rostad-sotpotatis-och-brysselkal.jpg	data/images/Lax med fetaost och rostade rotfrukter.jpg
287025	Torskrygg med ägghack och sparris	Proteinrik fisk, antioxidantrika granatäpplekärnor och fibrer från sparris gör detta till en balanserad och hälsosam måltid.	Sätt ugnen på 175 grader. Dela torskryggen i två bitar. Strö på salt och svartpeppar. Lägg i en ugnsform och ugnsbaka i 15 minuter. Skala och finhacka äggen och lägg i en skål tillsammans med majonnäs. Strö på salt och peppar. Koka sparris i lättsaltat vatten i 2 minuter. Häll av vattnet och lägg sparris på tallrikar. Lägg på torsk och ägghack. Strö över granatäpplekärnor. Skär äggen i klyftor och lägg vid sidan om. Dekorera med dillkvistar.	https://functionalfoods.se/wp-content/uploads/2025/01/IMG_9509.jpg	data/images/Torskrygg med agghack och sparris.jpg
287023	Kycklingröra med örter och tomat	En fräsch och smakrik kycklingröra fylld med antioxidantrika tomater, probiotisk yoghurt och färska örter.	Bena ur kycklingen, hacka i mindre bitar och lägg i en bunke. Skala och finhacka rödlök och riv vitlök. Hacka tomater och soltorkade tomater i mindre bitar. Finhacka basilika och persilja. Häll i ingredienserna tillsammans med kycklingen. Tillsätt örtagårdskrydda, grekisk yoghurt och majonnäs. Rör samman ingredienserna och smaka av med salt och peppar. Dela upp hjärtsalladen och lägg ut bladen på ett fat. Fördela kycklingröran på bladen. Toppa med persilja.	https://functionalfoods.se/wp-content/uploads/2025/01/IMG_7600.jpg	data/images/Kycklingrora med orter och tomat.jpg
287018	Päronsallad med chevréost	En fräsch och näringsrik sallad med bladgrönt, fibrer och hälsosamma fetter.	Skär paprika i små tärningar. Skala och hacka rödlöken fint. Skala och riv eller strimla moroten fint. Dela päronet och skär i tunna skivor. Lägg spenaten i en djup tallrik. Fördela alla grönsakerna i skålen och lägg chevréosten över. Toppa med pekannötter, torkade tranbär och balsamvinäger.	https://functionalfoods.se/wp-content/uploads/2025/01/IMG_7492.jpg	data/images/Paronsallad med chevréost.jpg
286970	Tropisk Smoothiebowl	En läcker smoothiebowl med tropisk smak och mycket näring från frukt och nötter!	Lägg mango, ananas och banan i en matberedare och mixa till en krämig smet. Häll på lite mandelmjölk och mixa till en bra konsistens. Skär mango i bitar. Gröp ur passionsfrukt. Hacka pistagenötter. Häll upp i en skål och toppa med mango, passionsfrukt, kokosskivor och pistagenötter.	https://functionalfoods.se/wp-content/uploads/2025/01/IMG_9149.jpg	data/images/Tropisk Smoothiebowl.jpg
286991	Kycklinggryta med bakad spetskål	Mustiga grönsaker och kryddor ger rätten både rik smak och näring, toppat med rostad lök och en klick yoghurt.	Sätt ugnen på 200 grader. Skär spetskålen i fyra klyftor och lägg på en ugnsplåt. Ringla olivolja över och strö på salt och peppar. Sätt in i ugnen i 15-20 minuter. Skala och hacka gul lök och skiva rödlök. Skala och riv vitlöken. Skär paprika och tomat i mindre bitar. Strö på salt och peppar på kycklingen och skiva korven. Hetta upp en stekpanna med olja och lägg ner kyckling, korv, vitlök och gul lök. Låt steka i några minuter och krydda med örtagårdskrydda. Hacka timjan. Lägg ner tomater, hönsbuljongtärning, ajvar relish, oliver, timjan och blanda om. Häll på vatten och sätt på ett lock. Tillsätt paprika och rödlök och låt steka  i några minuter. Tillsätt blandningen i grytan. Låt grytan koka i ytterligare 30 minuter. Servera kycklinggrytan med spetskål och toppa med rostad lök och yoghurt. Dekorera med färsk timjan.	https://functionalfoods.se/wp-content/uploads/2025/01/Kycklinggryta-med-spetskal.jpg	data/images/Kycklinggryta med bakad spetskal.jpg
287000	Laxburgare med krämig grönsaksröra	En smakrik och hälsosam laxburgare med en fräsch krämig grönsaksröra fylld av proteinrika sojabönor och antioxidant-rika ingredienser.	Skär laxen i bitar. Strimla salladslök. Lägg ner fisk, hälften av salladslöken, ingefära och vitlök i en matberedare. Krydda med salt och peppar och pressa ner limesaft. Mixa till en jämn färs och forma till 2 biffar. Doppa i sesamfrön. Koka sojabönor snabbt och lägg i en skål. Skiva sugarsnaps och salladslök och lägg i skålen. Blanda ner resten av ingredienserna. Spara lite kräftstjärtar till dekoration. Hetta upp en stekpanna med olja och bryn laxbiffarna i 4-5 minuter per sida på svag värme. Strö på furikakekrydda. Servera med bladspenat och den krämiga grönsaksröran. Toppa med granatäpplekärnor, kräftstjärtar och salladslök. Dekorera med en limeklyfta.	https://functionalfoods.se/wp-content/uploads/2025/01/Asiatisk-lax-med-kramig-sallad.jpg	data/images/Laxburgare med kramig gronsaksrora.jpg
287016	Nudelsoppa med grönsaker	En värmande och kryddig nudelsoppa full av vitaminrika grönsaker, antioxidanter och smakrika kryddor.	Skala och riv vitlök och ingefära. Strimla salladslök. Skala och strimla moroten. Skär broccoli och blomkål i mindre bitar. Finhacka chili. Hetta upp en kastrull med olja och tillsätt vitlök, chili, ingefära och salladslök. Strö på salt, peppar och curry mango krydda. Smula ner en buljongtärning och häll på vatten och ketjap manis. Lägg ner nudlar och låt koka i 3-4 minuter. Lägg ner alla grönsaker och låt allt bli varmt. Häll upp i skålar och toppa med färsk koriander och jordnötter.	https://functionalfoods.se/wp-content/uploads/2025/01/Gronsakswok-med-nudlar.jpg	data/images/Nudelsoppa med gronsaker.jpg
287014	Omelett med champinjoner	En näringsrik och proteinrik omelett med smakrika champinjoner och gräslök. Ägg ger mättnad och essentiella näringsämnen, medan svampen bidrar med antioxidanter och fibrer.	Skiva champinjoner och stek i smör i några minuter. Strö på salt och peppar. Vispa ihop ägg i en skål. Krydda med salt och peppar. Hetta upp en stekpanna med smör och stek omeletten i någon minut på medelstark värme. Hacka gräslök. Vik ihop omeletten på en tallrik och toppa med stekta champinjoner och gräslök.	https://functionalfoods.se/wp-content/uploads/2025/01/Omelett-med-champinjoner.jpg	data/images/Omelett med champinjoner.jpg
287009	Mangoglass	En frisk och enkel mangoglass med antioxidantrik mango, probiotisk yoghurt och naturlig sötma från honung.	Mixa samman ingredienserna i en blender och servera i två glas.	https://functionalfoods.se/wp-content/uploads/2025/01/Mangoglass.jpg	data/images/Mangoglass.jpg
287007	Köttfärsbiffar med stekt blomkål	Rätten är fylld med antioxidanter från vitlök och tomater, hälsosamma fetter från olivolja och fiberrika grönsaker. Detta skapar en balanserad och mättande måltid.	Blanda ihop grekisk yoghurt med röd pesto till en sås och ställ åt sidan. Skär blomkålen i skivor. Hetta upp enstekpanna med olivolja. Stek blomkålsskivorna i några minuter på varje sida. Skala och hacka gul lök. Skala och riv vitlök. Blanda nötfärs med lök, vitlök och ketjap manis i en skål. Krydda med salt, peppar och örtagårdskrydda. Blanda och forma till två biffar. Hetta upp en stekpanna och stek biffarna i smör. Sänk värmen innan biffarna är helt genomstekta. Häll på vatten och låt biffarna få ångkoka klart. Placera blomkålsskivorna på tallrikar. Lägg biffarna ovanpå blomkålen. Skär tomater i klyftor och lägg vid sidan om. Servera med pestosås och dekorera med persiljekvistar.	https://functionalfoods.se/wp-content/uploads/2025/01/IMG_4735.jpg	data/images/Kottfarsbiffar med stekt blomkal.jpg
287005	Squashspagetti med köttfärssås	En lätt och hälsosam twist på klassisk pasta där squash ersätter spagetti för en fiberrik och näringsrik måltid.	Skala moroten och skär i tärningar. Skär selleri i små tärningar. Hetta upp en stekpanna med olivolja. Stek nötfärsen i några minuter. Strö på salt och peppar. Tillsätt lök, vitlök, morot och selleri och stek i ytterligare några minuter. Rör ner krossade tomater, chilisås och örtkryddor. Låt köttfärssåsen koka ihop i cirka 20 minuter. Svarva squash till spagetti eller använd en potatisskalare och hyvla till tagliatelle. Lägg squashen på en tallrik och häll över köttfärssås. Dekorera med basilika.	https://functionalfoods.se/wp-content/uploads/2025/01/Squashspagetti-med-kottfarssas.png	data/images/Squashspagetti med kottfarssas.png
287003	Ugnsbakad tomat med köttfärs	Rätten är full av antioxidanter från tomater, nyttiga fetter från olivolja och smakrika kryddor.	Sätt ugnen på 200 grader. Skär bort toppen av tomaterna samt gröp ur köttet. Lägg tomaterna i en ugnsfast form. Skala och hacka lök. Skala och riv vitlök. Hacka paprika fint. Hacka persilja. Hetta upp en stekpanna med olja. Bryn nötfärs tillsammans med gul lök, vitlök och paprika. Krydda med salt, peppar och örtagårdskrydda. Tillsätt röd pesto, grädde och persilja. Fyll de urgröpta tomaterna med nötfärsröran. Toppa med fetaost. Gratinera i ugn i 15 minuter. Dekorera med persilja. Servera med rucolasallad.	https://functionalfoods.se/wp-content/uploads/2025/01/IMG_4740.jpg	data/images/Ugnsbakad tomat med kottfars.jpg
286984	Grön smoothie	En näringsrik grön smoothie fylld med vitaminer och antioxidanter från bladgrönt, citrus och ingefära!	Lägg spenat i en blender. Skär selleri och gurka i bitar. Skär bort skalet på apelsinen. Lägg ner i blendern tillsammans med ingefära och limesaft. Mixa och späd med vatten till en jämn smoothie. Häll upp på glas och förvara rester i kylen.	https://functionalfoods.se/wp-content/uploads/2025/01/Gron-drink.jpg	data/images/Gron smoothie.jpg
286976	Omelett med tomat	En enkel och näringsrik omelett med protein från ägg, saftig tomat med antioxidanter och hälsosamma fetter från olivolja.	Vispa ihop ägg, salt och peppar i en skål. Stek omeletten några minuter i olivolja. Lägg på ett fat. Skär tomaten i bitar och lägg över. Hacka persilja. Dekorera med persilja.	https://functionalfoods.se/wp-content/uploads/2025/01/IMG_2589.jpg	data/images/Omelett med tomat.jpg
286974	Stekt ägg med lax	En snabblagad frukost eller lättlunch med nyttiga fetter och protein från lax och ägg.	Hetta upp en stekpanna med smör och knäck ner äggen. Låt steka i några minuter och strö på salt och peppar. Lägg upp på en tallrik och lägg lax bredvid. Dekorera med persilja och citron.	https://functionalfoods.se/wp-content/uploads/2025/01/Stekt-agg-med-lax.jpg	data/images/Stekt agg med lax.jpg
286959	Ketomüsli	En läcker ketomüsli med mycket näring från nötter och kryddor.	Hacka alla nötter grovt. Hetta upp en stekpanna och lägg ner mandelmjöl. Tillsätt fiberhonung, olja, kanel, kardemumma och salt. Sänk värmen och låt rosta i 5 minuter under omrörning. Blanda ner kokosflingor och kokosskivor. Rosta nötterna i en torr stekpanna i några minuter. Blanda ner i stekpannan med mandelmjöl. Häll upp müslin i en burk med lock.	https://functionalfoods.se/wp-content/uploads/2025/01/IMG_6052.jpg	data/images/Ketomüsli.jpg
288157	Fisk och skaldjursgryta från medelhavet	En värmande och smakrik gryta med fisk och skaldjur, fylld med medelhavsinfluenser. Den är rik på protein och goda fetter, samtidigt som den innehåller antiinflammatoriska grönsaker och kryddor. En komplett näringsrik middag som också är lätt att förbereda i större mängd.	Tina scampi. Lägg torsk och lax på en skärbräda och strö på salt och peppar på båda sidor. Skär fisken i kuber. Skala och strimla gul lök. Skala och riv vitlök. Strimla fänkål och hacka chili. Skala och skär morot i bitar. Hacka basilika. Hetta upp en stor kastrull med olivolja. Lägg i lök, vitlök och fänkål. Låt stekas i några minuter tills löken får en gyllene färg. Tillsätt vatten, buljong, krossade tomater, grädde och chili. Låt koka på medelvärme i 5 minuter. Lägg i morötter, fisk och scampi och låt skjuta i några minuter, eller tills fisken är genomkokt. Avsluta med att blanda i basilika och cocktailtomater. Servera fisk-och skaldjursgryta i djupa skålar.	https://functionalfoods.se/wp-content/uploads/2025/05/IMG_2214.jpg	data/images/Fisk och skaldjursgryta fran medelhavet.jpg
288155	Apelsinkyckling med blomkålsris	Denna rätt är en fräsch, näringsrik twist på klassisk kycklinggryta med blomkålsris som lågkolhydratbas. Apelsin ger sötma och syra som balanseras av den milda hettan från sambal oelek. Perfekt för dig som vill äta lätt men smakrikt!	Riv blomkål. Hacka mynta. Blanda ihop blomkål och mynta och krydda med salt och peppar. Skala och skär löken i bitar. Hetta upp en stekpanna med olja. Bryn lök och kyckling tills den fått färg. Häll i vatten och en buljongtärning. Låt buljongen lösas upp och tillsätt sambal oelek och grädde. Riv i apelsinzest och pressa ner apelsinjuice. Krydda med salt och peppar. Strö över bladspenat och ta pannan från värmen. Lägg upp blomkålsriset i skålar och toppa med apelsinklyftor. Lägg upp apelsinkycklingen i skål. Servera tillsammans med bladspenat.	https://functionalfoods.se/wp-content/uploads/2025/05/IMG_3382.jpg	data/images/Apelsinkyckling med blomkalsris.jpg
288150	Kycklingburgare med mangosalsa och wasabi	En fräsch och färgstark burgare utan bröd – perfekt för dig som vill äta lättare utan att kompromissa med smak. Mangons sötma, avokadons krämighet och wasabins sting skapar en balanserad rätt med både näring och karaktär.	Sätt ugnen på 200 grader. Lägg kycklingfärs i en skål. Skala och riv vitlök och blanda ner i färsen tillsammans med salt och peppar. Forma färsen till två burgare och lägg på en bakplåtsklädd ugnsplåt. Ställ in i ugnen i cirka 15 minuter, tills burgarna är genomstekta. Skala och tärna mango och avokado i små bitar. Strimla tomat och salladslök. Hacka chili och koriander. Blanda ihop allt i en skål tillsammans med juice från lime. Smaka av med salt och peppar. Skala och riv vitlök och ingefära. Blanda yoghurt, vitlök, ingefära och wasabi i en liten skål och smaka av med salt och svartpeppar. Klyfta lime. Lägg blad av hjärtsallad på tallrikar. Lägg sedan på kycklingburgare och mangosalsa. Toppa med wasabisås. Dekorera med korianderkvistar och limeklyftor.	https://functionalfoods.se/wp-content/uploads/2025/05/IMG_1374.jpg	data/images/Kycklingburgare med mangosalsa och wasabi.jpg
288148	Omelett med paprika och champinjoner	Denna fräscha sallad kombinerar syrlig ananas med krispig quinoa och stekt halloumi, toppad med het chilimajonnäs. En mättande, näringsrik och smakrik rätt som passar både som lunch och middag!	Skala och strimla rödlök. Skala och riv vitlök. Tärna paprika. Dela champinjoner på mitten. Hetta upp en stekpanna med olivolja. Fräs lök och vitlök på medelvärme i cirka en minut. Tillsätt paprika och champinjoner och stek i några minuter, tills de mjuknat och fått lite färg. Knäck ägg i en skål och vispa ihop med en gaffel. Strö på salt och peppar. Häll äggsmeten över grönsakerna i stekpannan och sänk värmen. Hacka persilja och strö på. Låt omeletten stekas långsamt tills den stelnar. Servera direkt!	https://functionalfoods.se/wp-content/uploads/2025/05/IMG_2412-1.jpg	data/images/Omelett med paprika och champinjoner.jpg
288146	Quinoasallad med halloumi	Denna fräscha sallad kombinerar syrlig ananas med krispig quinoa och stekt halloumi, toppad med het chilimajonnäs. En mättande, näringsrik och smakrik rätt som passar både som lunch och middag!	Koka quinoa enligt anvisningarna på förpackningen. Låt den svalna. Skär ananas i små tärningar. Strimla purjolök och halvera cocktailtomater. Hacka mynta. Blanda quinoa med ananas, purjolök, cocktailtomater och mynta i en skål. Pressa över citronjuice och ringla över olivolja. Strö på salt och peppar. Blanda majonnäs, creme fraiche och srirachasås i en liten skål. Strö på salt och peppar. Hetta upp en stekpanna med olivolja. Stek halloumi på medelhög värme tills den får en gyllenbrun yta. Låt svalna och skär i stavar. Skär ananas i bitar. Lägg quinoasallad i djupa tallrikar. Toppa salladen med halloumi och chilimajonnäs. Dekorera med ananasbitar och myntablad.	https://functionalfoods.se/wp-content/uploads/2025/05/IMG_0835.jpg	data/images/Quinoasallad med halloumi.jpg
288140	Champinjonomelett	En enkel men näringstät omelett som passar både till frukost och lunch. Kombinationen av svamp, ägg och färska örter ger en god och mättande måltid med bra proteinkvalitet och viktiga mikronäringsämnen.	Skiva champinjoner. Hacka persilja. Hetta upp en stekpanna med hälften av smöret. Stek champinjoner tills de blir gyllenbruna. Strö på salt och peppar. Häll över persilja och lägg svampen åt sidan. Vispa ihop ägg i en skål. Hetta upp en stekpanna med resten av smöret. Häll ner ägg i stekpannan och stek på låg värme tills omeletten är genomstekt. Lägg upp omeletten på en tallrik och lägg champinjonblandningen ovanpå. Vik in kanterna på omeletten över fyllningen och dekorera med en persiljekvist.	https://functionalfoods.se/wp-content/uploads/2025/05/IMG_2525.jpg	data/images/Champinjonomelett.jpg
288144	Keso med melon och ananas	En uppfriskande och proteinrik frukost eller mellanmål som kombinerar sötma från frukt med krämig keso. Rätt i tiden för varma dagar eller när du vill ha något lätt men näringsrikt!	Tärna vattenmelon och ananas. Lägg keso i en liten skål och toppa med melon och ananas.	https://functionalfoods.se/wp-content/uploads/2025/05/IMG_2399.jpg	data/images/Keso med melon och ananas.jpg
288142	Bananpannkakor med pistagenötter och bär	En snabb, näringsrik och naturligt söt frukost eller mellanmål. Bananpannkakorna toppas med yoghurt och bär för extra protein och antioxidanter. Pistagenötter och kardemumma ger en härlig crunch och smak. Perfekt när du vill unna dig något gott och hälsosamt!	Mosa banan i en skål. Knäck i ägg och vispa ihop. Tillsätt vaniljpulver och blanda till en jämn smet. Hetta upp en stekpanna med smör. Häll ut smet till små pannkakor i pannan. Stek på medelvärme cirka 1–2 minuter per sida eller tills de fått en fin färg och går att vända lätt. Lägg upp pannkakor på tallrikar. Toppa med en klick grekisk yoghurt, hallon och björnbär. Strö över pistagenötter och kardemumma.	https://functionalfoods.se/wp-content/uploads/2025/05/IMG_2373.jpg	data/images/Bananpannkakor med pistagenotter och bar.jpg
288138	Slät havregrynsgröt med vaniljprotein	En krämig och mättande gröt med extra protein – perfekt för en bra start på dagen. Kombinationen av havre, proteinpulver och jordnötssmör ger både energi, mättnad och näring som håller dig pigg länge.	Häll havregryn, vatten och lite salt i en kastrull. Koka upp och låt koka i cirka 3–5 minuter tills gröten tjocknar. Rör om då och då. Ta kastrullen från värmen och tillsätt proteinpulver. Rör om ordentligt. Mixa gröten med en stavmixer tills den blir helt slät och krämig. Häll upp gröt i en skål. Skiva jordgubbar. Hacka jordnötter. Toppa med jordnötssmör, jordnötter och jordgubbar.	https://functionalfoods.se/wp-content/uploads/2025/05/IMG_2088.jpg	data/images/Slat havregrynsgrot med vaniljprotein.jpg
288136	Stekt ägg med tomat	En enkel och näringsrik frukost eller lunch med få ingredienser men mycket smak. Ägg och tomat ger ett fint samspel av protein och antioxidanter, och olivolja adderar nyttiga fetter – en snabb rätt som både mättar och skyddar.	Hetta upp en stekpanna med olivolja. Stek ägg på låg värme tills äggvitan är fast. Strö på salt och peppar. Skär tomat i bitar och lägg på ett fat. Strö på lite salt. Lägg de stekta äggen ovan på och dekorera med en basilikakvist.	https://functionalfoods.se/wp-content/uploads/2025/05/IMG_2405.jpg	data/images/Stekt agg med tomat.jpg
288134	Kesofralla med skinka och tomat	Ett enkelt och näringsrikt mellanmål eller frukost med bra balans mellan protein, fibrer och nyttiga fetter. Perfekt att kombinera med kesofrallan för långvarig mättnad och stabilt blodsocker.	Dela frallan på häften. Bred på ett tunt lager smör och lägg på skinka. Dela tomater. Toppa med cocktailtomat.	https://functionalfoods.se/wp-content/uploads/2025/05/IMG_2818.jpg	data/images/Kesofralla med skinka och tomat.jpg
288132	Kesofrallor med äpple och pumpafrön	Mjuka, saftiga frallor fyllda med protein, fibrer och nyttiga fetter – ett perfekt näringsrikt alternativ till vanligt bröd. Frallorna är glutenfria och passar lika bra till frukost som mellanmål!	Sätt ugnen på 200 grader. Blanda ihop keso, havremjöl, ägg, bakpulver, salt, pumpafrön och linfrön i en bunke. Riv äpple och blanda ner. Forma smeten till sex lika stora frallor och lägg på en bakplåt med bakplåtspapper. Skiva äpple tunt. Toppa frallorna med pumpafrön och äppelskiva. Grädda i mitten av ugnen i cirka 20 minuter.	https://functionalfoods.se/wp-content/uploads/2025/05/IMG_2815.jpg	data/images/Kesofrallor med apple och pumpafron.jpg
288129	Yoghurt med apelsin- och bovetegranola	En snabb och näringsrik frukost med krämig yoghurt och krispig granola med smak av apelsin och kardemumma. Perfekt för en energigivande start på dagen!	Häll upp yoghurt i en skål. Toppa med granola.	https://functionalfoods.se/wp-content/uploads/2025/05/IMG_0537.jpg	data/images/Yoghurt med apelsin- och bovetegranola.jpg
288126	Bovetegranola med apelsin och kardemumma	En krispig och smakrik granola med citrus och kryddig ton från kardemumma. Perfekt att toppa yoghurt eller smoothie med – laddad med fibrer, antioxidanter och långvarig energi.	Sätt ugnen på 200 grader. Lägg bovete i en skål med kokande vatten i 10 minuter. Häll av vattnet och skölj bovetet. Lägg bovete, nötter och frön på en ugnsplåt. Riv zest från apelsin. Strö på salt, vaniljsocker, kardemumma och apelsinzest. Hetta upp kokosolja i en kastrull och tillsätt honung. Höll allt över plåten och blanda om ordentligt. Sätt in plåten i ugnen i 20–30 minuter. Rör om då och då så inget bränns. Blanda ner mango och russin.	https://functionalfoods.se/wp-content/uploads/2025/05/IMG_0540.jpg	data/images/Bovetegranola med apelsin och kardemumma.jpg
287758	Äggröra med champinjoner	En enkel men näringsrik rätt med proteinrika ägg, fiberrika champinjoner och frisk purjolök.	Skiva champinjonerna. Strimla purjolök. Hetta upp en stekpanna med smör och stek champinjonerna i några minuter. Strö på salt och peppar. Knäck ägg i en skål och blanda ner grädde, salt och peppar. Hetta upp en stekpanna med smör och häll ner äggblandningen. Rör runt med en trägaffel i 20 sekunder och lägg upp upp på en tallrik. Toppa äggröran med champinjonerna och purjolök.	https://functionalfoods.se/wp-content/uploads/2025/04/Aggrora_003.jpg	data/images/Aggrora med champinjoner.jpg
288065	Blomkål- och saffranssoppa	En krämig och smakrik blomkålssoppa med en lyxig touch av saffran. Toppad med stekt blomkål och kallrökt lax blir rätten både mättande och näringsrik.	Skär blomkål i bitar. Skala och grovhacka gul lök. Skala och riv vitlök. Hetta upp en stor kastrull med olivolja. Stek blomkål, lök, vitlök och saffran. Tillsätt vatten och buljongtärning. Låt koka i 10 min. Mixa till en slät soppa med en stavmixer. Tillsätt grädde och smaka av med salt och peppar. Späd soppan med vatten om det behövs för att få en bra konsistens. Dela blomkålen i små buketter. Hetta upp en stekpanna med olivolja och stek blomkålsbuketter på medelvärme i några minuter. Häll upp soppa i djupa tallrikar och toppa med kallrökt lax och blomkålsbuketter. Dekorera med dillkvistar.	https://functionalfoods.se/wp-content/uploads/2025/05/IMG_0957.jpg	data/images/Blomkal- och saffranssoppa.jpg
288063	Kesoplättar med bär och yoghurt	Kesoplättar är ett proteinrikt och mättande alternativ till klassiska pannkakor. Toppade med yoghurt, bär, nötter och lite honung.	Vispa ihop ägg och keso i en skål. Tillsätt havregryn, mandelmjöl och salt. Vispa ihop till en smet. Hetta upp en stekpanna med rapsolja och stek plättar på medelvärme i några minuter på varje sida tills de får en fin färg. Skär jordgubbar i klyftor och hacka valnötter grovt. Lägg upp kesoplättar på tallrikar och toppa med grekisk yoghurt, bär och valnötter. Ringla över honung. Dekorera med myntakvistar.	https://functionalfoods.se/wp-content/uploads/2025/05/IMG_1253.jpg	data/images/Kesoplattar med bar och yoghurt.jpg
288061	Kesokaka med kardemumma och hallon	En mjuk och saftig kaka med mild sötma och smak av kardemumma, där proteinrik keso och havregryn gör den både mättande och näringsrik.	Sätt ugnen på 180 grader. Smörj en mindre ugnsform med olivolja. Lägg keso, yoghurt, ägg, honung, vaniljsocker, kardemumma, havregryn och bakpulver i en bunke. Mixa smeten slät med en stavmixer. Häll smeten i ugnsformen och lägg på hallon. Grädda i ugnen i cirka 40 min. Låt svalna något innan servering.	https://functionalfoods.se/wp-content/uploads/2025/05/IMG_1427.jpg	data/images/Kesokaka med kardemumma och hallon.jpg
288054	Äggröra med avokado och granatäpple	En balanserad måltid med protein, hälsosamma fetter och antioxidanter – perfekt för en näringsrik start på dagen.	Blanda ägg, salt och peppar i en skål. Hetta upp en stekpanna med smör och häll ner äggen. Rör om i 30 sekunder och lägg upp på en tallrik. Skiva avokado och lägg vid sidan om. Lägg på granatäppelkärnor och dekorera med en myntakvist.	https://functionalfoods.se/wp-content/uploads/2025/05/IMG_2129.jpg	data/images/Aggrora med avokado och granatapple.jpg
288052	Overnightoats med banan och bär	En krämig och fräsch overnight oats med banan, bär och mango – fylld med fibrer, nyttiga fetter och antioxidanter. Enkel att förbereda kvällen innan och perfekt som frukost eller mellanmål.	Blanda alla ingredienserna till gröten i en bunke. Sätt på ett lock och ställ in i kylen över natten. Ta ut gröten ur kylen och rör om väl. Skala och skär banan i slantar. Skala och skär mango i bitar. Dela jordgubbar i 4 delar. Lägg banan i botten på ett glas eller en liten skål. Tillsätt gröten och toppa med mango och bär. Dekorera med myntablad.	https://functionalfoods.se/wp-content/uploads/2025/05/IMG_0355.jpg	data/images/Overnightoats med banan och bar.jpg
288050	Energisjuice	En frisk och uppiggande juice med smak av citrus, ingefära och gröna grönsaker. Enkel att mixa ihop och perfekt när du vill få en snabb energikick på ett naturligt sätt.	Skär av skalet på apelsin och kiwi och skär i bitar. Skär gurka och selleri i skivor. Lägg allt i en blender tillsammans med ingefära, saften av lime och några isbitar. Mixa till en jämn juice. Häll upp på glas och servera.	https://functionalfoods.se/wp-content/uploads/2025/05/IMG_1629.jpg	data/images/Energisjuice.jpg
288048	Frukostmuffin med ägg	En enkel och mättande frukost med ägg, sallad och en klick majonnäs på en fiberrik muffin. Lätt att förbereda och passar bra när du vill ha något snabbt men näringsrikt.	Dela muffinsen och lägg på salladsblad. Skiva ägget och lägg på. Toppa med en klick majonnäs.	https://functionalfoods.se/wp-content/uploads/2025/05/IMG_1277.jpg	data/images/Frukostmuffin med agg.jpg
288046	Frukostmuffin med färskost och bär	En snabb och god frukost där färska bär och färskost lyfter en enkel muffin. Fräsch, lite söt och mättande – ett lätt sätt att få in mer bär i vardagen.	Dela muffinsen och bred på färskost. Skiva jordgubbar. Lägg på jordgubbar och blåbär på muffinsen.	https://functionalfoods.se/wp-content/uploads/2025/05/IMG_1268.jpg	data/images/Frukostmuffin med farskost och bar.jpg
288043	Frukostmuffins	Ett enkelt och mättande alternativ till frukost eller mellanmål. Dessa muffins innehåller havre, frön och yoghurt som ger bra fibrer och näring. Lätta att baka och smidiga att ha i frysen – ett praktiskt val för vardagen.	Sätt ugnen på 225 grader. Blanda havregryn, mandelmjöl, pumpakärnor, bakpulver och salt i en bunke. Tillsätt grekisk yoghurt, rapsolja, mjölk, ägg och blanda ihop till en smet. Ställ 12 muffinsformar på en ugnsplåt och klicka i smet. Toppa muffins med solrosfrön. Ställ i ugnen i 10–15 minuter. Låt svalna och lägg in i frysen.	https://functionalfoods.se/wp-content/uploads/2025/05/IMG_1255.jpg	data/images/Frukostmuffins.jpg
288041	Omelett med jordgubbar och pistagenötter	En proteinrik och fräsch omelett.	Knäck äggen i en skål och vispa upp. Strö på salt och peppar. Hetta upp en stekpanna med smör och häll i smeten. Låt steka i cirka 2-3 minuter. Lägg upp omeletten på en tallrik. Skiva jordgubbarna och lägg på omeletten. Hacka pistagenötter. Toppa med pistagenötter och myntablad	https://functionalfoods.se/wp-content/uploads/2025/05/IMG_0825.jpg	data/images/Omelett med jordgubbar och pistagenotter.jpg
288039	Tropisk chiapudding	En fräsch och mättande tropisk chiapudding med krämig konsistens och naturlig sötma från honung och frukt.	Blanda alla ingredienserna till chiapuddingen i en bunke på kvällen och låt stå i kylskåpet över natten. Rör om ordentlig innan servering. Skala och skiva kiwi. Skala och skär mango i tärningar. Lägg kiwiskivor på sidorna längst ner i ett glas. Lägg sedan i chiapudding och toppa med kiwi och mango. Dekorera med ett hallon på toppen ​.	https://functionalfoods.se/wp-content/uploads/2025/05/IMG_1424.jpg	data/images/Tropisk chiapudding.jpg
288033	Äggröra med avokado	En krämig och näringsrik äggröra med frisk avokado och söta granatäpplekärnor. Perfekt för en energifylld start på dagen eller som ett lättare mål.	Vispa ihop ägg, grädde, salt och peppar i en skål. Hetta upp en stekpanna med smör och häll ner äggröran. Rör om i 20 sekunder med en trägaffel och lägg upp äggröran på en tallrik. Skiva avokado. Servera med avokado, granatäpplekärnor och böngroddar. Strö på lite furikake.	https://functionalfoods.se/wp-content/uploads/2025/05/Aggrora-med-avokado.jpg	data/images/Aggrora med avokado.jpg
288031	Keso med grapefrukt	En enkel men näringsrik frukost eller mellanmål med krämig keso, syrlig grapefrukt och knapriga mandelspån. Perfekt för en snabb energikick!	Skär bort skalet på grapefrukt med en vass kniv och skär ut filéer. Rosta mandelspån i en torr stekpanna. Lägg keso på en tallrik och lägg grapefrukt filéer runt keson. Toppa med mandelspån och servera!	https://functionalfoods.se/wp-content/uploads/2025/05/Keso-med-grapefrukt-och-mandel.jpg	data/images/Keso med grapefrukt.jpg
288029	Tropisk chiafrögröt	En fräsch och näringsrik chiafrögröt med tropiska smaker. Perfekt för en energifylld frukost eller mellanmål som främjar både mättnad och näringsupptag. Toppa med sesamfrön, kokos och granatäpplekärnor för extra crunch och näring.	Lägg chiafrön i en skål och häll på mjölk. Riv ingefära. Tillsätt mango, ingefära, kokos och vaniljpulver. Blanda om och ställ in i kylen i 30 minuter eller över natten. Rör om några gånger och späd med mer mjölk om det behövs. Toppa med rostade sesamfrön, kokosskivor och granatäpplekärnor.	https://functionalfoods.se/wp-content/uploads/2025/05/Chiafrogrot-med-mango-och-granatapple.jpg	data/images/Tropisk chiafrogrot.jpg
288027	Grekisk yoghurt med bovetemüsli	En enkel men näringsrik frukost eller mellanmål som ger både energi och mättnad. Kombinationen av grekisk yoghurt, bovetemüsli och färska bär är perfekt för att kickstarta dagen med protein, fibrer och antioxidanter. Du hittar receptet på bovetemüslin här: Bovetemüsli med dadelsirap och nyponskal .	Lägg yoghurt i en skål och toppa med müsli och bär.	https://functionalfoods.se/wp-content/uploads/2025/05/Yoghurt-med-bovetemusli-och-bjornbar.jpg	data/images/Grekisk yoghurt med bovetemüsli.jpg
288025	Bovetemüsli med dadelsirap och nyponskal	Denna krispiga bovetemüsli är både näringsrik och smakrik. Kombinationen av nötter, frön och nyponskal ger en kraftfull boost av antioxidanter, fibrer och hälsosamma fetter. Perfekt att strö över yoghurt eller blanda i smoothie bowls för extra crunch och energi.	Lägg ner bovete i en skål med kokande vatten i 3-4 minuter. Häll av vattnet och skölj bovetet ordentligt. Låt torka på ett bakplåtspapper. Sätt ugnen på 200 grader. Hacka nötter. Lägg bovetet på en ugnsplåt. Blanda ner frön, nötter, sirap, salt, kanel, vatten och rapsolja. Rosta i ugnen i cirka 20 minuter. Blanda runt var femte minut och håll koll så att inget bränns. Blanda ner russin och nyponskal.	https://functionalfoods.se/wp-content/uploads/2025/05/Bovetemusli-med-dadelsirap.jpg	data/images/Bovetemüsli med dadelsirap och nyponskal.jpg
288023	Rödbetssmoothie	Denna färgstarka smoothie är full av antioxidanter och näringsämnen som boostar immunförsvaret och förbättrar blodcirkulationen. Perfekt som en energikick på morgonen eller efter träningen! Vill du göra din egna rödbetsjuice att använda i drinken hittar du recept här: Rödbetsjuice	Skär av skalet på apelsinen och skär i mindre bitar. Strimla rödkål. Riv ingefära. Lägg apelsin, rödkål och ingefära i en blender och mixa. Späd med rödbetsjuice till en jämn smoothie.	https://functionalfoods.se/wp-content/uploads/2025/05/Rodbetssmoothie.jpg	data/images/Rodbetssmoothie.jpg
286982	Rödbetsjuice	En näringsrik juice som får sin djupröda färg från rödbetor!	Skala rödbetor om du vill eller behåll skalet på. Skär i klyftor. Skär bort skalet på citronen och skär i bitar. Lägg ner rödbetor, citron och ingefära i en råsaftcentrifug och häll upp saften på glas eller flaska. Håller sig i tre dagar i kyl.	https://functionalfoods.se/wp-content/uploads/2025/01/IMG_1386.jpg	data/images/Rodbetsjuice.jpg
288017	Grönkålsdrink	En uppfriskande grön smoothie som boostar immunförsvaret och stödjer matsmältningen. Perfekt för en energigivande start på dagen eller som mellanmål.	Lägg ner grönkål i en blender. Strimla selleri och skär gurka och papaya i tärningar. Skär bort skalet på apelsinen. Riv ingefära. Lägg ner allt i blendern tillsammans med mango, ingefära, vatten och pressa i citronjuice. Mixa och späd med vatten till en krämig konsistens.	https://functionalfoods.se/wp-content/uploads/2025/05/Spenat-och-gronkalssmoothie.jpg	data/images/Gronkalsdrink.jpg
288015	Ägg i paprika	En färgstark och näringsrik frukost eller lunch som är både mättande och full av vitaminer. Paprikaringarna ger en härlig sötma till äggen och spenaten bidrar med extra näring. Enkel att göra och perfekt för en hälsosam start på dagen!	Hetta upp en stekpanna och lägg ner paprikaringarna. Klicka ner smöret i ringarna och knäck ner ett ägg i varje ring. Strö på salt och pepper. Lägg upp spenat på en tallrik och placera paprikaringarna fyllda med ägg på.	https://functionalfoods.se/wp-content/uploads/2025/05/Bild1.jpg	data/images/Agg i paprika.jpg
288013	Yoghurt med kiwi och mandel	En enkel och frisk frukost eller mellanmål som ger dig en dos vitaminer, protein och hälsosamma fetter. Kombinationen av yoghurt, kiwi och mandel ger både krämighet och crunch – perfekt för en energifylld start på dagen!	Lägg yoghurt på ett fat. Skala och skiva kiwi och lägg runtom. Hacka mandeln grovt och strö över.	https://functionalfoods.se/wp-content/uploads/2025/05/IMG_6744.jpg	data/images/Yoghurt med kiwi och mandel.jpg
288009	Keso- och havrefrallor med tranbär	Dessa näringsrika frallor är fyllda med protein, fibrer och antioxidanter. Perfekta som frukost eller mellanmål med en klick smör eller en skiva ost. De är lätta att baka och går utmärkt att frysa in för att ha färskt bröd när som helst.	Sätt ugnen på 200 grader. Blanda alla ingredienser i en skål och forma till 5 bullar. Lägg på en bakplåtsklädd plåt och platta till bullarna lite. Strö på pumpafrön och grädda i ugnen i 20 minuter.	https://functionalfoods.se/wp-content/uploads/2025/05/IMG_5186.jpg	data/images/Keso- och havrefrallor med tranbar.jpg
288004	Yoghurt med äppelgranola	En snabb och näringsrik frukost eller mellanmål med krispig äppelgranola, len grekisk yoghurt och fräscha äppelskivor. Perfekt för en energifylld start på dagen! Du hittar recept på hur du gör din egna äppelgranola här: Äppelgranola	Skiva äpple. Lägg yoghurt i en skål och toppa med äppelgranola. Dekorera med skivat äpple.	https://functionalfoods.se/wp-content/uploads/2025/05/IMG_2114.jpg	data/images/Yoghurt med appelgranola.jpg
288000	Äppelgranola	Knaprig och smakrik granola med äpple, nötter och frön som ger både energi och långvarig mättnad. Perfekt till yoghurt, kvarg eller som topping på smoothie bowls!	Sätt ugnen på 200 grader. Riv äpple grovt. Lägg ut äpple, havregryn, solroskärnor och linfrön på en ugnsplåt. Hacka nötterna och blanda om med lite salt. Ringla över honung och blanda ner vatten och rapsolja. Rosta i ugnen i 20 minuter. Rör om då och då så inget bränns. Förvara i en glasburk.	https://functionalfoods.se/wp-content/uploads/2025/05/IMG_2110.jpg	data/images/Appelgranola.jpg
287997	Yoghurt med vaniljgranola och bär	En snabb och näringsrik frukost med krispig granola, krämig yoghurt och friska bär. Perfekt för en energifylld start på dagen! Du hittar recept på hur du gör din egna vaniljgranola här: Vaniljgranola med nötter och kokos	Lägg yoghurt i en skål och toppa med granola och bär.	https://functionalfoods.se/wp-content/uploads/2025/05/IMG_4429.jpg	data/images/Yoghurt med vaniljgranola och bar.jpg
287995	Vaniljgranola med nötter och kokos	En krispig och smakrik granola med vaniljtoner och knapriga nötter. Perfekt till frukost med yoghurt eller som topping på smoothies. Passar utmärkt att förvara i en glasburk för en snabb och nyttig start på dagen!	Sätt ugnen på 200 grader. Hacka nötter. Lägg havregryn, frön, nötter, vaniljpulver och salt på en ugnsplåt. Blanda ner olja, fiberhonung och vatten. Blanda om ordentligt och rosta i ugnen i 20 minuter. Rör om då och då. Blanda ner kokosskivor och förvara i en burk med lock.	https://functionalfoods.se/wp-content/uploads/2025/05/IMG_4415.jpg	data/images/Vaniljgranola med notter och kokos.jpg
286980	Morotsjuice	En frisk och färgstark juice laddad med betakaroten, C‑vitamin och antiinflammatoriska egenskaper!	Skär morötter och äpple i bitar. Skär bort skalet på apelsinen och dela. Lägg ner morötter, äpple, apelsin och ingefära i en råsaftcentrifug och häll upp saften på glas eller flaska. Juicen håller sig i tre dagar i kyl.	https://functionalfoods.se/wp-content/uploads/2025/01/Morotsjuice.jpg	data/images/Morotsjuice.jpg
287993	Mandarin med kanelkräm	En snabb och fräsch dessert där saftiga mandariner toppas med en krämig kanelgrädde och knapriga mandelspån. Perfekt som en söt men nyttig avslutning på måltiden.	Skala och skär mandarin på mitten. Lägg upp på ett fat. Blanda kokosgrädde och agavesirap i en skål. Tillsätt kanel. Rör runt. Lägg kanelkrämen på mandarinerna. Dekorera med rostade mandelspån.	https://functionalfoods.se/wp-content/uploads/2025/05/IMG_7744.jpg	data/images/Mandarin med kanelkram.jpg
287991	Inkokta päron med chokladcréme och mandlar	En lyxig och enkel dessert där sötman från inkokta päron möter krämig chokladcréme och knapriga mandlar. Perfekt för en snabb efterrätt med både fibrer, antioxidanter och hälsosamma fetter.	Skala päron och koka i vatten i cirka 10 minuter. Häll av vattnet och ställ päronen på tallrikar. Smält choklad i ett vattenbad och blanda ner grädde och vatten. Häll chokladen över päronen och toppa med mandelspån.	https://functionalfoods.se/wp-content/uploads/2025/05/IMG_2008.jpg	data/images/Inkokta paron med chokladcréme och mandlar.jpg
287989	Snickersmuffins	Dessa snickersinspirerade muffins kombinerar krämigt jordnötssmör med choklad och nötter för en ljuvlig smakupplevelse. Glutenfria och fyllda med näring – perfekta för fikat!	Sätt ugnen på 175 grader. Smält smöret i en kastrull. Blanda i alla ingredienser till smeten. Lägg muffinsformar i en muffinsplåt. Lägg en klick jordnötssmör i varje muffins och häll på smeten. Toppa med chokladknappar och nötter. Grädda i 15 minuter. Går bra att frysa in.	https://functionalfoods.se/wp-content/uploads/2025/05/IMG_2667.jpg	data/images/Snickersmuffins.jpg
287802	Mandelkaka med med choklad	En saftig och näringsrik kaka utan vitt socker eller mjöl – sötad med agavesirap och fylld med mörk choklad och hallon. Perfekt att ha i frysen och ta fram till fika eller dessert när du vill ha något gott som samtidigt ger kroppen något tillbaka.	Sätt ugnen på 175 grader. Smält smöret i en kastrull. Blanda alla ingredienser till smeten. Häll ner smeten i en pajform (15 cm i diameter) med bakplåtspapper. Strö på chokladknappar. Grädda i ugnen i 20 minuter. Låt svalna. Dekorera med hallon. Frys in i portionsbitar.	https://functionalfoods.se/wp-content/uploads/2025/04/IMG_9862.jpg	data/images/Mandelkaka med med choklad.jpg
287800	Hamburgare med grekisk sallad	En fräsch och färgsprakande rätt där klassiska hamburgare får en medelhavstvist. Serveras på en bädd av grekisk sallad med feta, granatäpplekärnor och honungsrostade frön för extra smak, crunch och näring.	Gör först salladen genom att skära alla grönsaker i mindre bitar och lägg i en skål. Finhacka persilja. Blanda ner persilja, olja, torkade örter, salt och peppar. Lägg machésallad på ett fat och lägg grönsakerna runt om. Strö på salt, peppar och paprikakrydda på hamburgarna. Hetta upp en stekpanna och stek hamburgarna i några minuter och lägg över salladen. Toppa med fetaost, granatäpplekärnor och lägg några persiljekvistar på. Rosta frön i en torr stekpanna och droppa lite honung över. Strö på frön över rätten och dekorera med citronklyftor.	https://functionalfoods.se/wp-content/uploads/2025/04/Hamburgare-med-grekisk-sallad.jpg	data/images/Hamburgare med grekisk sallad.jpg
287798	Stek torsk med bearnaisesås och haricot verts	En snabb och näringsrik rätt med mager torsk, gröna bönor och syrlig citron som gör måltiden fräsch.	Hetta upp en stekpanna med olivolja. Stek torsken i en min per sida. Strö på salt och peppar. Häll på vatten och ångkoka tills torsken är klar. Koka haricots verts i några minuter i lättsaltat vatten och lägg upp på tallrikar. Lägg på fisken och servera med bearnaisesås. Dekorera med persiljekvistar på citronklyftor.	https://functionalfoods.se/wp-content/uploads/2025/04/IMG_0371.jpg	data/images/Stek torsk med bearnaisesas och haricot verts.jpg
287796	Lax med quinoasallad och grapefrukt	En fräsch och balanserad måltid med proteinrik lax, näringsrik quinoa och en fruktig touch från grapefrukt och mango chutney. Perfekt för en lätt men mättande lunch eller middag med antiinflammatoriska egenskaper.	Koka upp quinoa, vatten och lite salt. Rör om och låt sjuda under lock i 15 minuter. Tina gröna ärtor. Skala och filéa grapefrukt. Skär hälften av grapefrukten i mindre bitar. Finhacka purjolök. Hacka gräslök. Blanda quinoa, ärtor, purjolök, grapefruktsbitar och bladspenat i en skål. Ringla över olivolja och balsamico. Strö på salt och peppar. Ta fram laxfilé och strö på salt och peppar på båda sidorna. Hetta upp en stekpanna med olivolja och lägg i laxen. Stek laxen i 3-4 minuter på varje sida tills den är genomstekt. Blanda yoghurt, mango chutney, hackad gräslök, salt och peppar i en skål och rör om. Lägg upp quinoasallad på tallrikar. Lägg på laxen och toppa med grapefruktfiléer, mango chutneysås och hackad gräslök.	https://functionalfoods.se/wp-content/uploads/2025/04/IMG_0069.jpg	data/images/Lax med quinoasallad och grapefrukt.jpg
287794	Asiatisk kycklingfärs med grönkål	Denna snabblagade rätt bjuder på en explosion av färg, smak och näring. En proteinrik måltid som kombinerar kyckling med grönsaker och asiatisk touch – perfekt för vardagen med extra hälsoboost!	Hacka paprika i små tärningar. Skär purjolök och grönkål i strimlor. Skala och hacka morot i små tärningar. Skala och riv vitlök och ingefära. Hacka koriander. Hetta upp en stekpanna med olivolja och bryn färsen. Tillsätt paprika, morot, purjolök, vitlök och ingefära och stek färsen i några minuter. Krydda med salt, peppar och teriyakisås. Lägg i koriander och grönkål i färsblandningen. Låt steka i ytterligare en minut. Servera kycklingfärs i skålar och toppa med granatäpplekärnor.	https://functionalfoods.se/wp-content/uploads/2025/04/IMG_0722.jpg	data/images/Asiatisk kycklingfars med gronkal.jpg
287792	Kycklingfärsbiffar med vitlöksost	Saftiga kycklingbiffar fyllda med krämig vitlöksost och toppade med rostade pinjenötter – en smakrik och proteinpackad måltid.	Sätt ugnen på 200 grader. Lägg kycklingfärs i en skål. Skala och finhacka lök och riv vitlöken. Blanda ner i färsen tillsammans med kryddor. Forma till fyra små biffar och tryck ner färskosten i mitten. Lägg biffarna i en ugnsfast form och strö på pinjenötter. Sätt in i ugnen i 15 minuter. Gör tomatsalladen genom att strimla rödlök och dela tomaterna. Lägg i en skål och strö på salladskrydda. Häll på olivolja och balsamico. Strö på färsk timjan på biffarna och servera med tomatsallad och rucola.	https://functionalfoods.se/wp-content/uploads/2025/04/Kycklingbiffar-med-vitloksost.jpg	data/images/Kycklingfarsbiffar med vitloksost.jpg
287790	Varma grönsaker med halloumi	En snabblagad och näringsrik vegetarisk rätt fylld med färg, smak och bra fetter. Perfekt som vardagsmiddag eller lunch – ger både mättnad och energi utan att kännas tungt.	Skär alla grönsaker i mindre bitar. Skiva halloumi. Skala och riv vitlök. Hetta upp en stekpanna med olja och bryn halloumi. Lägg i grönsaker, vitlök, kryddor och låt steka i några minuter. Lägg upp på tallrik med halloumin över. Rosta solrosfrön i en torr stekpanna och strö över rätten. Dekorera med färsk persilja.	https://functionalfoods.se/wp-content/uploads/2025/04/Gronsaker-med-halloumi.jpg	data/images/Varma gronsaker med halloumi.jpg
287788	Ägghack med kallrökt lax	Ett proteinrikt och fräscht alternativ till frukost med hälsosamma fetter från lax och ägg. Den krämiga ägghacken tillsammans med krispig sallad och gurka ger både näring och mättnad utan att kännas tungt.	Koka ägg i en kastrull med vatten i cirka 8–10 minuter. Låt ägget ligga i kallt vatten och svala. Skala och hacka ägg grovt. Finhacka purjolök. Skriva gurka. Blanda ihop majonnäs, purjolök, salt och peppar i en skål. Tillsätt ägg och rör ihop allt. Lägg salladsblad i en mindre skål. Placera sedan gurka och skivor av lax i skålen. Avsluta med att lägga i ägghack.	https://functionalfoods.se/wp-content/uploads/2025/04/IMG_1301.jpg	data/images/Agghack med kallrokt lax.jpg
287786	Yoghurt med bovetegranola och bär	En enkel, näringsrik frukost eller mellanmål som är rik på protein, fibrer och antioxidanter.	Lägg yoghurt i en skål och strö på granolan. 1 portion granola = ca 0.75 dl. Servera med blåbär och hallon.	https://functionalfoods.se/wp-content/uploads/2025/04/IMG_0602.jpg	data/images/Yoghurt med bovetegranola och bar.jpg
287784	Varm chiagröt med äpple	En varm och tröstande frukost som kombinerar krämig chiagröt med kanelkryddat äpple. Full av fibrer, omega-3 och naturlig sötma – perfekt start på dagen för mage, hjärta och energinivåer.	Blanda havregryn, vatten och salt i en kastrull och låt koka upp. Koka på svag värme i några minuter under omrörning. Blanda ner chiafrön, havremjölk och kanel. Låt koka ytterligare i några minuter på svag värme tills gröten har fått en bra konsistens. Skär äpple i små tärningar och blanda ner i gröten tillsammans med russin. Lägg upp gröt i en mindre och skål strö på lite kanel. Skiva äpple i tunna skivor. Toppa med russin, hampafrön och lite havremjölk. Dekorera med skivat äpple.	https://functionalfoods.se/wp-content/uploads/2025/04/IMG_1358.jpg	data/images/Varm chiagrot med apple.jpg
287782	Smoothiebowl med blåbär och granola	En krämig och mättande smoothiebowl som passar perfekt till frukost eller mellanmål. Fylld med fibrer, nyttiga fetter och antioxidanter!	Mixa frysta blåbär, banan, havregryn, yoghurt och agavesirap till en slät smoothie i en blender eller med en stavmixer. Häll upp smoothie i skålar. Toppa med frukt, bär och granola. Ringa över jordnötssmör. Dekorera med granatäpplekärnor och myntakvist.	https://functionalfoods.se/wp-content/uploads/2025/04/IMG_0776.jpg	data/images/Smoothiebowl med blabar och granola.jpg
287704	Kokta ägg med kaviar	En smidig frukost med proteinrika ägg!	Koka äggen och servera med kaviar.	https://functionalfoods.se/wp-content/uploads/2025/04/Kokt-agg-med-kaviar.jpg	data/images/Kokta agg med kaviar.jpg
287775	Gino	En varm och söt dessert som kombinerar fruktens friskhet med smält vit choklad. Rik på antioxidanter, fibrer och naturliga vitaminer – ett lättare efterrättsalternativ som ändå känns lyxigt.	Sätt ugnen på grill, 225 grader. Skiva bananerna. Skala och skär kiwi i bitar. Skiva jordgubbarna. Lägg alla frukter och bär i en ugnsfast form. Riv choklad grovt och strö över. Gratinera i ugnen i cirka 5 minuter.	https://functionalfoods.se/wp-content/uploads/2025/04/Gino.jpg	data/images/Gino.jpg
287773	Nötgryta med rotfrukter	En mustig och värmande gryta med näringsrika rotfrukter och smakrik curry. Rätten är perfekt för kalla dagar – den mättar bra och innehåller flera antiinflammatoriska ingredienser som främjar både energi och immunförsvar.	Skala och grovhacka gul lök. Skala och riv vitlök. Skala och skär morot, palsternacka och rättika i cirka 2 cm tjocka halvmånar. Hacka persilja. Hetta upp en stekpanna med smör och lägg i grytbitar, lök och vitlök. Strö på curry och låt steka under omrörning i några minuter. Strö på salt och svartpeppar. Tillsätt ketjap manis och 1dl vatten och låt puttra i någon minut. Blanda om ordentligt och lägg sedan över allt från stekpannan till en gryta. Tillsätt resten av vattnet och buljong. Låt koka under lock i 50 minuter. Lägg i palsternacka och rättika och låt koka ytterligare i 10 minuter. Blanda avslutningsvis ner morötter och hackad persilja. Lägg upp grytan i djupa tallrikar och toppa med grekisk yoghurt. Dekorera med persiljekvistar.	https://functionalfoods.se/wp-content/uploads/2025/04/IMG_0888.jpg	data/images/Notgryta med rotfrukter.jpg
287771	Köttfärslimpa med tomat	En saftig köttfärslimpa med smakrik tomatsås, mozzarella och vitlökssvamp som ger både umami och näring.	Skala och hacka lök och riv vitlök. Hetta upp en kastrull med olja och bryn lök och vitlök. Häll på krossade tomater. Tillsätt honung, kryddor, örter och sriraschasås. Låt koka ihop i 10 minuter. Sätt ugnen på 200 grader. Skala och finhacka lök och riv vitlök. Hacka persilja. Blanda ihop alla ingredienser till köttfärslimpan i en skål. Ringla lite olivolja i botten på en ugnsfast form. Forma köttfärsen till en limpa och lägg i ugnsformen. Häll över tomatsåsen. Skiva mozzarella. Lägg på mozzarella. Dela champinjonerna i halvor och lägg i en skål. Blanda ner olja, vitlök, salt och peppar. Häll på champinjoner över limpan och strö på ströbröd. Sätt in i ugnen i 30 minuter. Strö på färsk persilja. Servera med rucolasallad.	https://functionalfoods.se/wp-content/uploads/2025/04/Kottfarslimpa-med-tomat.1.jpg	data/images/Kottfarslimpa med tomat.jpg
287769	Quinoasallad med scampi och mango	En fräsch och färgstark quinoasallad där hetta möter sötma. Scampi och chilimajonnäs ger extra smak och protein, medan mango och ingefära tillför både sötma och antiinflammatoriska fördelar. Perfekt som lätt lunch eller sommarfavorit!	Koka quinoa enligt anvisningar på förpackningen. Låt den svalna. Finhacka chili. Skala och riv vitlök och ingefära. Blanda chili, vitlök, ingefära, olivolja, salt och peppar i en skål. Lägg i scampi och låt marinera i minst 15 minuter. Skala och finhacka rödlök. Strimla sockerärtor. Skala och tärna mango. Hacka mynta. Blanda quinoa, rödlök, sockerärtor, mango, mynta och pressa ned citronjuice en skål. Strö på salt och peppar. Hetta upp en stekpanna med olivolja. Stek scampi i 1-2 minuter på varje sida tills de är genomstekta. Lägg upp quinoasallad på tallrikar och toppa med scampi. Servera med chilimajonnäs och dekorera med myntakvistar och citronklyftor.	https://functionalfoods.se/wp-content/uploads/2025/04/IMG_0749.jpg	data/images/Quinoasallad med scampi och mango.jpg
287766	Pestotorsk med Capresesallad	En medelhavsinspirerad fiskrätt med krämig pesto, smält mozzarella och knapriga valnötter. Tillsammans med en fräsch Capresesallad blir det en näringsrik och smakrik måltid som boostar både immunförsvar och hjärthälsa.	Sätt ugnen på 175 grader. Häll olivolja i en ugnsform och lägg fisken över. Strö på salt och peppar. Bred över pesto. Skiva mozzarella och fördela över fisken. Skär paprika i små tärningar och finhacka rödlök. Lägg paprika och lök över mozzarellan och toppa med valnötter. Sätt in i ugnen i 15 minuter. Lägg sallad på ett stort fat. Skiva tomater och mozzarella och lägg över salladen. Strimla rödlök och lägg över. Ringla olivolja och balsamvinäger över salladen och toppa med salt och peppar. Ta ut fisken och toppa med färsk oregano. Servera med en Capresesallad.	https://functionalfoods.se/wp-content/uploads/2025/04/Pestotorsk-med-mozzarella1.jpg	data/images/Pestotorsk med Capresesallad.jpg
287763	Kyckling med stekt blomkålsris och dillyoghurt	En smakrik, färgstark rätt med asiatiska smaker och krämig yoghurtsås. Blomkålsriset ersätter vanligt ris för en lättare, fiberrik måltid.	Sätt på ugnen på 200 grader. Skala och riv vitlök och ingefära. Blanda vitlök, ingefära, ketjap manis, salt och peppar i en skål. Lägg i kyckligfilé och rör om. Låt stå och marineras i cirka 20 minuter. Ta upp kycklingen ur marinaden och lägg på i en ugnsform. Ställ in i ugnen i 15 minuter. Skala och riv vitlök och ingefära. Skala och grovhacka lök. Skär aubergine och paprika i bitar. Riv blomkål. Hacka dill. Hetta upp en stekpanna med olivolja. Lägg i vitlök, ingefära, lök, aubergine, paprika och blomkål. Blanda i curry och stek tills grönsakerna mjuknat. Strö på gurkmeja, dill, salt och peppar och rör om. Blanda grekisk yoghurt, hackad dill och honung i en skål, riv ner citronzest och rör om. Servera kycklingen med blomkålsris och dillyoghurt.	https://functionalfoods.se/wp-content/uploads/2025/04/IMG_9818.jpg	data/images/Kyckling med stekt blomkalsris och dillyoghurt.jpg
287761	Grönkålspaj med champinjoner	En näringsrik och smakrik paj med krispig botten och krämig fyllning. Perfekt som lunch eller middag – fylld med grönsaker, bra fetter och protein. Går utmärkt att förbereda i förväg eller ta med som matlåda!	Sätt ugnen på 175°C. Blanda mandelmjöl, sesamfrön, fiberhusk och salt i en skål. Tillsätt smör och ägg. Blanda ihop till en deg. Tryck ut degen i en pajform (ca 24 cm i diameter). Förgrädda pajskalet i cirka 10 minuter tills det fått en fin färg. Skär bort den grova stjälken på grönkålsbladen och strimla dem sedan. Dela champinjonerna på hälften. Skala och skär rödlök i smala klyftor. Strimla grillad paprika. Hacka persilja. Grovhacka valnötter. Skala och riv vitlök. Vispa ihop ägg, keso, riven vitlök, örtagårdskrydda, salt och svartpeppar i en skål. Fördela grönkål, champinjoner, rödlök och grillad paprika i det förgräddade pajskalet. Smula över fetaosten och strö över valnötterna. Häll över äggstanningen. Ställ in pajen i ugnen i cirka 30 minuter eller tills pajen har fått en fin färg och äggstanningen har stelnat. Låt pajen svalna innan servering.	https://functionalfoods.se/wp-content/uploads/2025/04/IMG_0810.jpg	data/images/Gronkalspaj med champinjoner.jpg
287759	Yoghurt med mango och apelsin	En fräsch och färgglad frukost som boostar immunförsvaret och ger bra energi till dagen.	Lägg yoghurt i en skål. Tärna mango och lägg i skålen. Skär av skalet på apelsinen med en vass kniv och skär ut fina filéer och lägg i skålen. Toppa med pumpafrön.	https://functionalfoods.se/wp-content/uploads/2025/04/Yoghurt-med-frukt-och-pumpa.jpg	data/images/Yoghurt med mango och apelsin.jpg
287756	Bananpannkaka	Dessa bananpannkakor är naturligt söta, proteinrika och snabba att laga!	Dela jordgubbar i mitten. Skär mango i mindre bitar. Mosa bananen i en skål och knäck ner äggen. Vispa runt och blanda i vaniljpulver och salt. Hetta upp en stekpanna med smör och klicka ner lite smet. Grädda varje pannkaka i någon minut per sida. Servera med en klick grekisk yoghurt, bär och frukt.	https://functionalfoods.se/wp-content/uploads/2025/04/Bananpannkaka.jpg	data/images/Bananpannkaka.jpg
287754	Stekt ägg med parmaskinka	En snabb och balanserad frukost eller lätt lunch med perfekt kombination av protein, antioxidanter och naturlig sötma.	Dela jordgubbar i mitten. Hetta upp en stekpanna med smör och knäck ner äggen. Strö på salt och peppar och vänd efter någon minut. Lägg upp på en tallrik och servera med parmaskinka och jordgubbar.	https://functionalfoods.se/wp-content/uploads/2025/04/Stekt-agg-med-parmaskinka-.jpg	data/images/Stekt agg med parmaskinka.jpg
287753	Bananmuffin	En hemgjord muffin fylld med fibrer!	Ta fram en bananmuffin och njut!	https://functionalfoods.se/wp-content/uploads/2025/04/IMG_0434.jpg	data/images/Bananmuffin.jpg
287701	Bananmuffins med mandel och kanel	Dessa muffins är naturligt sötade och rika på fibrer – perfekta som frukost, mellanmål eller efter träning!	Sätt ugnen på 180 grader. Förbered 6 muffinsformar på en ugnsplåt. Mosa banan i en bunke. Tillsätt ägg. Blanda ner alla torra ingredienser och agavesirap. Rör om ordentligt och fördela smeten i formarna. Hacka mandlar. Toppa med kokosflingor och mandlar. Grädda i ugnen i 30 minuter. Låt svalna och förvara i frysen.	https://functionalfoods.se/wp-content/uploads/2025/04/IMG_0434.jpg	data/images/Bananmuffins med mandel och kanel.jpg
287750	Lövbiffsrullader med brie, pesto och rödbetor	En näringsrik rätt perfekt för både vardag och helg!	Sätt ugnen på 200 grader. Skär rödbetor i klyftor och lägg på en ugnsplåt med bakplåtspapper. Ringa över olivolja och strö på salt, peppar och örtagårdskrydda. Ställ in i ugnen i cirka 15 minuter. Strimla aprikoser. Skär brie i tunna skivor. Lägg ut lövbiffskivorna på en skärbräda. Strö på salt och svartpeppar på båda sidorna. Bred på ett tunt lager pesto på varje skiva. Lägg på skivor av brie, strimlad aprikos och basilikablad. Rulla ihop lövbiffen från kortsidan så att fyllningen hålls på plats. Fäst rulladerna med en tandpetare. Hetta upp en stekpanna med olivolja. Stek rulladerna på medelhög värme tills att de får en fin stekyta. Blanda yoghurt och pesto i en liten skål. Strö på salt och svartpeppar efter smak. Lägg en bädd av rucolasallad på tallrikar. Lägg på rullader och rödbetor. Strimla aprikoser. Hacka persilja. Skiva brieost. Strö aprikoser över betorna och toppa hela rätten med persilja. Servera med brieostskivor och pestosås.	https://functionalfoods.se/wp-content/uploads/2025/04/IMG_0754.jpg	data/images/Lovbiffsrullader med brie, pesto och rodbetor.jpg
287748	Valnötslax med fetaostcreme	En smakrik och näringsrik rätt med kombinationen av omega-3-rik lax, knapriga valnötter och krämig fetaost.	Sätt ugnen på 200 grader. Finhacka valnötter. Hacka mynta. Lägg laxen på en bakplåtsklädd ugnsform och strö över salt och peppar. Ringla över honung och strö över valnötter. Ställ in laxen i ugnen i 10 minuter. Blanda ihop yoghurt, fetaost och mynta i en bunke. Strö på salt och peppar. Mixa såsen slät. Skär sockerärtor i mindre bitar. Strimla rödlök och aprikoser. Lägg grönsakerna i en skål och ringla över olivolja och strö på salt och peppar. Lägg upp laxen på fat och servera med sockerärtssallad och fetaostkräm.	https://functionalfoods.se/wp-content/uploads/2025/04/IMG_0865.jpg	data/images/Valnotslax med fetaostcreme.jpg
287746	Torsk med saffranssås	En lyxig fiskrätt med krämig saffranssås och stekt broccoli som bas. Torskens höga proteininnehåll och saffrans antiinflammatoriska egenskaper gör detta till en både näringsrik och elegant måltid.	Gör först saffranssåsen genom att skala och finhacka lök fint och riv vitlök. Hetta upp en kastrull med smör och bryn lök och vitlök i någon minut. Strö på saffran och häll på grädde. Låt koka upp och späd med mjölk. Smaka av med salt och peppar. Skär broccoli i två skivor. Hetta upp en stekpanna med olja och bryn broccoliskivorna någon minut per sida och strö på salt och peppar. Lägg upp på tallrikar. Strö på salt och peppar på torsken. Hetta upp en stekpanna med olja och bryn torskfiléerna på bägge sidor i någon minut. Häll på vatten och låt ångkoka klart. Lägg fisken på broccolin och häll över saffranssåsen. Toppa med granatäppelkärnor och pistagenötter. Dekorera med citronskivor och dillkvistar.	https://functionalfoods.se/wp-content/uploads/2025/04/IMG_5703.jpg	data/images/Torsk med saffranssas.jpg
287744	Grönsakswok med kycklingfärs	En smakrik asiatisk wok med kycklingfärs och färgstarka grönsaker. Fullproppad med protein, vitaminer och antiinflammatoriska kryddor.	Skala och hacka lök och riv vitlök. Finhacka chili. Skala och riv ingefäran. Hacka paprika. Skär blomkål och broccoli i mindre buketter. Strimla purjolök. Hacka koriander. Hetta upp en stekpanna med olja och lägg ner lök, vitlök, chili, ingefära och kycklingfärs. Krydda med salt och peppar. Tillsätt sesamolja, soja, ketjap manis och chilisås och låt steka i några minuter. Blanda ner broccoli, blomkål och paprika. Pressa över limejuice och toppa med purjolök och färsk koriander.	https://functionalfoods.se/wp-content/uploads/2025/04/IMG_4213.jpg	data/images/Gronsakswok med kycklingfars.jpg
287741	Kycklingrullader med gorgonzola	Dessa saftiga kycklingrullader fylls med grönsaker och gorgonzola för en smakrik, näringsrik rätt.	Sätt ungen på 200 grader. Skala och riv vitlök. Strimla rödlök. Finhacka tomat. Riv squash och skiva champinjoner. Placera kycklingfiléerna på en skärbräda. Gnid in vitlök på kycklingfilén. Bred på senap. Strö på salt, peppar och örtagårdskrydda. Lägg champinjoner, rödlök, tomat och squash på kycklingen. Rulla ihop kycklingen till rullader och placera på en ugnsplåt. Lägg en klick gorgonzola på rulladerna. Skiva squash i tunna skivor. Skala och strimla rödlök. Placera cocktailtomater, squashskivor och rödlök på plåten med kycklingen. Ringla på olivolja och balsamico. Ställ in i ugnen i 15 minuter. Servera kycklingrullader med ugnsrostade grönsaker. Dekorera med persiljekvistar.	https://functionalfoods.se/wp-content/uploads/2025/04/IMG_9986.jpg	data/images/Kycklingrullader med gorgonzola.jpg
287739	Zucchiniplättar med yoghurtsås	Dessa näringsrika zucchiniplättar är ett vegetariskt alternativ fyllt med protein, fibrer och smak.	Koka quinoa enligt anvisningen på paketet, cirka 13 minuter. Häll av vattnet och låt svalna. Riv zucchini grovt och lägg i en ren kökshandduk. Kläm ut så mycket vätska om möjligt ur zucchinin. Finhacka purjolök. Skala och riv vitlök. Hacka örter. Strimla morot tunt. Blanda quinoa, zucchini, purjolök, vitlök, fetaost, parmesan, ströbröd, ägg, persilja, oregano och chiliflakes i en skål. Forma blandningen till 6 plättar. Placera plättarna på en plåt och och ställ in i kylskåpet i cirka 15-20 minuter. Hetta upp en stekpanna med olivolja. Stek plättar på medelvärme tills de har fått en fin färg, cirka 3-4 minuter på varje sida. Rör ihop grekisk yoghurt, citronsaft, dill, salt och peppar i en liten skål. Lägg upp zucchiniplättar på en tallrik och toppa med yoghurtsås, hackad gräslök och dillkvistar. Servera med strimlad morot och rucolasallad.	https://functionalfoods.se/wp-content/uploads/2025/04/IMG_0075.jpg	data/images/Zucchiniplattar med yoghurtsas.jpg
287737	Ugnsbakad blomkål med ratatouille	En smakrik, näringstät vegetarisk rätt med krämig feta, krispiga nötter och mustig ratatouille. Perfekt som huvudrätt eller lyxigt tillbehör – laddad med grönsaker och funktionella fetter.	Sätt ugnen påg 200 grader. Lägg blomkål i en kastrull med lättsaltat vatten och koka i 10 minuter. Skala och grovhacka lök. Skala och riv vitlöksklyftan. Skär aubergine, squash och paprika i lika stora bitar. Grovhacka valnötter. Hetta upp en gryta med olivolja. Lägg i riven vitlök, lök och grönsakerna och stek i några minuter. Strö på salt och peppar. Tillsätt kryddor, srirachasås, honung och krossade tomater. Rör om och låt koka i 10 minuter. Lägg det förkokta blomkålshuvudet på en ugnsplåt. Häll ratatouille över blomkålen och smula över fetaosten. Toppa med valnötter, russin och torkad oregano. Ställ in i ugnen i 10-15 minuter. Dekorera med persiljekvistar.	https://functionalfoods.se/wp-content/uploads/2025/04/IMG_0481.jpg	data/images/Ugnsbakad blomkal med ratatouille.jpg
287735	Äggröra med fetaost och spenat	En snabb, mättande och näringstät frukost. Kombinationen av protein, grönsaker och hälsosamma fetter gör detta till en perfekt start på dagen – både smakrikt och funktionellt!	Blanda ägg och grädde i en skål. Strö på salt och peppar. Hetta upp en stekpanna med smör. Häll i äggröran i pannan och rör om på svag värme tills äggröran blivit mjuk och krämig. Dela cocktailtomater i 4 delar. Lägg bladspenat på botten på en djup tallrik. Lägg på äggröra och tomat. Toppa med smulad fetaost och persiljekvist.	https://functionalfoods.se/wp-content/uploads/2025/04/IMG_0430.jpg	data/images/Aggrora med fetaost och spenat.jpg
287733	Blåbärssmoothie	En fruktig och mättande smoothie som passar perfekt till frukost, mellanmål eller efter träning. Rikt på antioxidanter och protein – en riktig hälsoboost i glas!	Lägg ner alla ingredienser i en blender och mixa till en jämn smoothie. Häll upp på glas och förvara rester i kylen.	https://functionalfoods.se/wp-content/uploads/2025/04/IMG_1144.jpg	data/images/Blabarssmoothie.jpg
287730	Omelett med keso och bär	En enkel och proteinrik frukost eller lunch med fräsch sötma från bär!	Dela jordgubbar i mindre bitar. Vispa upp ägg, salt och peppar i en skål. Hetta upp en stekpanna med smör. Häll omelettsmeten i stekpannan och stek ena sidan på svag värme tills den fått en fin färg. Lägg omeletten på en tallrik och toppa med keso, jordgubbar och blåbär.	https://functionalfoods.se/wp-content/uploads/2025/04/IMG_9766.jpg	data/images/Omelett med keso och bar.jpg
287728	Yoghurt med bovetegranola	En snabb och enkel frukost med hemgjord granola!	Häll yoghurt i en skål och toppa med granola. 1 portion = cirka 0.75 dl.	https://functionalfoods.se/wp-content/uploads/2025/04/IMG_1150.jpg	data/images/Yoghurt med bovetegranola.jpg
287725	Chokladbars med majskakor	Dessa chokladbars kombinerar krispiga majskakor med krämigt jordnötssmör och mörk choklad.	Smula majskakorna i en skål och blanda ner jordnötssmör, honung och salt. Blanda om ordentligt och lägg på en plåt med bakplåtspapper eller folie. Platta ut till en ruta, ca 20 cm x 30 cm. Smält chokladen över ett vattenbad och häll över kakan. Ställ in i kylen i minst en timme. Skär i rutor. Förvara i frysen.	https://functionalfoods.se/wp-content/uploads/2025/04/IMG_8229.jpg	data/images/Chokladbars med majskakor.jpg
287723	Nötfärstimbaler med chèvreost och soltorkad tomat	En smakrik och rustik rätt där krämig chèvre möter sötma från soltorkade tomater och mustig nötfärs. Perfekt för en mättande och näringsrik vardagsmiddag med tarmvänliga ingredienser!	Sätt ugnen på 200 grader. Smörj 6 muffinsformar med hälften av oljan. Lägg färsen i en skål. Krydda med salt, peppar och örtagårdskrydda. Tillsätt ägg och blanda om ordentligt. Fyll muffinsformarna med färs och gör en fördjupning i mitten. Finhacka soltorkade tomater och blanda med chèvre. Hacka basilika. Tillsätt hälften av basilikan och rör ihop till en creme. Fyll timbalerna med cremen och grädda i ugnen i 15 minuter. Strimla palsternacka och fänkål på längden. Skala och riv vitlök. Hetta upp en stekpanna med resten av oljan. Stek palsternacka och fänkål tills de får färg. Tillsätt vitlök och resten av basilikan och stek i ytterligare ett par minuter. Lägg upp de stekta grönsakerna på tallrikar. Lägg timbalerna ovanpå och servera tillsammans med rucolasallad. Dekorera med en basilikakvist.	https://functionalfoods.se/wp-content/uploads/2025/04/IMG_0966.jpg	data/images/Notfarstimbaler med chèvreost och soltorkad tomat.jpg
287721	Biff med nudelsallad och jordnötssås	En asiatiskinspirerad rätt där möra biffskivor möter krispiga grönsaker, frisk koriander och en krämig jordnötssås. Fullpackad med smak och funktionella näringsämnen!	Koka upp en kastrull med vatten och lite salt. Lägg i nudlarna och koka enligt anvisning påförpackningen. Strimla paprika och rödkål. Hacka koriander. Blanda nudlar, grönsaker och koriander i en skål. Finhacka röd chili. Blanda chili, sesamolja, ketjap manis, sweet chili, risvinäger och pressa i limejuice i en liten skål. Strö på salt och peppar och rör om. Häll dressingen över nudelsalladen och blanda om ordentligt. Lägg ryggbiff på en skärbräda. Strö salt och peppar på båda sidorna av köttet. Hetta upp en stekpanna med smör. Stek ryggbiffen på hög värme på båda sidor tills den fått fin färg, cirka 2 minuter per sida. Skala och riv vitlök. Skala och finhacka lök. Finhacka jordnötter och chili. Blanda vitlök, lök, jordnötter, chili, olivolja, kokosgrädde, ketjapmanis, jordnötssmör och vatten i en skål och blanda om ordentligt. Smaka av med salt och peppar. Lägg på nudelsallad och ryggbiff på tallrikar. Hacka jordnötter. Servera med jordnötssåsen och dekorera med korianderkvistar och jordnötter.	https://functionalfoods.se/wp-content/uploads/2025/04/IMG_0119.jpg	data/images/Biff med nudelsallad och jordnotssas.jpg
287718	Laxsallad med fetaost	En medelhavsinspirerad laxsallad som är både fräsch och mättande!	Skär lax i kuber. Hetta upp en stekpanna med olivolja. Bryn lax i 3-4 minuter. Salta och peppra. Skiva tomat och rödlök och fördela på tallrikar. Blanda pesto med balsamvinäger i en skål och ringla över tomaterna. Lägg på lax, fetaost och färska basilikablad. Rosta pinjenötter i en torr stekpanna och strö över salladen.	https://functionalfoods.se/wp-content/uploads/2025/04/IMG_4280.jpg	data/images/Laxsallad med fetaost.jpg
287714	Torsk med guacamole och sötpotatis	Rätten är full av fibrer, hälsosamma fetter och protein – perfekt som en balanserad lunch eller middag.	Sätt ugnen på 200 grader. Skala och skär sötpotatis i tunna bitar. Lägg sötpotatisen på en ugnsplåt med bakplåtspapper och häll på olivolja, salt, peppar och örtagårdskrydda. Blanda om och ställ in i ugnen i cirka 25 minuter. Gör guacamolen genom att mosa avokado i en skål. Skala och riv vitlök. Skala och finhacka rödlök. Finhacka chili och koriander. Blanda den mosade avokadon med vitlök, rödlök, limejuice, koriander och röd chili. Strö på salt och peppar. Strö på salt och svartpeppar på fisken. Hetta upp en stekpanna med olivolja. Lägg torsken i pannan och stek på medelvärme i cirka 3 minuter på varje sida. Lägg bladspenat på tallrikar. Lägg på sötpotatis och torsk. Toppa med guacamole och dekorera med korianderkvistar och limeklyftor.	https://functionalfoods.se/wp-content/uploads/2025/04/IMG_0070.jpg	data/images/Torsk med guacamole och sotpotatis.jpg
287712	Morotssoppa med ingefära och rostade kikärtor	En värmande och smakrik soppa som kombinerar sötma från morötter med hetta från chili och ingefära.	Sätt ugnen på 225 grader. Blötlägg kikärtor i kokande vatten i 10 minuter. Låt rinna av ordentligt och lägg kikärtor på en ugnsplåt. Ringla över olivolja och strö på smoked paprikakrydda, salt och peppar. Rör om på plåten så kryddblandningen täcker kikärtorna ordentligt. Ställ in i ugnen i 20 minuter. Rör om vid behov. Skala och riv ingefära. Finhacka chili. Skala och riv morötter. Hetta upp en kastrull med olivolja. Häll i chili, ingefära och morot och fräs i några minuter. Tillsätt vatten och buljong och låt koka upp. Tillsätt kokosmjölk och låt sjuda i 5 minuter. Strö på salt och peppar. Mixa soppan slät. Servera soppan i skålar och toppa med kikärtor, chili och basilika.	https://functionalfoods.se/wp-content/uploads/2025/04/IMG_0794.jpg	data/images/Morotssoppa med ingefara och rostade kikartor.jpg
287710	Färgstark fetaostsallad	En fräsch och näringstät sallad full av färg och smak! Perfekt som lätt lunch eller tillbehör, rik på antioxidanter, nyttiga fetter och vitaminer som boostar både energi och välmående.	Lägg spenatblad på tallrikar. Skär paprika, avokado och sockerärtor i skivor och lägg runt om. Dela tomater och lägg på tallrikarna. Smula över fetaost och lägg på granatäpplekärnor.	https://functionalfoods.se/wp-content/uploads/2025/04/IMG_1295.jpg	data/images/Fargstark fetaostsallad.jpg
287708	Omelettrulle	En lättlagad och näringsrik frukost eller lunch som håller dig mätt länge.	Vispa upp ägg i en skål. Strö på salt och peppar. Hetta upp en stekpanna med smör. Häll i omelettsmeten i stekpannan och stek ena sidan på svag värme tills den fått en fin färg. Strimla paprika. Lägg kalkon, cheddarost, paprika och bladspenat på omeletten. Rulla ihop omeletten till en rulle och dela den i två delar. Ställ omelettrullen i en liten skål och dekorera med basilikakvist.	https://functionalfoods.se/wp-content/uploads/2025/04/IMG_0450.jpg	data/images/Omelettrulle.jpg
287699	Chiapudding med jordgubbar och hallon	En frisk och näringsrik chiapudding med bär och banan som bas. Perfekt som frukost eller mellanmål!	Ta fram jordgubbar ur frysen och låt tina något. Lägg jordgubbar, banan, havregryn, honung och mandelmjölk i en bunke och mixa slät med en stavmixer. Häll i chiafrön och blanda om ordentligt. Ställ in blandningen i kylen i 2-3 timmar eller över natten. Rör om ordentligt innan servering. Toppa med grekisk yoghurt, kokosskivor och färska hallon.	https://functionalfoods.se/wp-content/uploads/2025/04/IMG_0153.jpg	data/images/Chiapudding med jordgubbar och hallon.jpg
287697	Keso med bovetegranola och frukt	En snabb och näringsrik frukost eller mellanmål med krämig keso, fiberrik granola och frukt full av vitaminer.	Skär mango i små bitar. Lägg keso på ett fat och lägg på frukt och bär. Toppa med granolan. Servera med grapefrukt.	https://functionalfoods.se/wp-content/uploads/2025/04/IMG_0192.jpg	data/images/Keso med bovetegranola och frukt.jpg
287690	Stekta äpplen med vit chokladkräm	En läcker efterrätt med naturlig sötma och fiber från frukt.	Skiva äpplen tunt. Hetta upp en stekpanna med smör och stek äpplen i någon minut. Häll på honung och strö på kanel och kardemumma. Lägg upp i skålar. Smält vit choklad i en skål i mikron. Blanda ner philadelphiaost. Klicka på chokladkräm på äpplena och servera.	https://functionalfoods.se/wp-content/uploads/2025/04/Stekta-applen-med-vit-chokladcreme.jpg	data/images/Stekta applen med vit chokladkram.jpg
287688	Chokladriskaka med jordnötssmör	En snabb och god treat med kombinationen av krämigt jordnötssmör, mörk choklad och knapriga riskakor.	Bred jordnötssmör på riskakorna. Skär chokladen i rutor och lägg i en skål. Smält i micron någon minut. Bred över chokladen på riskakorna och strö på lite flingsalt. Ställ in i frysen i 1 timme.	https://functionalfoods.se/wp-content/uploads/2025/04/IMG_1759.jpg	data/images/Chokladriskaka med jordnotssmor.jpg
287685	Burrata med tomatsallad	En enkel men näringstät sallad med mycket antioxidanter och hälsosamma fetter – perfekt som lätt lunch eller förrätt!	Skiva tomaten och lägg på en tallrik. Placera burratan i mitten och strö på salt, peppar och torkade örter. Hacka basilika. Halvera cocktailtomaterna och lägg i en skål tillsammans med olivolja, balsamico och basilika. Häll blandningen över burrataosten. Rosta pinjenötterna i en stekpanna. Klicka på pesto och strö över rostade pinjenötter. Garnera med basilika.	https://functionalfoods.se/wp-content/uploads/2025/04/Burrata-med-tomater.jpg	data/images/Burrata med tomatsallad.jpg
287683	Rotfruktssoppa	En värmande och kryddig soppa baserad på rotfrukter.	Skala och skär alla grönsaker i mindre bitar. Skala och finhacka lök och vitlök. Hetta upp en gryta och stek grönsakerna och löken i lite olja. Tillsätt kryddor, tomatpuré och häll på vatten. Smula ner buljongtärningen och låt koka i 20 minuter. Smaka av med salt och peppar. Fördela en portion i en soppskål. Toppa med hackad persilja.	https://functionalfoods.se/wp-content/uploads/2025/04/Rotfruktssoppa.jpg	data/images/Rotfruktssoppa.jpg
287681	Glasnudellsalad med grönsaker	En fräsch och smakrik glasnudelsallad fylld med färgstarka grönsaker.	Koka nudlar enligt anvisningen på paketet och häll av vattnet. Lägg nudlarna i en skål. Riv vitlök och ingefära. Hacka koriander. Blanda ihop alla ingredienser till marinaden. Smaka av med salt och peppar. Skala och skär morot i strimlor. Skär rödkål i strimlor. Kärna ur och skär paprika i strimlor och strimla salladslöken. Skär broccoli i buketter och strimla pak choi. Blanda ner alla grönsaker i nudelsalladen. Blanda ner marinaden i nudelsalladen. Toppa med färsk koriander	https://functionalfoods.se/wp-content/uploads/2025/04/glasnudelsallad.jpg	data/images/Glasnudellsalad med gronsaker.jpg
287679	Spenatsoppa med ägg	En krämig och näringstät spenatsoppa fylld med vitaminer, mineraler och fibrer.	Skala och hacka lök och vitlök. Hetta upp en kastrull med olja och fräs lök och vitlök. Hacka bladspenaten. Tillsätt spenat, buljongtärning, salt, svartpeppar, muskot och vatten. Låt koka ihop i ca 5 minuter. Mixa soppan slät och smaka av med salt och peppar. Tillsätt grädde och låt koka ihop. Servera soppan med ett hackat kokt ägg och garnera med timjan	https://functionalfoods.se/wp-content/uploads/2025/04/Spenatsoppa-med-agg.jpg	data/images/Spenatsoppa med agg.jpg
287677	Tomatsoppa med halloumi	En varm och smakrik tomatsoppa med extra protein och sälta från stekt halloumi.	Skala och hacka lök och vitlök. Hetta upp en kastrull med olja och stek löken och vitlöken i några minuter. Tillsätt krossade tomater, örtagårdskrydda, buljongtärning, honung och vatten. Låt koka upp och smaka av med salt och svartpeppar. Lägg soppan i en matberedare och mixa ihop eller använd en stavmixer. Koka upp soppan igen och låt koka ihop i 5 minuter. Späd med mer vatten om det behövs. Skär halloumi i mindre bitar. Hetta upp en stekpanna med olja och stek halloumi i några minuter. Halvera tomater. Hacka basilika. Fördela soppan i två skålar. Toppa med halloumi, halverade tomater och basilika.	https://functionalfoods.se/wp-content/uploads/2025/04/Tomatsoppa-med-halloumi.jpg	data/images/Tomatsoppa med halloumi.jpg
287671	Kryddmjölk med apelsin	En len och näringsrik dryck med fibrer, antioxidanter och antiinflammatoriska kryddor.	Lägg dadlar och kryddor i en blender och mixa hastigt. Tillsätt mandelmjölken, lite i taget, och mixa till en jämn dryck. Finriv apelsinskal. Blanda ner apelsinskal och häll upp i glas. Denna dryck går också bra att värma.	https://functionalfoods.se/wp-content/uploads/2025/04/IMG_5183.jpg	data/images/Kryddmjolk med apelsin.jpg
287665	Passionsfrukts- och mangosmoothie	En exotisk och näringstät smoothie.	Skala och skär apelsin och banan i mindre bitar och lägg i en blender. Riv ingefära. Tillsätt mango, passionsfrukt, ingefära, limejuice och mandlar. Mixa och späd med vatten till en jämn smoothie. Servera i glas och toppa med blåbär.	https://functionalfoods.se/wp-content/uploads/2025/03/Passionsfrukt-och-mangosmoothie.-JPG.jpg	data/images/Passionsfrukts- och mangosmoothie.jpg
287663	Jordgubbs- och granatäppelsmoothie	En fruktig och näringsrik smoothie.	Lägg jordgubbar och mango i en blender. Dela granatäpplet, gröp ut kärnorna och lägg dem i blendern (spara några till garnering). Skala bananen och lägg i blendern. Tillsätt mandelmjölk och mixa till en jämnsmoothie. Späd med vatten till en bra konsistens. Servera i glas.	https://functionalfoods.se/wp-content/uploads/2025/03/IMG_5202.jpg	data/images/Jordgubbs- och granatappelsmoothie.jpg
287661	Grön smoothie	En näringstät och uppfriskande grön smoothie fylld med vitaminer, fibrer och antioxidanter.	Skär grönkålen i mindre bitar och lägg tillsammans med spenat i en blender. Skala kiwi. Riv ingefära. Kärna ur päron och äpple. Skär selleri, gurka, kiwi, päron och äpple i bitar. Lägg dem i blendern tillsammans med ingefära och pressa i limejuice. Mixa och späd med vatten till en jämn smoothie.	https://functionalfoods.se/wp-content/uploads/2025/03/Gron-smoothie.jpg	data/images/Gron smoothie.jpg
287657	Blåbär- och hallonsmoothie	En syrlig och uppfriskande smoothie fylld med antioxidanter och vitaminer från hallon, blåbär och citrus.	Skala apelsin och banan. Lägg dem i enblender tillsammans med blåbär och hallon. Tillsätt citronjuice. Mixa och späd med mandelmjölk och vatten till en jämn smoothie. Servera i glas.	https://functionalfoods.se/wp-content/uploads/2025/03/Hallon-och-blabarssmoothie.jpg	data/images/Blabar- och hallonsmoothie.jpg
287655	Tropisk smoothie	En fräsch och uppiggande smoothie med naturlig sötma från banan, apelsin och mango.	Skala och skär apelsin och banan i mindre bitar och lägg i en blender. Tillsätt mango, limejuice och mynta. Mixa och späd med mandelmjölk och vatten till en jämn smoothie. Servera i glas.	https://functionalfoods.se/wp-content/uploads/2025/03/Tropisk-smoothie.jpg	data/images/Tropisk smoothie.jpg
287636	Zucchinikaka med kardemumma	Denna saftiga zucchinikaka med kardemumma och apelsinglasyr är en hälsosammare twist på en klassisk mjuk kaka.	Sätt ugnen på 175 grader. Riv zuccini grovt och pressa ur vätskan. Vispa ägg och kokossocker fluffigt. Blanda mjöl, kardemumma och bakpulver i en skål. Vänd ner mjölblandningen i smeten. Smält smör och vänd ner i smeten tillsammans med zucchini. Häll smeten i en form (15x10 cm) med bakplåtspapper och ställ in i ugnen i cirka 35-40 minuter, eller tills kakan känns fast. Låt kakan svalna helt. Vispa ihop philadelphiaost, smör och agavesirap till en glasyr. Riv zest från apelsin och blanda ned. Bred ut glasyren på kakan.	https://functionalfoods.se/wp-content/uploads/2025/03/IMG_9882.jpg	data/images/Zucchinikaka med kardemumma.jpg
287634	Lövbiffsgryta med champinjoner och grönsaksspagetti	En smakrik och krämig lövbiffsgryta med champinjoner och en lättare twist – grönsaksspagetti av squash och morot.	Skala och grovhacka lök. Skala och riv vitlök. Dela champinjoner i 4 delar. Skär paprika i bitar. Strimla lövbiff. Hacka persilja. Hetta upp en stekpanna med olivolja. Lägg lök, vitlök, lövbiff och grönsaker i pannan och stek i några minuter tills grönsakerna börjar mjukna. Blanda i ketjap manis och stek ytterligare i någon minut. Tillsätt grädde och senap. Strö på salt, peppar och persilja. Skala morot. Svarva morot och squash med en spirulizer eller hyvla tagliatelle med en potatisskalare. Lägg upp lövbiffsgryta på tallrikar och servera med grönsakspasta. Dekorera med persiljekvistar.	https://functionalfoods.se/wp-content/uploads/2025/03/IMG_0025.jpg	data/images/Lovbiffsgryta med champinjoner och gronsaksspagetti.jpg
287630	Lax med rödbetssallad	En näringsrik och smakrik rätt där den krämiga parmesansåsen kompletterar den söta rödbetssalladen och den saftiga laxen.	Sätt på ugnen på 175 grader. Dela rödbetor i tärningar. Skala och finhacka rödlök. Finhacka basilika. Blanda rödbetor, rödlök och basilika i en skål. Häll på olivolja och balsamvinäger. Strö på salt, peppar, örtagårdskrydda och blanda om. Dela laxfilén och lägg på en ugnsplåt. Strö på salt och peppar och ställ in i ugnen i 15 minuter. Blanda riven parmesan, creme fraiche, majonnäs och citronjuice i en skål. Strö på cayennepeppar, salt och peppar och rör om. Lägg upp rucolasallad på tallrikar. Placera rödbetssallad och laxen ovanpå. Toppa med kapris och parmesankräm. Dekorera med basilikakvistar och citronklyftor.	https://functionalfoods.se/wp-content/uploads/2025/03/IMG_9797.jpg	data/images/Lax med rodbetssallad.jpg
287631	Fisktaco med mangosalsa och sesamsås	En krispig fisktaco där torskens milda smak balanseras av söt mango och fräsch koriander.	Sätt ugnen på 200 grader. Skär torsk i större bitar och strö på salt och peppar. Knäck ägg i en mindre skål och rör om. Häll upp panko och sesamfrön på ett fat och rör om. Doppa bitarna av fisk i ägg och rulla dem i pankoblandningen tills de är helt täckta. Lägg fiskbitarna på en bakplåtsklädd ugnsplåt och ställ in i ugnen i 10 minuter. Blanda sesamolja, soja och majonnäs i en skål. Riv ingefära. Blanda ner ingefära i skålen och rör om. Skär avokado och mango i kuber. Skala och finhacka rödlök. Skär tomat i mindre bitar. Hacka koriander. Blanda avokado, mango, rödlök och tomat tillsammans med limejuice och koriander. Strö på salt och peppar. Lägg salladsblad på ett fat. Lägg på fisktaco och servera med sesamsåsen. Dekorera med korianderkvistar och citronklyftor.	https://functionalfoods.se/wp-content/uploads/2025/03/IMG_0522.jpg	data/images/Fisktaco med mangosalsa och sesamsas.jpg
287624	Pokébowl med lax	En fräsch och färgstark pokébowl fullpackad med näring från både grönsaker och proteinrika ingredienser.	Riv blomkål och broccoli. Hacka koriander. Lägg blomkål-och broccoliriset i en skål och blanda ner koriander, limesaft, salt och peppar. Fördela i botten på 2 djupa skålar. Riv rödkål. Hyvla morot. Skiva avokado. Strimla sockerärtor och salladslök. Skär mango i tärningar. Lägg på alla ingredienser i högar. Lägg på algsallad och picklad rödlök. Skiva laxen och lägg över. Strö på sesam och wasabikrydda. Riv vitlök. Blanda ihop chilimajonnäsen. Ringla lite teriyakisås över och servera med chilimajonnäs. Dekorera med limeklyfta och ärtskott.	https://functionalfoods.se/wp-content/uploads/2025/03/IMG_1233.jpg	data/images/Pokébowl med lax.jpg
287626	Detox my morning	En uppfriskande och kryddig detoxdryck som kickstartar dagen genom att stödja matsmältning och ämnesomsättning.	Riv ingefära. Pressa juice från citron. Blanda alla ingredienser i enkanna och servera i glas.	https://functionalfoods.se/wp-content/uploads/2025/03/IMG_5228.jpg	data/images/Detox my morning.jpg
287620	Halloumiburgare med rödbetor	En näringsrik och smakrik vegetarisk burgare där den salta halloumin möter den söta och jordiga smaken från rödbetor.	Koka rödbetor i ca 25 minuter. Skala och skiva rödbetor tunt. Skiva squash. Skala och hyvla moroten med en potatisskalare. Finhacka rödlök. Hetta upp en stekpanna med olja och bryn halloumiburgarna i några minuter tillsammans med squashskivor. Strö på salt, peppar och örtagårdskrydda. Lägg spenatblad på en tallrik och varva skivade rödbetor och halloumiburgare. Lägg squashskivor runt om. Toppa med rödlök, valnötter och en klick pesto. Blanda ihop gräddfil, majonnäs, vitlök, och örtagårdskrydda i en skål och servera såsen till. Dekorera med morot och persilja.	https://functionalfoods.se/wp-content/uploads/2025/03/IMG_4412-rotated.jpg	data/images/Halloumiburgare med rodbetor.jpg
287622	Shitake med nudlar	En smakrik asiatisk nudelrätt med shiitakesvamp, färgstarka grönsaker och kryddig pokesås.	Koka nudlar enligt förpackningen. Häll av vattnet. Skär shitakesvampen i skivor. Skala och riv vitlök. Skala och finhacka gul lök. Skär paprika i strimlor. Skala och skär moroten i strimlor. Strimla salladslök. Riv ingefära. Hetta upp en stekpanna med olivolja och stek svamp, vitlök, lök, ingefära, paprika och morot i några minuter. Tillsätt pokesås och blanda ner nudlarna. Krydda med salt och peppar och blanda ner salladslök. Servera med koriander och lime.	https://functionalfoods.se/wp-content/uploads/2025/03/IMG_6185.jpg	data/images/Shitake med nudlar.jpg
287618	Sötpotatissallad	En smakrik och näringsrik sötpotatissallad med rostade rotfrukter och krispiga kikärtor.	Sätt ugnen på 225 grader. Skala sötpotatisen och skär i lagom stora bitar. Hacka vitlök. Lägg på en ugnsplåt och blanda ner vitlök, olja och kryddor. Rosta i ugnen i 15 minuter. Lägg i en skål. Hacka timjan. Skölj de konserverade kikärtorna och blanda ner tillsammans med färsk timjan. Smaka av med kryddor. Dekorera med citronklyftor.	https://functionalfoods.se/wp-content/uploads/2025/03/IMG_7953.jpg	data/images/Sotpotatissallad.jpg
287615	Laxgryta med dill och citron	En krämig och näringsrik laxrätt med fräscha smaker från citron och dill.	Skär laxen i bitar. Strö på salt och peppar. Skala och riv vitlök. Skär bort roten och strimla fänkålen. Strimla purjolök. Hacka dill. Hetta upp en kastrull med olja och lägg ner vitlök, fänkål och purjolök. Stek i någon minut. Tillsätt vatten och smula ner buljongtärningen. Häll på havregrädde och dill. Pressa i citronjuice. Lägg ner lax och sojabönor och låt sjuda i 3 minuter. Blanda ner sockerärtorna. Smaka av med salt och peppar. Servera i skålar och dekorera med citronskiva och dillkvistar.	https://functionalfoods.se/wp-content/uploads/2025/03/IMG_7560.jpg	data/images/Laxgryta med dill och citron.jpg
287613	Laxfilé med broccolisallad	En färgstark rätt där ugnsbakad lax serveras med ett smakrikt broccoliris och en krämig fetaoströra.	Sätt ugnen på 175 grader. Dela laxfilén och lägg i en ugnsfast form. Salta och peppra. Ugnsbaka i 15 min. Hetta upp en stekpanna med olivolja. Bryn broccoliriset ett par minuter. Finhacka dill och blanda med broccoliriset. Tillsätt granatäppelkärnor och blanda runt. Blanda gräddfil i en skål tillsammans med fetaost. Saltaoch peppra. Servera laxfiléerna tillsammans med broccoliriset och fetaostkrämen. Dekorera med citronklyftor och dillkvistar.	https://functionalfoods.se/wp-content/uploads/2025/03/IMG_9415.jpg	data/images/Laxfilé med broccolisallad.jpg
287611	Ugnsbakad kyckling med tzatziki och sallad	En fräsch och balanserad måltid med ugnsbakad kyckling, tzatziki och en grönsakssallad.	Sätt ugnen på 200 grader. Riv vitlök. Lägg kycklingen i en skål och blanda ner riven vitlök, ketjapmanis, salt, peppar och örtagårdskrydda. Lägg på en plåt och ugnsbaka i 20 minuter. Riv gurka och vitlök. Blanda ihop alla ingredienser till tzatzikin i en skål. Gör salladen genom att hälla olivolja, citronsaft och örtagårdskrydda i en stor skål. Hacka persilja. Skär alla grönsaker i mindre bitar och lägg i skålen. Tillsätt persilja, salt och peppar och blanda om. Servera kycklingen med grekisk sallad och tzatziki. Dekorera med citronklyftor och persilja	https://functionalfoods.se/wp-content/uploads/2025/03/IMG_1523.jpg	data/images/Ugnsbakad kyckling med tzatziki och sallad.jpg
287608	Avokado- och persikosallad	En fräsch och näringsrik sallad med krämig avokado och persikor.	Skala och skiva avokado. Skiva persikorna. Skala och strimla rödlök. Hacka mynta. Lägg avokadoskivorna på ett fat och pressa citronsaft över. Lägg på persikoskivor och rödlök. Strö på salt, svartpeppar och örtagårdskrydda. Ringla olivolja och vitbalsamico över och strö på hackad mynta. Rosta solrosfrön i en torr stekpanna. Ringla lite honung över och strö på salt. Toppa salladen med de rostade solrosfröna. Dekorera med färsk mynta och citronklyftor	https://functionalfoods.se/wp-content/uploads/2025/03/IMG_0969.jpg	data/images/Avokado- och persikosallad.jpg
287605	Köttfärssås med konjaksnudlar	En hälsosam och mättande köttfärssås serverad med konjaksnudlar som är rika på fibrer och låga i kolhydrater.	Skala och finhacka lök och riv vitlök. Skala moroten och skär i tärningar. Skär selleri i små tärningar. Hacka basilika. Hetta upp en stekpanna med olivolja. Stek nötfärs i några minuter. Strö på salt och peppar. Tillsätt lök, vitlök, morot och selleri och stek i ytterligare några minuter. Rör ner krossade tomater, chilisås och örtkrydda. Låt köttfärssåsen koka ihop i cirka 20 minuter. Blanda ner hackad basilika. Skölj konjaksnudlarna och lägg på en tallrik. Lägg på köttfärssåsen och dekorera med basilika.	https://functionalfoods.se/wp-content/uploads/2025/03/IMG_1529.jpg	data/images/Kottfarssas med konjaksnudlar.jpg
287602	Balsamicomarinerade rödbetor med fetaost	En fräsch och näringsrik sallad med balsamicomarinerade rödbetor, krämig fetaost och knapriga nötter.	Skär rödbetorna i klyftor och lägg i en skål. Skala och strimla rödlök och lägg ner i skålen. Hacka persilja. Hacka mandlar. Blanda ner olivolja, balsamico, honung och persilja. Krydda med salt, peppar och örtagårdskrydda. Skär broccoli i buketter och lägg i en skål. Pressa över citronsaft. Lägg rucolasallad och broccoli på ett serveringsfat. Lägg på de balsamicomarinerade rödbetorna och fetaost. Toppa med hackade mandlar. Dekorera med citronklyftor	https://functionalfoods.se/wp-content/uploads/2025/03/Bild1.jpg	data/images/Balsamicomarinerade rodbetor med fetaost.jpg
287601	Ajvarspett med grekisk sallad och tzatziki	Saftiga ajvarspett med smakrik grekisk sallad och krämig tzatziki. En balanserad rätt med mycket protein, nyttiga fetter och probiotika som stödjer matsmältning och immunförsvar.	Sätt ugnen på 200 grader. Blötlägg spett. Skala och riv vitlök. Finhacka timjan. Blanda panko, vatten, vitlök och kryddor i en skål. Blanda ner ägg, färs, ajvar relish och timjan. Forma färs runt träspett och lägg på en ugnsplåt. Sätt in i ugnen i 12-13 minuter. Gör salladen genom att skära alla grönsaker i mindre bitar och lägg i en skål. Blanda ner olja, vinäger, honung, och kryddor tillsammans med fetaost. Gör tzatzikin genom att blanda ihop alla ingredienser i en skål. Ringla lite olivolja över. Servera spetten med salladen, tzatzikin, och ajvar relish. Dekorera med timjan och citron.	https://functionalfoods.se/wp-content/uploads/2025/03/Grekiska-spett-med-sallad.jpg	data/images/Ajvarspett med grekisk sallad och tzatziki.jpg
287597	Wokad lövbiff med nudlar	En snabb och smakrik wok med strimlad lövbiff, fräscha grönsaker och glasnudlar.	Koka nudlarna enligt förpackningen. Häll av vattnet. Strimla lövbiff. Skala och hacka gul lök. Skiva chili tunt. Skala och riv vitlök och färsk ingefära. Strimla morot. Hetta upp en stekpanna med olivolja. Stek lövbiff med lök, vitlök, chili och ingefära i några minuter. Salta och peppra. Tillsätt teriyakisås och sesamolja. Blanda ner nudlarna. Skär broccoli stammen i skivor samt skär broccolin i mindre buketter. Blanda ner i stekpannan. Tillsätt hackad koriander. Låt allt bli varmt och fördela i skålar. Servera med strimlad morot och dekorera med korianderkvistar.	https://functionalfoods.se/wp-content/uploads/2025/03/IMG_5757.jpg	data/images/Wokad lovbiff med nudlar.jpg
287593	Asiatisk tonfisksallad	En fräsch och näringsrik asiatisk tonfisksallad med krispiga grönsaker, tonfisk och en smakrik dressing med sesamolja, lime och chili.	Skär isbergssallad grovt. Skala och skär morot i stavar. Skär sockerärtor och paprika i stavar. Skär purjolök och salladslök i skivor. Finhacka chili och koriander. Fördela på tallrikar. Lägg på tonfisken. Blanda ihop sesamolja, sweet chilisås, soja och sesamfrön. Riv skalet från lime och blanda ned i dressingen. Pressa i juicen från limen. Blanda ned chili. Häll dressingen över salladen. Dekorera med koriander, sesamfrön och limeklyfta.	https://functionalfoods.se/wp-content/uploads/2025/03/IMG_7843.jpg	data/images/Asiatisk tonfisksallad.jpg
287594	Köttfärsbiffar med sötpotatis	En smakrik och mättande rätt med proteinrika köttfärsbiffar, serverade med ugnsrostad sötpotatis och rödlök.	Sätt ugnen på 200 grader. Lägg färsen i en bunke. Skala och riv vitlök. Skala och finhacka lök. Hacka persilja. Blanda ner i färsen tillsammans med sambal oelek, salt och peppar. Forma färsen till biffar. Skala och skär sötpotatis i stavar. Skala och skär rödlök grovt. Häll olivolja på en plåt. Fördela sötpotatis och rödlök på plåten. Salta och peppra. Lägg biffarna på samma plåt och grädda i ugnen i 20 min. Blanda ihop alla ingredienser till senapssåsen i en skål. Lägg rucolasallad på ett fat. Placera biffarna ovanpå tillsammans med sötpotatis. Servera med riven parmesan samt senapssåsen.	https://functionalfoods.se/wp-content/uploads/2025/03/IMG_5796.jpg	data/images/Kottfarsbiffar med sotpotatis.jpg
287590	Kycklinggryta med mango och linser	En smakrik och näringsrik kycklinggryta där röda linser och mango ger både fiber och vitaminer.	Skär kycklingen i mindre bitar och lägg i en skål. Tillsätt sweet chilisås, sambal oelek, salt och peppar. Hetta upp en stekpanna med olivolja. Bryn kyckling ett par minuter. Häll på vatten och havregrädde. Smula ner buljongtärning. Tillsätt linser. Låt koka ihop i 5 minuter. Skala och skär mango i tärningar. Skär paprika i strimlor. Hacka mynta. Lägg mango och paprika i grytan. Låt koka ytterligare i 3 minuter. Strimla purjolök och lägg över grytan. Toppa med hackad mynta och servera med skivad jalapeno.	https://functionalfoods.se/wp-content/uploads/2025/03/IMG_7925.jpg	data/images/Kycklinggryta med mango och linser.jpg
287589	Nudelsoppa med grönsaker	En värmande och näringsrik nudelsoppa med grönsaker och asiatiska smaker. Ingefära och vitlök ger en hälsoboost, medan broccoli och blomkål bidrar med viktiga vitaminer och fibrer.	Skala och riv vitlök och ingefära Strimla salladslök. Skala och strimla moroten. Skär broccoli och blomkål i mindre bitar. Finhacka chili. Hacka jordnötter. Hetta upp en kastrull med olja och tillsätt vitlök, chili, ingefära och salladslök. Strö på salt, peppar och curry mangokrydda. Smula ner en buljongtärning och häll på vatten och ketjap manis. Lägg ner nudlar och låt koka i 3-4 minuter. Lägg ner alla grönsaker och låt allt bli varmt. Häll upp i skålar och toppa med färsk koriander och jordnötter.	https://functionalfoods.se/wp-content/uploads/2025/03/Gronsakswok-med-nudlar.jpg	data/images/Nudelsoppa med gronsaker.jpg
287587	Kycklingpizza	En proteinrik och glutenfri kycklingpizza med smakrik ajvar och färska grönsaker.	Sätt ugnen på 200 grader. Riv vitlök. Blanda alla ingredienser till bottnen. Lägg ett bakplåtspapper på en ugnsplåt. Forma kycklingfärsen till en klump och tryck ut till en pizza. Skala och strimla rödlök. Skär squash och aubergine i tunna skivor. Skiva champinjoner. Strimla gul paprika. Hetta upp en stekpanna med olivolja. Stek aubergine och squash i några minuter tills de börjar mjukna. Bred på ajvar relish på pizzabottnen. Lägg på squash, aubergine, champinjoner, rödlök, paprika och tomater. Strö på ost och oregano. Ställ in i ugnen i 15-20 minuter. Toppa pizzan med färska basilikablad och servera tillsammans rucola.	https://functionalfoods.se/wp-content/uploads/2025/03/IMG_0105.jpg	data/images/Kycklingpizza.jpg
287569	Ratatouille med Apetina panéer	Denna rätt är full av antioxidanter, fibrer och protein, vilket gör den både mättande och näringsrik.	Skala och hacka lök. Skala och skär moroten i mindre bitar. Skär squash och paprika i bitar. Skärblomkålen i buketter. Riv vitlök. Hacka dill. Hetta upp en stekpanna med olivolja och fräs alltihop tillsammans med vitlök i några minuter. Blanda ner krossade tomater, chiliflakes och honung. Krydda med torkade örter, salt och peppar. Låt puttra i 10 minuter. Skär paneéerna i bitar och blanda ner tillsammans med dill. Låt allt bli varmt och servera på tallrik. Dekorera med dillkvistar.	https://functionalfoods.se/wp-content/uploads/2025/03/IMG_6742.jpg	data/images/Ratatouille med Apetina panéer.jpg
287567	Kycklingfärswok	En snabb och smakrik kycklingfärswok med färska grönsaker och kryddig smak från ingefära och chili.	Skala och skär morötter i mindre bitar. Skär paprika i bitar. Skär broccoli i buketter och använd även roten och skär i små bitar. Skala och hacka lök. Riv vitlök och ingefära. Finhacka chili. Hetta upp en stekpanna med olja och bryn kycklingfärs, vitlök, chili, ingefära och lök i några minuter. Strö på salt och peppar. Tillsätt grönsakerna och strö på chicken thai wok kryddan. Låt steka i någon minut. Servera med böngroddar och dekorera med limeklyftor och färsk koriander.	https://functionalfoods.se/wp-content/uploads/2025/03/IMG_6722.jpg	data/images/Kycklingfarswok.jpg
287565	Kycklinggryta med rotfrukter och plommon	En mustig och näringsrik kycklinggryta med rotfrukter och plommon, där söta och syrliga smaker möts i en kryddig tomatsås.	Skala och hacka lök och riv vitlöksklyftan fint. Skala och skär rotfrukterna i mindre bitar. Hacka örter. Hetta upp olivolja i en stekpanna och bryn sötpotatis, kyckling, lök och vitlök och strö på kryddor. Lägg över i en gryta och häll på vatten och smula ner en buljongtärning. Lägg ner lagerblad och plommon. Sätt på ett lock och sänk värmen. Låt koka i 40 minuter och späd med vatten om det behövs. Lägg ner palsternacka och häll på konserverade körsbärstomater. Låt koka i ytterligare 5 minuter. Strö på färska örter och servera.	https://functionalfoods.se/wp-content/uploads/2025/03/IMG_4571.jpg	data/images/Kycklinggryta med rotfrukter och plommon.jpg
287550	Råkost med tonfiskröra	En fräsch och näringsrik råkostsallad fylld med fiber från färska grönsaker och en proteinrik tonfiskröra.	Hacka rödlök. Blanda ihop alla ingredienser till tonfiskröran i en skål. Lägg sallad på tallrikar. Skala och skär morötternai tärningar. Strimla selleri. Skär broccoli i buketter och lägg i en skål. Pressa ner citronsaft och strö på salt och peppar. Skär paprika i tärningar. Fördela alla grönsakerna över salladen. Lägg på tonfiskröran.	https://functionalfoods.se/wp-content/uploads/2025/03/IMG_6420.jpg	data/images/Rakost med tonfiskrora.jpg
287548	Kycklingfärs med röda linser	En mättande och näringsrik gryta med proteinrik kycklingfärs och fiberfyllda röda linser.	Skala och finhacka rödlök. Skala och riv vitlök. Skär paprika i tärningar. Hacka persilja. Hetta upp en stekpanna med olivolja och stek kycklingfärs, rödlök, vitlök och paprika några minuter. Strö på kryddor. Tillsätt röda linser. Smula ner buljongtärningen och häll på vatten. Koka ihop 15 min. Späd med mer vatten om det behövs. Strö på hackad persilja.	https://functionalfoods.se/wp-content/uploads/2025/03/IMG_5949.jpg	data/images/Kycklingfars med roda linser.jpg
287521	Äggröra med asiatisk avokadosallad	En mättande och balanserad start på dagen – perfekt för en näringsboost med asiatisk touch!	Hacka avokado, gurka och paprika och lägg ner i en skål. Skala och finhacka lök. Tillsätt olja och limejuice. Finhacka koriander. Dela physalis i två delar och blanda ner. Vispa ihop ägg med grädde, salt och peppar i en skål. Hetta upp en stekpanna med smör och häll ner smeten. Rör om med en träslev i cirka 30 sekunder. Lägg upp äggröran på en tallrik och servera med avokadosalladen. Toppa med en physalis. Servera med böngroddar.	https://functionalfoods.se/wp-content/uploads/2025/03/IMG_5737.jpg	data/images/Aggrora med asiatisk avokadosallad.jpg
287040	Keso med granola och fruktsallad	En fräsch och proteinrik fruktsallad med krämig keso, antioxidanta blåbär och fiberrik müsli.	Skär frukten i bitar. Lägg fruktsallad i en skål. Lägg på keso och müsli.	https://functionalfoods.se/wp-content/uploads/2025/02/IMG_0771.jpg	data/images/Keso med granola och fruktsallad.jpg
287011	Keso med hallon och valnötter	En snabb och näringsrik frukost eller mellanmål med protein från keso, antioxidanter från hallon och nyttiga fetter från valnötter.	Lägg upp keso i en skål och toppa med hallon och valnötter.	https://functionalfoods.se/wp-content/uploads/2025/01/Keso-med-hallon.jpg	data/images/Keso med hallon och valnotter.jpg
287001	Tonfisksallad med äpple	Omega-3 från tonfisk, antioxidanter från äpple och fibrer från salladen gör detta till en lätt men mättande måltid. Den innehåller viktiga näringsämnen för både hjärta och hjärna.	Koka ägg och låt svalna. Skala och strimla rödlök. Skär paprika i mindre bitar. Kärna ur och skiva äpple. Skiva oliver. Låt tonfisk rinna av i ett durkslag. Skala och skär ägg i mindre bitar. Placera ut salladsbladen på ett fat. Lägg upp ägg, tonfisk, rödlök, paprika och äpple. Garnera med oliver, en persiljekvist samt citronklyfta.	https://functionalfoods.se/wp-content/uploads/2025/01/IMG_5602.jpg	data/images/Tonfisksallad med apple.jpg
286994	Pokebowl med kyckling	En fräsch och färgstark poké bowl med kyckling, blomkålsris och en rad näringsrika tillbehör.	Skala och riv vitlök och ingefära. Lägg kycklingen i en plastpåse och blanda ner vitlök, ingefära och ketjapmanis. Riv blomkålen på ett rivjärn eller mixa i en matberedare till ett ris. Lägg i en skål och blanda ner koriander, juice från lime, salt och peppar. Hetta upp en stekpanna med olja och bryn kycklingen. Häll på vatten och låt ångkoka i 10 minuter eller till kycklingen är klar. Skiva i bitar. Lägg strimlad sallad i botten på två djupa skålar. Fördela blomkålsriset över. Skiva sockerärtor och skär mango i bitar. Finhacka morot. Lägg på salladen tillsammans med sojabönor och kyckling. Toppa med sesamfrön. Lägg på övrig topping om du vill. Servera med yoghurtcréme.	https://functionalfoods.se/wp-content/uploads/2025/01/Pokebowl.jpg	data/images/Pokebowl med kyckling.jpg
286986	Het ratatouille	En värmande och smakrik ratatouille fylld med näringsrika grönsaker, antioxidanter och fibrer.	Skär rödlök, squash och paprika i bitar. Dela moroten i bitar. Dela blomkålen i små buketter. Riv vitlöken fint. Hetta upp en stekpanna med olivolja och fräs grönsakerna ihop med vitlök i några minuter. Blanda ner krossade tomater, chiliflakes och honung. Krydda med torkade örter, salt och peppar. Låt puttra i 10 minuter. Lägg upp på en tallrik och servera med rucolasallad.	https://functionalfoods.se/wp-content/uploads/2025/01/Ratatouille.jpg	data/images/Het ratatouille.jpg
286968	Yoghurt med ketomüsli	Tillsammans utgör yoghurten och ketomüslin en näringsrik frukost som är rik på protein, nyttiga fetter och fibrer. Det bidrar till en jämnare blodsockernivå och lång mättnadskänsla.	Lägg yoghurt i en skål. Lägg på ketomüsli.	https://functionalfoods.se/wp-content/uploads/2025/01/IMG_6047.jpg	data/images/Yoghurt med ketomüsli.jpg
286956	Indiska kycklingbullar	En rätt som kombinerar aromatiska kryddor och hälsosamma ingredienser. Kycklingfärsen bidrar med högkvalitativt protein, ingefäran ger en boost till immunförsvaret och matsmältningen, och cashewnötterna tillför nyttiga fetter och mineraler.	Lägg kycklingfärs i en bunke. finhacka purjolök. Skala och riv vitlök och ingefära. Blanda ner purjolök, vitlök, ingefära, ketjapmanis, srirachasås och koriander. Strö på salt och peppar. Rulla till bollar i lagom storlek. Hetta upp en stekpanna med smör och bryn bullarna i några minuter. Ställ åt sidan. Skala och hacka lök grovt och riv vitlök fint. Skär paprika i bitar. Stek lök, vitlök och paprika i olivolja i ett par minuter. Häll i korma sås och låt koka ihop. Lägg ner kycklingbullar och cocktailtomater. Låt allting koka ihop. Låt sjuda i 5 minuter och späd med vatten om det behövs. Toppa med koriander och cashewnötter.	https://functionalfoods.se/wp-content/uploads/2025/01/IMG_4453.jpg	data/images/Indiska kycklingbullar.jpg
286953	Lammfärsbiffar med grekisk sallad	Lammfärsens protein och järn stödjer energi och muskelhälsa, medan fetaost och pumpafrön tillför viktiga mineraler och vitaminer. Den grekiska salladen bidrar med antioxidanter och fibrer, vilket gör denna rätt till en hälsosam och smakrik favorit!	Sätt ugnen på 200 grader. Hacka rödlök och riv vitlök. Lägg färs i en skål och blanda ner lök, vitlök och kryddor. Blanda om och forma till biffar. Lägg i en ugnsfast form och tryck ner smulad fetaost och soltorkade körsbärstomater i biffarna. Sätt in i ugnen i 20 minuter. Skär alla grönsaker och lök i mindre bitar och lägg i en skål. Hacka persilja. Blanda ner oliver, olja, balsamico, salladskrydda, salt, peppar och persilja. Smula över fetaost. Hetta upp en stekpanna och rosta pumpakärnorna. Lägg över salladen. Gör tzatziki genom att blanda ihop alla ingredienser i en skål. Lägg persilja runt lammfärsbiffarna och servera med den grekiska salladen och tzatziki.	https://functionalfoods.se/wp-content/uploads/2025/01/IMG_5941.jpg	data/images/Lammfarsbiffar med grekisk sallad.jpg
286951	Asiatisk torsk	Asiatisk torsk är en snabb och lätt måltid som kombinerar näringsrika råvaror för både smak och hälsa.	Salta och peppra torsken. Hetta upp en stekpanna med olja och stek torsken i 2 minuter per sida. Lägg pak choi på en tallrik. Skiva champinjoner, salladslök och röd chili. Strimla sockerärtor. Skala och riv ingefära och vitlök fint. Stek grönsakerna i olja, ingefära och vitlök. Krydda med salt och peppar. Lägg torsken ovan på pak choi och servera med stekta grönsaker. Dekorera med lite färsk koriander.	https://functionalfoods.se/wp-content/uploads/2025/01/IMG_5261.jpg	data/images/Asiatisk torsk.jpg
286945	Indisk wok med sjögräsnudlar och kyckling	Denna indiska wok är inte bara smakrik utan även näringsrik. Sjögräsnudlar tillför viktiga mineraler och fibrer, medan ingefäran ger antiinflammatoriska fördelar och stödjer matsmältningen.	Skala och hacka lök. Riv vitlök och ingefära. Strimla chili och purjolök. Skär alla grönsaker i mindre bitar. Häll olivolja i en stekpanna och lägg ner kycklingfärs, chili, vitlök, lök och ingefära. Låt steka i några minuter och tillsätt Tikka Masala krydda och kokosgrädde. Blanda ner alla grönsaker och låt koka ihop i någon minut. Tillsätt sjögräsnudlar och thaibasilika och låt allt bli varmt. Rosta cashewnötterna i en torr stekpanna och tillsätt curry, salt och lite honung. Strö över purjolök och cashewnötter över woken och dekorera med thaibasilika.	https://functionalfoods.se/wp-content/uploads/2025/01/IMG_5868.jpg	data/images/Indisk wok med sjograsnudlar och kyckling.jpg
286941	Äpple med jordnötskräm	En snabba och enkel rätt som inte bara är ett gott mellanmål utan också näringsrikt. Äpplet bidrar med fibrer och antioxidanter, medan jordnötssmöret ger en mättande kombination av protein och hälsosamma fetter.	Skär äpplet i skivor. Blanda jordnötssmör med koksgrädde i en skål. Tillsätt agavesirap. Lägg äppelskivorna på en tallrik. Placera jordnötskrämen ovanpå. Hacka jordnötter och strö över.	https://functionalfoods.se/wp-content/uploads/2025/01/IMG_7740.jpg	data/images/Apple med jordnotskram.jpg
286939	Västerbottenpizza med skaldjur	Västerbottenpizzan med skaldjur är en näringsrik rätt med en balans mellan protein, hälsosamma fetter och antioxidanter!	Sätt ugnen på 200 grader. Blanda alla ingredienser till degen och låt svälla i 5 minuter. Lägg ett bakplåtspapper på en plåt och klicka ut två pizzor av degen. Platta till och förgrädda i cirka 10 minuter. Ta ut pizzan. Bred på ett jämnt lager tomatsås med hjälp av en sked. Skär mozzarella i skivor och fördela över pizzorna. Skiva rödlök och lägg över och strö på kryddor. Grädda i ugnen tills osten blivit gyllenbrun, cirka 7-8 minuter. Strimla sockerärtor och lägg på pizzorna. Toppa med skaldjur. Dekorera med dillkvistar. Servera med citronklyftor och srirachasås.	https://functionalfoods.se/wp-content/uploads/2025/01/IMG_6930.jpg	data/images/Vasterbottenpizza med skaldjur.jpg
286936	Spenatsoppa med halloumi och solrosfrön	En lättlagad och hälsosam rätt med positiva effekter på blodcirkulationen.	Skala och hacka lök och riv vitlök. Hetta upp en stekpanna med olja och bryn lök och vitlök. Lägg ner spenat, buljongtärning och häll på vatten. Låt koka i 10 minuter. Mixa soppan slät i en matberedare. Häll tillbaka soppan i kastrullen och tillsätt havregrädde. Smaka av med salt och peppar och häll upp i skålar. Skär halloumi i tärningar och stek i olivolja. Toppa soppan med halloumi och böngroddar.	https://functionalfoods.se/wp-content/uploads/2025/01/Spenatsoppa-med-halloumi-1.png	data/images/Spenatsoppa med halloumi och solrosfron.png
286934	Rostad fänkål och rödbeta med getost	En härlig vegetarisk rätt som är både smakrik och näringsrik!	Sätt ugnen på 200 grader. Skala och skär rödbetor i tärningar. Lägg i en skål. Tillsätt honung, salt, peppar, örtagårdskrydda samt olivolja. Blanda om. Lägg på en plåt. Skär fänkål i klyftor. Skala och skär lök på mitten i två delar. Lägg fänkål och lök tillsammans med rödbetorna på plåten. Ugnsbaka i 15 minuter. Ta ut plåten. Höj värmen till 225 grader. Skiva getost i två skivor. Placera getost på lök halvorna. Blanda ihop pumpafrön, flytande honung och salt i en skål och fördela bladningen på vardera getostskiva. Ugnsbaka i ytterligare 2-3 minuter. Ta ut plåten och dekorera med granatäppelkärnor och persiljekvistar.	https://functionalfoods.se/wp-content/uploads/2025/01/IMG_7717.jpg	data/images/Rostad fankal och rodbeta med getost.jpg
286932	Sötpotatisgryta med bönor	En läcker och värmande gryta med svarta bönor som är fyllda med protein och fibrer.	Finhacka vitlök. Hacka persilja. Skär alla grönsaker i mindre bitar. Hetta upp en stekpanna med olja och bryn vitlök, lök och grönsaker i några minuter. Tillsätt alla kryddor och smula ner buljongtärningen. Häll på krossade tomater, srirashasås och vatten. Låt sjuda i cirka 20 minuter. Rör om då och då och späd med mer vatten om det behövs. Skölj bönorna och blanda ner i grytan. Strö på persilja och servera med grekisk yoghurt.	https://functionalfoods.se/wp-content/uploads/2025/01/IMG_4556.jpg	data/images/Sotpotatisgryta med bonor.jpg
286904	Tomatsoppa från medelhavet med fetaost	Denna läckra soppa innehåller antioxidanter och C-vitamin från tomaterna, honungen bidrar med sina antiinflammatoriska egenskaper och vitlöken främjar hjärt-kärlhälsa.	Skala och hacka lök och vitlök. Hetta upp en kastrull med olja och bryn lök och vitlök i någon minut. Tillsätt krossade tomater, vatten och honung. Smula i buljongtärningen ochl ägg ner kryddor. Koka upp och låt sjuda i 10 minuter. Lägg soppan i en matberedare och mixa ihop eller använd en stavmixer. Blanda ner tomater och låt allt bli varmt. Torr rosta solrosfrön i en stekpanna tills gyllene. Servera med fetaost, solrosfrön och pesto. Dekorera meden kvist basilika.	https://functionalfoods.se/wp-content/uploads/2025/01/IMG_4612.jpg	data/images/Tomatsoppa fran medelhavet med fetaost.jpg
286790	Havregrynsgröt med valnötter och bär	En frukost som innehåller fibrer och prebiotika som är bra för matsmältningen. Valnötterna ger dig en dos med omega-3 och blåbär är en utmärkt källa till antioxidanter.	Lägg havregryn, vatten och salt i en kastrull. Koka upp och sjud i 3 minuter. Lägg gröten i en skål. Toppa med valnötter, blåbär och granatäppelkärnor. Servera med mjölk.	https://functionalfoods.se/wp-content/uploads/2024/11/Havregryn-valnotter-kopia.jpg	data/images/Havregrynsgrot med valnotter och bar.jpg
286788	Havregrynsgröt med äpple och kanel	En frukost där du startar dagen med att få i dig fibrer från både havregryn och äpple. Kanel hjälper dig med att stabilisera ditt blodsocker och har antiinflammatoriska egenskaper.	Lägg havregryn, vatten och salt i en kastrull. Koka upp och sjud i cirka 3 minuter. Hacka äpplet och spara några skivor till dekoration. Lägg gröten i en skål och toppa med hackat äpple, kanel och frön. Dekorera med äppelskivor. Servera med mjölk.	https://functionalfoods.se/wp-content/uploads/2024/11/Havre-apple-kopia.jpg	data/images/Havregrynsgrot med apple och kanel.jpg
286768	Papayabåtar	En fräsch efterrätt med papaya som förbättrar matsmältningen och denna dessert är en riktig c-vitaminbomb!	Dela papayan och gröp ur kärnhuset. Skär frukt i bitar och fyll papayan med frukt och bär. Hacka chokladen och lägg över. Toppa med med kokosflingor.	https://functionalfoods.se/wp-content/uploads/2024/11/Papayabåt-med-frukt.jpg	
286767	Glutenfri kladdkaka med lakrits och hallon	En läcker kladdkaka med mörk choklad som är full av antioxidanten flavonoider!	Sätt ugnen på 175 grader. Smält smör och choklad i en kastrull. Vispa ägg och sukrin fluffigt. Rör ner choklad-och smörblandningen och tillsätt mandelmjöl och bakpulver. Vispa ihop och häll smeten i en bakplåtsklädd pajform med avtagbar kant. Strö på riven saltlakrits och grädda i 10 minuter i ugnen. Toppa med krossade frystorkade hallon och låt svalna	https://functionalfoods.se/wp-content/uploads/2024/11/IMG_6019.jpg	data/images/Glutenfri kladdkaka med lakrits och hallon.jpg
286766	Köttfärsfylld squash	En lättlagad rätt som innehåller flertalet antioxidanter!	Sätt ugnen på 200 grader. Dela squash på längden och gröp ur den. Hacka köttet från squashen fint. Skala och finhacka rödlök och riv vitlök. Finhacka paprika. Hetta upp en stekpanna med olivolja och stek färs, squashbitar, lök, vitlök och paprika i några minuter. Tillsätt salt, peppar, örtagårdskrydda, curry och sambal oelek. Tillsätt hackad persilja. Placera squashhalvorna på en plåt. Fyll squashen med köttfärsblandningen. Smula över fetaost. Grädda i ugnen i 15 min. Toppa med hackade pistagenötter och granatäpplekärnor. Dekorera med persiljekvistar.	https://functionalfoods.se/wp-content/uploads/2024/11/IMG_5621.jpg	data/images/Kottfarsfylld squash.jpg
286765	Kycklingburgare med citronkräm	En spännande burgare berikad med antioxidanter, probiotika och örter!	Lägg kycklingfärs i en skål. Riv skalet på citronen till både såsen och hamburgaren. Tillsätt citronzest, salt och svartpeppar. Hacka dill och blanda ner. Forma till en biff. Hetta upp en stekpanna med en ½ tsk olivolja. Stek sparris och sockerärtor ett par minuter. Salta och peppra. Lägg upp på ett fat och strö över hackad dill. Hetta upp en stekpanna med resterande olivolja och bryn kycklingburgaren ett par minuter på varje sida. Lägg burgaren på bädden av sparris och sockerärtor. Blanda yoghurt med citronzest. Salta och peppra. Hacka dill och blanda ner. Lägg citronkräm på kycklingburgaren. Strimla rädisor och lägg över. Dekorera med en citronklyfta och en dillkvist.	https://functionalfoods.se/wp-content/uploads/2024/11/IMG_7917.jpg	data/images/Kycklingburgare med citronkram.jpg
286755	Spenat och grönkål med ägg	En smidig och fräsch vegarisk frukost där du får i dig ett högt näringsinnehåll av grönkål och bladspenat!	Sätt ugnen på 200 grader. Skala och finhacka löken och riv vitlök fint. Skiva champinjoner. Hetta upp en stekpanna med smör. Bryn löken och tillsätt spenat, grönkål och champinjoner. Lägg blandningen i en ugnsform. Toppa med ost och knäck över äggen. Krydda med salt och peppar. Gratinera i 10 minuter.	https://functionalfoods.se/wp-content/uploads/2024/11/IMG_6098.jpg	data/images/Spenat och gronkal med agg.jpg
286754	Bananplättar med keso och hallon	Bananplättar är fyllda av prebiotika och du får en dos antioxidanter av hallonen. Bjud hela familjen på denna bra frukost!	Mosa bananen i en skål och knäck ner ägget. Vispa runt och blanda i vaniljpulver. Hetta upp en stekpanna med smör och klicka ner plättar. Grädda i någon minut per sida. Lägg plättarna på en tallrik. Servera med keso och hallon.	https://functionalfoods.se/wp-content/uploads/2024/11/IMG_5990.jpg	data/images/Bananplattar med keso och hallon.jpg
286750	Havregrynsgröt med ananas	En exotisk gröt fylld med antiinflammatoriska egenskaper!	Lägg havregyn, vatten och salt i en kastrull. Låt koka 2-3 minuter. Blanda ned kokosskivor och ananas. Späd med mer vatten om det behövs. Lägg gröten i en skål och servera med havremjölk.	https://functionalfoods.se/wp-content/uploads/2024/11/Havregrynsgrot-kopia.jpg	data/images/Havregrynsgrot med ananas.jpg
