post_id	title	ingredient_label	base_amount	base_unit	multiplier	final_amount	final_unit	note	is_functional
287583	Spenatsoppa med rostade pumpafrön	vitlök (1 klyfta)	1.0	klyfta	1.0	1.0	klyfta		0
287583	Spenatsoppa med rostade pumpafrön	färsk ingefära (1 tsk)	1.0	tsk	1.0	1.0	tsk		1
287583	Spenatsoppa med rostade pumpafrön	olivolja (1 msk)	1.0	msk	1.0	1.0	msk		1
287583	Spenatsoppa med rostade pumpafrön	fryst spenat (100 g)	100.0	g	1.5	150.0	g		0
287583	Spenatsoppa med rostade pumpafrön	vatten (1 dl)	1.0	dl	2.0	2.0	dl		0
287583	Spenatsoppa med rostade pumpafrön	konserverade vita bönor (100 g)	100.0	g	2.0	200.0	g		0
287583	Spenatsoppa med rostade pumpafrön	kokosmjölk (100 ml)	100.0	ml	4.0	400.0	ml		0
287583	Spenatsoppa med rostade pumpafrön	srirachasås (1 tsk)	1.0	tsk	0.5	0.5	tsk		0
287583	Spenatsoppa med rostade pumpafrön	salt och svartpeppar	None	None	None	None	None		0
287583	Spenatsoppa med rostade pumpafrön	pumpafrön (1 msk)	1.0	msk	1.0	1.0	msk		1
287583	Spenatsoppa med rostade pumpafrön	honung (1 tsk)	1.0	tsk	0.5	0.5	tsk		0
287583	Spenatsoppa med rostade pumpafrön	kokosskivor (1 msk)	1.0	msk	2.0	2.0	msk		0
287585	Macka med ost	morot- och kesolimpa (1 skiva)	1.0	skiva	1.0	1.0	skiva		1
287585	Macka med ost	smör (1 tsk)	1.0	tsk	1.0	1.0	tsk		0
287585	Macka med ost	ost (1 skiva)	1.0	skiva	1.0	1.0	skiva		0
287585	Macka med ost	paprikaringar (1 st)	1.0	st	2.0	2.0	st		1
287581	Grön juice	spenat (100 g)	100.0	g	0.4	40.0	g		1
287581	Grön juice	selleristjälkar (1 st)	1.0	st	4.0	4.0	st		1
287581	Grön juice	apelsiner (1 st)	1.0	st	2.0	2.0	st		0
287581	Grön juice	färsk ingefära (1 msk)	1.0	msk	1.0	1.0	msk		1
287581	Grön juice	lime (1 st)	1.0	st	1.0	1.0	st		0
287581	Grön juice	vatten (1 dl)	1.0	dl	1.5	1.5	dl		0
287579	Stekt ägg med champinjoner	ägg (1 st)	1.0	st	2.0	2.0	st		1
287579	Stekt ägg med champinjoner	färska champinjoner (1 st)	1.0	st	5.0	5.0	st		1
287579	Stekt ägg med champinjoner	smör (1 tsk)	1.0	tsk	1.0	1.0	tsk		0
287579	Stekt ägg med champinjoner	sötstark senap (1 msk)	1.0	msk	0.5	0.5	msk		0
287579	Stekt ägg med champinjoner	färsk persilja (1 kvist)	1.0	kvist	1.0	1.0	kvist		1
287577	Ägghack i salladsblad	kokta ägg (1 st)	1.0	st	2.0	2.0	st		1
287577	Ägghack i salladsblad	majonäs (1 msk)	1.0	msk	1.0	1.0	msk		0
287577	Ägghack i salladsblad	salt och svartpeppar	None	None	None	None	None		0
287577	Ägghack i salladsblad	romansallad (1 blad)	1.0	blad	2.0	2.0	blad		1
287577	Ägghack i salladsblad	färsk dill (1 msk)	1.0	msk	0.5	0.5	msk		0
287577	Ägghack i salladsblad	cocktailtomater (1 st)	1.0	st	3.0	3.0	st		0
287577	Ägghack i salladsblad	färsk dill (1 kvist)	1.0	kvist	1.0	1.0	kvist		1
287575	Overnightoats med morot	havregryn (1 dl)	1.0	dl	1.0	1.0	dl		0
287575	Overnightoats med morot	mjölk (1 dl)	1.0	dl	1.0	1.0	dl		0
287575	Overnightoats med morot	grekisk yoghurt (1 dl)	1.0	dl	0.5	0.5	dl		0
287575	Overnightoats med morot	morot (1 st)	1.0	st	0.25	0.25	st		1
287575	Overnightoats med morot	agavesirap (1 tsk)	1.0	tsk	1.0	1.0	tsk		0
287575	Overnightoats med morot	salt (1 krm)	1.0	krm	1.0	1.0	krm		0
287575	Overnightoats med morot	kanel (1 tsk)	1.0	tsk	0.5	0.5	tsk		0
287575	Overnightoats med morot	vaniljpulver (1 krm)	1.0	krm	1.0	1.0	krm		0
287575	Overnightoats med morot	russin (1 msk)	1.0	msk	1.0	1.0	msk		0
287575	Overnightoats med morot	valnötter (1 msk)	1.0	msk	1.0	1.0	msk		0
287575	Overnightoats med morot	chiafrön (1 msk)	1.0	msk	0.5	0.5	msk		1
287575	Overnightoats med morot	valnötter (1 st)	1.0	st	2.0	2.0	st		1
287573	Yoghurt med bovetegranola och frukt	grekisk yoghurt (1 dl)	1.0	dl	1.0	1.0	dl		1
287573	Yoghurt med bovetegranola och frukt	färsk mango (1 st)	1.0	st	0.25	0.25	st		0
287573	Yoghurt med bovetegranola och frukt	kiwi (1 st)	1.0	st	1.0	1.0	st		1
287573	Yoghurt med bovetegranola och frukt	bovetegranola (1 portion)	1.0	portion	1.0	1.0	portion		1
287571	Smoothiebowl med mango och pistagenötter	fryst mango (1 dl)	1.0	dl	2.0	2.0	dl		0
287571	Smoothiebowl med mango och pistagenötter	banan (1 st)	1.0	st	0.5	0.5	st		0
287571	Smoothiebowl med mango och pistagenötter	havregryn (1 dl)	1.0	dl	0.5	0.5	dl		0
287571	Smoothiebowl med mango och pistagenötter	grekisk yoghurt (1 dl)	1.0	dl	1.0	1.0	dl		0
287571	Smoothiebowl med mango och pistagenötter	agavesirap (1 tsk)	1.0	tsk	1.0	1.0	tsk		0
287571	Smoothiebowl med mango och pistagenötter	färsk mango (1 st)	1.0	st	0.25	0.25	st		1
287571	Smoothiebowl med mango och pistagenötter	pistagenötter (1 msk)	1.0	msk	1.0	1.0	msk		1
287571	Smoothiebowl med mango och pistagenötter	hampafrön (1 msk)	1.0	msk	0.5	0.5	msk		0
287571	Smoothiebowl med mango och pistagenötter	granatäppelkärnor (1 dl)	1.0	dl	0.5	0.5	dl		1
287508	Bovetegranola	hel bovete (1 dl)	1.0	dl	2.5	2.5	dl		1
287508	Bovetegranola	kokande vatten (1 dl)	1.0	dl	5.0	5.0	dl		0
287508	Bovetegranola	havregryn (1 dl)	1.0	dl	3.0	3.0	dl		0
287508	Bovetegranola	mandel (1 dl)	1.0	dl	1.0	1.0	dl		0
287508	Bovetegranola	valnötter (1 dl)	1.0	dl	1.0	1.0	dl		1
287508	Bovetegranola	solroskärnor (1 dl)	1.0	dl	1.0	1.0	dl		0
287508	Bovetegranola	salt (1 krm)	1.0	krm	1.0	1.0	krm		0
287508	Bovetegranola	vaniljsocker (1 msk)	1.0	msk	1.0	1.0	msk		0
287508	Bovetegranola	kokosolja (1 dl)	1.0	dl	1.0	1.0	dl		1
287508	Bovetegranola	honung (1 msk)	1.0	msk	3.0	3.0	msk		0
287508	Bovetegranola	kokosflingor (1 dl)	1.0	dl	1.0	1.0	dl		0
287508	Bovetegranola	kokosskivor (1 dl)	1.0	dl	1.0	1.0	dl		0
287508	Bovetegranola	torkad papaya (1 dl)	1.0	dl	1.5	1.5	dl		0
287562	Citronkaka med äpple och kardemumma	smör (100 g)	100.0	g	1.5	150.0	g		0
287562	Citronkaka med äpple och kardemumma	mandelmjöl (1 dl)	1.0	dl	2.25	2.25	dl		1
287562	Citronkaka med äpple och kardemumma	havregryn (1 dl)	1.0	dl	2.25	2.25	dl		0
287562	Citronkaka med äpple och kardemumma	vaniljsocker (1 tsk)	1.0	tsk	2.0	2.0	tsk		0
287562	Citronkaka med äpple och kardemumma	agavesirap (1 dl)	1.0	dl	0.5	0.5	dl		0
287562	Citronkaka med äpple och kardemumma	havregrädde (1 dl)	1.0	dl	2.0	2.0	dl		0
287562	Citronkaka med äpple och kardemumma	färskost naturell (100 g)	100.0	g	1.4	140.0	g		0
287562	Citronkaka med äpple och kardemumma	lemoncurd (100 g)	100.0	g	1.25	125.0	g		0
287562	Citronkaka med äpple och kardemumma	citron (1 st)	1.0	st	1.0	1.0	st		1
287562	Citronkaka med äpple och kardemumma	kardemumma (1 tsk)	1.0	tsk	1.0	1.0	tsk		0
287562	Citronkaka med äpple och kardemumma	äpplen (1 st)	1.0	st	2.0	2.0	st		1
287560	Entrecote med haricots verts och bearnaisesås	entrecote (100 g)	100.0	g	3.0	300.0	g		1
287560	Entrecote med haricots verts och bearnaisesås	salt och svartpeppar	None	None	None	None	None		0
287560	Entrecote med haricots verts och bearnaisesås	smör (1 tsk)	1.0	tsk	1.0	1.0	tsk		0
287560	Entrecote med haricots verts och bearnaisesås	haricots verts (100 g)	100.0	g	2.0	200.0	g		1
287560	Entrecote med haricots verts och bearnaisesås	örtagårdskrydda (1 krm)	1.0	krm	1.0	1.0	krm		0
287560	Entrecote med haricots verts och bearnaisesås	bearnaisesås (1 msk)	1.0	msk	2.0	2.0	msk		0
287558	Köttfärsbiffar med mozzarella och tomatsallad	nötfärs (100 g)	100.0	g	3.5	350.0	g		0
287558	Köttfärsbiffar med mozzarella och tomatsallad	rödlök (1 st)	1.0	st	0.5	0.5	st		0
287558	Köttfärsbiffar med mozzarella och tomatsallad	basilikablad (1 st)	1.0	st	8.0	8.0	st		0
287558	Köttfärsbiffar med mozzarella och tomatsallad	soltorkade tomater (1 st)	1.0	st	4.0	4.0	st		0
287558	Köttfärsbiffar med mozzarella och tomatsallad	örtagårdskrydda (1 tsk)	1.0	tsk	1.0	1.0	tsk		0
287558	Köttfärsbiffar med mozzarella och tomatsallad	salt och svartpeppar	None	None	None	None	None		0
287558	Köttfärsbiffar med mozzarella och tomatsallad	mozzarella (100 g)	100.0	g	1.25	125.0	g		0
287558	Köttfärsbiffar med mozzarella och tomatsallad	tomater (1 st)	1.0	st	3.0	3.0	st		0
287558	Köttfärsbiffar med mozzarella och tomatsallad	fänkål (1 st)	1.0	st	0.5	0.5	st		1
287558	Köttfärsbiffar med mozzarella och tomatsallad	färsk basilika (1 msk)	1.0	msk	2.0	2.0	msk		1
287558	Köttfärsbiffar med mozzarella och tomatsallad	olivolja (1 msk)	1.0	msk	0.5	0.5	msk		0
287558	Köttfärsbiffar med mozzarella och tomatsallad	äppelcidervinäger (1 msk)	1.0	msk	0.5	0.5	msk		0
287558	Köttfärsbiffar med mozzarella och tomatsallad	honung (1 tsk)	1.0	tsk	0.5	0.5	tsk		0
287558	Köttfärsbiffar med mozzarella och tomatsallad	rucola (100 g)	100.0	g	0.4	40.0	g		0
287558	Köttfärsbiffar med mozzarella och tomatsallad	pumpakärnor (1 msk)	1.0	msk	0.5	0.5	msk		1
287556	Laxgratäng med broccoli och scampi	fryst scampi (100 g)	100.0	g	1.5	150.0	g		0
287556	Laxgratäng med broccoli och scampi	laxfilé (100 g)	100.0	g	2.0	200.0	g		1
287556	Laxgratäng med broccoli och scampi	salt och svartpeppar	None	None	None	None	None		0
287556	Laxgratäng med broccoli och scampi	vitlök (1 klyfta)	1.0	klyfta	1.0	1.0	klyfta		0
287556	Laxgratäng med broccoli och scampi	gul lök (1 st)	1.0	st	0.5	0.5	st		0
287556	Laxgratäng med broccoli och scampi	röd chili (1 st)	1.0	st	0.5	0.5	st		0
287556	Laxgratäng med broccoli och scampi	olivolja (1 tsk)	1.0	tsk	1.0	1.0	tsk		0
287556	Laxgratäng med broccoli och scampi	broccolistånd (1 st)	1.0	st	0.5	0.5	st		0
287556	Laxgratäng med broccoli och scampi	brysselkål (1 st)	1.0	st	10.0	10.0	st		1
287556	Laxgratäng med broccoli och scampi	kokosmjölk (100 ml)	100.0	ml	2.0	200.0	ml		1
287556	Laxgratäng med broccoli och scampi	vatten (1 dl)	1.0	dl	1.0	1.0	dl		0
287556	Laxgratäng med broccoli och scampi	riven pepparrot på tub (1 msk)	1.0	msk	2.0	2.0	msk		0
287556	Laxgratäng med broccoli och scampi	färsk persilja (1 msk)	1.0	msk	2.0	2.0	msk		0
287556	Laxgratäng med broccoli och scampi	riven ost (1 dl)	1.0	dl	1.5	1.5	dl		0
287552	Grönsakswok med tonfisk och ägg	vitlök (1 klyfta)	1.0	klyfta	0.25	0.25	klyfta		0
287552	Grönsakswok med tonfisk och ägg	färsk ingefära (1 tsk)	1.0	tsk	0.5	0.5	tsk		1
287552	Grönsakswok med tonfisk och ägg	gul lök (1 st)	1.0	st	0.25	0.25	st		0
287552	Grönsakswok med tonfisk och ägg	paprika (1 st)	1.0	st	0.75	0.75	st		0
287552	Grönsakswok med tonfisk och ägg	haricots verts (100 g)	100.0	g	1.0	100.0	g		0
287552	Grönsakswok med tonfisk och ägg	purjolök (1 cm)	1.0	cm	5.0	5.0	cm		0
287552	Grönsakswok med tonfisk och ägg	olivolja (1 msk)	1.0	msk	0.5	0.5	msk		0
287552	Grönsakswok med tonfisk och ägg	ägg (1 st)	1.0	st	2.0	2.0	st		0
287552	Grönsakswok med tonfisk och ägg	rödkål (100 g)	100.0	g	1.0	100.0	g		1
287552	Grönsakswok med tonfisk och ägg	salt och svartpeppar	None	None	None	None	None		0
287552	Grönsakswok med tonfisk och ägg	citronklyfta (1 st)	1.0	st	1.0	1.0	st		0
287552	Grönsakswok med tonfisk och ägg	färsk dill (1 msk)	1.0	msk	2.0	2.0	msk		0
287552	Grönsakswok med tonfisk och ägg	tonfisk hela filéer på burk (100 g)	100.0	g	2.0	200.0	g		1
287552	Grönsakswok med tonfisk och ägg	furikakekrydda (1 krm)	1.0	krm	1.0	1.0	krm		0
287552	Grönsakswok med tonfisk och ägg	färska dillkvistar (1 st)	1.0	st	2.0	2.0	st		0
287547	Kycklinggryta från medelhavet	gul lök (1 st)	1.0	st	1.0	1.0	st		0
287547	Kycklinggryta från medelhavet	vitlök (1 klyftor)	1.0	klyftor	2.0	2.0	klyftor		0
287547	Kycklinggryta från medelhavet	squash (1 st)	1.0	st	0.5	0.5	st		0
287547	Kycklinggryta från medelhavet	tomater (1 st)	1.0	st	2.0	2.0	st		1
287547	Kycklinggryta från medelhavet	färska champinjoner (1 st)	1.0	st	10.0	10.0	st		0
287547	Kycklinggryta från medelhavet	selleristjälk (1 st)	1.0	st	2.0	2.0	st		1
287547	Kycklinggryta från medelhavet	paprika (1 st)	1.0	st	1.5	1.5	st		0
287547	Kycklinggryta från medelhavet	olivolja (1 msk)	1.0	msk	0.5	0.5	msk		0
287547	Kycklinggryta från medelhavet	kycklinglår med skinn (100 g)	100.0	g	8.0	800.0	g		1
287547	Kycklinggryta från medelhavet	salt och svartpeppar	None	None	None	None	None		0
287547	Kycklinggryta från medelhavet	örtagårdskrydda (1 tsk)	1.0	tsk	0.5	0.5	tsk		0
287547	Kycklinggryta från medelhavet	olivolja (1 tsk)	1.0	tsk	1.0	1.0	tsk		0
287547	Kycklinggryta från medelhavet	vatten (1 dl)	1.0	dl	4.0	4.0	dl		0
287547	Kycklinggryta från medelhavet	krossade tomater (100 g)	100.0	g	4.0	400.0	g		0
287547	Kycklinggryta från medelhavet	hönsbuljongtärning (1 st)	1.0	st	1.0	1.0	st		0
287547	Kycklinggryta från medelhavet	torkad basilika (1 msk)	1.0	msk	0.5	0.5	msk		0
287547	Kycklinggryta från medelhavet	flytande honung (1 tsk)	1.0	tsk	1.0	1.0	tsk		0
287547	Kycklinggryta från medelhavet	färsk persilja (1 msk)	1.0	msk	2.0	2.0	msk		0
287547	Kycklinggryta från medelhavet	färsk persilja (1 kvist)	1.0	kvist	1.0	1.0	kvist		0
287542	Kycklingburgare med papayasallad	kycklingfärs (100 g)	100.0	g	3.0	300.0	g		1
287542	Kycklingburgare med papayasallad	vitlök (1 klyfta)	1.0	klyfta	1.0	1.0	klyfta		0
287542	Kycklingburgare med papayasallad	salt och svartpeppar	None	None	None	None	None		0
287542	Kycklingburgare med papayasallad	olivolja (1 tsk)	1.0	tsk	1.0	1.0	tsk		0
287542	Kycklingburgare med papayasallad	mozzarella (100 g)	100.0	g	0.75	75.0	g		0
287542	Kycklingburgare med papayasallad	färsk koriander (1 kvistar)	1.0	kvistar	2.0	2.0	kvistar		0
287542	Kycklingburgare med papayasallad	papaya (1 st)	1.0	st	0.25	0.25	st		1
287542	Kycklingburgare med papayasallad	sockerärtor (100 g)	100.0	g	1.0	100.0	g		1
287542	Kycklingburgare med papayasallad	rödlök (1 st)	1.0	st	0.25	0.25	st		0
287542	Kycklingburgare med papayasallad	chili (1 st)	1.0	st	0.25	0.25	st		0
287542	Kycklingburgare med papayasallad	frysta ärtor (100 g)	100.0	g	1.0	100.0	g		0
287542	Kycklingburgare med papayasallad	vit balsamico (1 tsk)	1.0	tsk	1.0	1.0	tsk		0
287542	Kycklingburgare med papayasallad	lime (1 st)	1.0	st	0.25	0.25	st		0
287542	Kycklingburgare med papayasallad	färsk koriander (1 msk)	1.0	msk	2.0	2.0	msk		0
287542	Kycklingburgare med papayasallad	lime (1 klyfta)	1.0	klyfta	1.0	1.0	klyfta		0
287540	Fänkålssallad med grapefrukt och burrata	fänkål (1 st)	1.0	st	1.0	1.0	st		1
287540	Fänkålssallad med grapefrukt och burrata	olivolja (1 msk)	1.0	msk	1.0	1.0	msk		0
287540	Fänkålssallad med grapefrukt och burrata	äppelcidervinäger (1 msk)	1.0	msk	2.0	2.0	msk		0
287540	Fänkålssallad med grapefrukt och burrata	färsk mynta (1 kvistar)	1.0	kvistar	2.0	2.0	kvistar		0
287540	Fänkålssallad med grapefrukt och burrata	salt och svartpeppar	None	None	None	None	None		0
287540	Fänkålssallad med grapefrukt och burrata	grapefrukt (1 st)	1.0	st	1.0	1.0	st		1
287540	Fänkålssallad med grapefrukt och burrata	apelsin (1 st)	1.0	st	1.0	1.0	st		0
287540	Fänkålssallad med grapefrukt och burrata	citron (1 st)	1.0	st	1.0	1.0	st		0
287540	Fänkålssallad med grapefrukt och burrata	burrata (100 g)	100.0	g	1.2	120.0	g		0
287540	Fänkålssallad med grapefrukt och burrata	pistagenötter (1 msk)	1.0	msk	0.5	0.5	msk		1
287540	Fänkålssallad med grapefrukt och burrata	färsk mynta (1 msk)	1.0	msk	1.0	1.0	msk		0
287538	Linssoppa från medelhavet	gul lök (1 st)	1.0	st	0.5	0.5	st		0
287538	Linssoppa från medelhavet	vitlök (1 klyfta)	1.0	klyfta	1.0	1.0	klyfta		0
287538	Linssoppa från medelhavet	paprika (1 st)	1.0	st	0.5	0.5	st		0
287538	Linssoppa från medelhavet	squash (1 st)	1.0	st	0.25	0.25	st		0
287538	Linssoppa från medelhavet	fänkål (1 st)	1.0	st	0.5	0.5	st		1
287538	Linssoppa från medelhavet	haricots verts (100 g)	100.0	g	1.0	100.0	g		0
287538	Linssoppa från medelhavet	soltorkade tomater (1 st)	1.0	st	4.0	4.0	st		0
287538	Linssoppa från medelhavet	olivolja (1 tsk)	1.0	tsk	2.0	2.0	tsk		1
287538	Linssoppa från medelhavet	salt och svartpeppar	None	None	None	None	None		0
287538	Linssoppa från medelhavet	örtkryddor provencale (1 tsk)	1.0	tsk	1.0	1.0	tsk		0
287538	Linssoppa från medelhavet	srirachasås (1 tsk)	1.0	tsk	0.25	0.25	tsk		0
287538	Linssoppa från medelhavet	kycklingbuljongtärning (1 st)	1.0	st	1.0	1.0	st		0
287538	Linssoppa från medelhavet	krossade tomater (100 g)	100.0	g	1.5	150.0	g		0
287538	Linssoppa från medelhavet	vatten (1 liter)	1.0	liter	1.0	1.0	liter		0
287538	Linssoppa från medelhavet	gröna linser (1 dl)	1.0	dl	1.5	1.5	dl		1
287538	Linssoppa från medelhavet	cocktailtomater (1 st)	1.0	st	8.0	8.0	st		0
287538	Linssoppa från medelhavet	färsk basilika (1 msk)	1.0	msk	2.0	2.0	msk		0
287538	Linssoppa från medelhavet	färsk basilika (1 kvist)	1.0	kvist	1.0	1.0	kvist		0
287536	Ugnsomelett med keso och bär	olivolja (1 tsk)	1.0	tsk	0.5	0.5	tsk		0
287536	Ugnsomelett med keso och bär	keso (1 dl)	1.0	dl	2.5	2.5	dl		1
287536	Ugnsomelett med keso och bär	grekisk yoghurt (1 dl)	1.0	dl	0.5	0.5	dl		0
287536	Ugnsomelett med keso och bär	ägg (1 st)	1.0	st	2.0	2.0	st		1
287536	Ugnsomelett med keso och bär	honung (1 msk)	1.0	msk	2.0	2.0	msk		0
287536	Ugnsomelett med keso och bär	vaniljpulver (1 tsk)	1.0	tsk	0.5	0.5	tsk		0
287536	Ugnsomelett med keso och bär	havregryn (1 dl)	1.0	dl	1.0	1.0	dl		1
287536	Ugnsomelett med keso och bär	bakpulver (1 tsk)	1.0	tsk	1.0	1.0	tsk		0
287536	Ugnsomelett med keso och bär	frysta blåbär (1 dl)	1.0	dl	1.0	1.0	dl		0
287536	Ugnsomelett med keso och bär	frysta hallon (1 dl)	1.0	dl	1.0	1.0	dl		0
287534	Omelett med ost och spenat	ägg (1 st)	1.0	st	2.0	2.0	st		1
287534	Omelett med ost och spenat	grädde (1 msk)	1.0	msk	0.5	0.5	msk		0
287534	Omelett med ost och spenat	salt och svartpeppar	None	None	None	None	None		0
287534	Omelett med ost och spenat	riven ost (1 dl)	1.0	dl	0.5	0.5	dl		0
287534	Omelett med ost och spenat	bladspenat (100 g)	100.0	g	0.2	20.0	g		1
287532	Färskostmacka med tomat	morot- och kesolimpa (1 skiva)	1.0	skiva	1.0	1.0	skiva		1
287532	Färskostmacka med tomat	philadelphiaost (1 msk)	1.0	msk	1.0	1.0	msk		0
287532	Färskostmacka med tomat	tomat (1 st)	1.0	st	0.25	0.25	st		1
287527	Morot- och kesolimpa	morot (1 st)	1.0	st	1.0	1.0	st		1
287527	Morot- och kesolimpa	äpple (1 st)	1.0	st	1.0	1.0	st		0
287527	Morot- och kesolimpa	havregryn (1 dl)	1.0	dl	4.0	4.0	dl		1
287527	Morot- och kesolimpa	keso (1 dl)	1.0	dl	2.0	2.0	dl		1
287527	Morot- och kesolimpa	ägg (1 st)	1.0	st	2.0	2.0	st		0
287527	Morot- och kesolimpa	solroskärnor (1 dl)	1.0	dl	1.0	1.0	dl		0
287527	Morot- och kesolimpa	bakpulver (1 tsk)	1.0	tsk	1.0	1.0	tsk		0
287527	Morot- och kesolimpa	salt (1 nypa)	1.0	nypa	1.0	1.0	nypa		0
287527	Morot- och kesolimpa	vallmofrön (1 msk)	1.0	msk	1.0	1.0	msk		0
287525	Choklad- och kokoschiapudding	chiafrön (1 msk)	1.0	msk	4.0	4.0	msk		1
287525	Choklad- och kokoschiapudding	mandelmjölk (1 dl)	1.0	dl	4.0	4.0	dl		1
287525	Choklad- och kokoschiapudding	vaniljpulver (1 tsk)	1.0	tsk	0.5	0.5	tsk		0
287525	Choklad- och kokoschiapudding	honung (1 msk)	1.0	msk	0.5	0.5	msk		0
287525	Choklad- och kokoschiapudding	kakao (1 tsk)	1.0	tsk	2.0	2.0	tsk		1
287525	Choklad- och kokoschiapudding	kokosflingor (1 msk)	1.0	msk	1.0	1.0	msk		0
287525	Choklad- och kokoschiapudding	bovetegranola (1 msk)	1.0	msk	2.0	2.0	msk		0
287525	Choklad- och kokoschiapudding	färska jordgubbar (1 st)	1.0	st	2.0	2.0	st		0
287516	Keso med bovetegranola	keso (1 dl)	1.0	dl	1.0	1.0	dl		1
287516	Keso med bovetegranola	bovetegranola (1 portion)	1.0	portion	1.0	1.0	portion		1
287319	Grundrecept benbuljong	bladselleri (1 stjälkar)	1.0	stjälkar	3.0	3.0	stjälkar		1
287319	Grundrecept benbuljong	morötter (1 st)	1.0	st	3.0	3.0	st		0
287319	Grundrecept benbuljong	fänkål (1 st)	1.0	st	1.0	1.0	st		1
287319	Grundrecept benbuljong	gul lök (1 st)	1.0	st	3.0	3.0	st		0
287319	Grundrecept benbuljong	vitlök (1 klyftor)	1.0	klyftor	2.0	2.0	klyftor		0
287319	Grundrecept benbuljong	pepparkorn (1 msk)	1.0	msk	1.0	1.0	msk		0
287319	Grundrecept benbuljong	märgben (1 st)	1.0	st	4.0	4.0	st		1
287319	Grundrecept benbuljong	citronjuice (1 msk)	1.0	msk	4.0	4.0	msk		0
287319	Grundrecept benbuljong	havssalt (1 tsk)	1.0	tsk	1.0	1.0	tsk		0
287319	Grundrecept benbuljong	vatten	None	None	None	None	None		0
287166	Rökt lax med blomkålsallad och citronyoghurt	blomkålshuvud (1 st)	1.0	st	0.25	0.25	st		1
287166	Rökt lax med blomkålsallad och citronyoghurt	purjolök (1 cm)	1.0	cm	5.0	5.0	cm		0
287166	Rökt lax med blomkålsallad och citronyoghurt	cocktailtomater (1 st)	1.0	st	5.0	5.0	st		0
287166	Rökt lax med blomkålsallad och citronyoghurt	avokado (1 st)	1.0	st	1.0	1.0	st		0
287166	Rökt lax med blomkålsallad och citronyoghurt	olivolja (1 tsk)	1.0	tsk	1.0	1.0	tsk		0
287166	Rökt lax med blomkålsallad och citronyoghurt	salt och svartpeppar	None	None	None	None	None		0
287166	Rökt lax med blomkålsallad och citronyoghurt	citron (1 st)	1.0	st	0.25	0.25	st		0
287166	Rökt lax med blomkålsallad och citronyoghurt	färsk dill (1 msk)	1.0	msk	1.0	1.0	msk		0
287166	Rökt lax med blomkålsallad och citronyoghurt	rucola (1 dl)	1.0	dl	1.0	1.0	dl		0
287166	Rökt lax med blomkålsallad och citronyoghurt	rökt lax (100 g)	100.0	g	1.0	100.0	g		1
287166	Rökt lax med blomkålsallad och citronyoghurt	grekisk yoghurt (1 dl)	1.0	dl	0.5	0.5	dl		1
287166	Rökt lax med blomkålsallad och citronyoghurt	citronzest (1 tsk)	1.0	tsk	1.0	1.0	tsk		0
287166	Rökt lax med blomkålsallad och citronyoghurt	citronklyfta (1 st)	1.0	st	1.0	1.0	st		0
287166	Rökt lax med blomkålsallad och citronyoghurt	färska dillkvistar (1 st)	1.0	st	2.0	2.0	st		0
287164	Grönsakswok med kyckling	kycklingfilé (100 g)	100.0	g	3.0	300.0	g		0
287164	Grönsakswok med kyckling	salt och svartpeppar	None	None	None	None	None		0
287164	Grönsakswok med kyckling	rapsolja (1 tsk)	1.0	tsk	1.0	1.0	tsk		0
287164	Grönsakswok med kyckling	vitlök (1 klyfta)	1.0	klyfta	1.0	1.0	klyfta		1
287164	Grönsakswok med kyckling	färsk ingefära (1 msk)	1.0	msk	0.5	0.5	msk		1
287164	Grönsakswok med kyckling	röd chili (1 st)	1.0	st	0.5	0.5	st		0
287164	Grönsakswok med kyckling	salladslök (1 st)	1.0	st	1.0	1.0	st		0
287164	Grönsakswok med kyckling	frysta wokgrönsaker (100 g)	100.0	g	3.0	300.0	g		0
287164	Grönsakswok med kyckling	teriyakisås (1 dl)	1.0	dl	0.5	0.5	dl		0
287164	Grönsakswok med kyckling	färsk koriander (1 msk)	1.0	msk	1.0	1.0	msk		1
287164	Grönsakswok med kyckling	jordnötter (1 msk)	1.0	msk	1.0	1.0	msk		0
287162	Japansk kycklingfärswok med groddar	morot (1 st)	1.0	st	0.5	0.5	st		0
287162	Japansk kycklingfärswok med groddar	salladslök (1 st)	1.0	st	1.0	1.0	st		0
287162	Japansk kycklingfärswok med groddar	paprika (1 st)	1.0	st	0.5	0.5	st		0
287162	Japansk kycklingfärswok med groddar	squash (1 st)	1.0	st	0.25	0.25	st		0
287162	Japansk kycklingfärswok med groddar	olivolja (1 tsk)	1.0	tsk	1.0	1.0	tsk		0
287162	Japansk kycklingfärswok med groddar	kycklingfärs (100 g)	100.0	g	2.0	200.0	g		0
287162	Japansk kycklingfärswok med groddar	vitlök (1 klyfta)	1.0	klyfta	1.0	1.0	klyfta		1
287162	Japansk kycklingfärswok med groddar	röd chili (1 st)	1.0	st	0.5	0.5	st		0
287162	Japansk kycklingfärswok med groddar	färsk ingefära (1 msk)	1.0	msk	0.5	0.5	msk		1
287162	Japansk kycklingfärswok med groddar	sesamolja (1 tsk)	1.0	tsk	1.0	1.0	tsk		0
287162	Japansk kycklingfärswok med groddar	sambal oelek (1 tsk)	1.0	tsk	1.0	1.0	tsk		0
287162	Japansk kycklingfärswok med groddar	salt och svartpeppar	None	None	None	None	None		0
287162	Japansk kycklingfärswok med groddar	teriyakisås (1 msk)	1.0	msk	3.0	3.0	msk		0
287162	Japansk kycklingfärswok med groddar	sockerärtor (100 g)	100.0	g	1.0	100.0	g		0
287162	Japansk kycklingfärswok med groddar	lime (1 st)	1.0	st	0.25	0.25	st		0
287162	Japansk kycklingfärswok med groddar	färsk gräslök (1 msk)	1.0	msk	1.0	1.0	msk		0
287162	Japansk kycklingfärswok med groddar	böngroddar (100 g)	100.0	g	1.5	150.0	g		1
287162	Japansk kycklingfärswok med groddar	furikakekrydda (1 msk)	1.0	msk	1.0	1.0	msk		0
287084	Hallon och kiwi med vit chokladcréme	vit choklad (10 g)	10.0	g	3.0	30.0	g		0
287084	Hallon och kiwi med vit chokladcréme	philadelphiaost (100 g)	100.0	g	0.5	50.0	g		1
287084	Hallon och kiwi med vit chokladcréme	kiwi (1 st)	1.0	st	2.0	2.0	st		1
287084	Hallon och kiwi med vit chokladcréme	färska hallon (100 g)	100.0	g	1.0	100.0	g		1
287122	Lammgryta med plommon och bulgur	gul lök (1 st)	1.0	st	1.0	1.0	st		0
287122	Lammgryta med plommon och bulgur	vitlök (1 klyftor)	1.0	klyftor	2.0	2.0	klyftor		0
287122	Lammgryta med plommon och bulgur	röd chili (1 st)	1.0	st	1.0	1.0	st		0
287122	Lammgryta med plommon och bulgur	lammstek (100 g)	100.0	g	8.0	800.0	g		1
287122	Lammgryta med plommon och bulgur	smör (1 msk)	1.0	msk	1.0	1.0	msk		0
287122	Lammgryta med plommon och bulgur	färsk ingefära (1 msk)	1.0	msk	1.0	1.0	msk		0
287122	Lammgryta med plommon och bulgur	salt och svartpeppar	None	None	None	None	None		0
287122	Lammgryta med plommon och bulgur	malen kanel (1 tsk)	1.0	tsk	1.0	1.0	tsk		1
287122	Lammgryta med plommon och bulgur	kardemumma (1 tsk)	1.0	tsk	0.5	0.5	tsk		0
287122	Lammgryta med plommon och bulgur	spiskummin (1 tsk)	1.0	tsk	0.5	0.5	tsk		0
287122	Lammgryta med plommon och bulgur	curry (1 tsk)	1.0	tsk	1.0	1.0	tsk		0
287122	Lammgryta med plommon och bulgur	krossade tomater (100 g)	100.0	g	2.0	200.0	g		0
287122	Lammgryta med plommon och bulgur	vatten (1 dl)	1.0	dl	6.0	6.0	dl		0
287122	Lammgryta med plommon och bulgur	ketjap manis (1 msk)	1.0	msk	1.0	1.0	msk		0
287122	Lammgryta med plommon och bulgur	köttbuljongtärning (1 st)	1.0	st	1.0	1.0	st		0
287122	Lammgryta med plommon och bulgur	torkade plommon (1 st)	1.0	st	6.0	6.0	st		1
287122	Lammgryta med plommon och bulgur	färsk persilja (1 dl)	1.0	dl	0.5	0.5	dl		0
287122	Lammgryta med plommon och bulgur	bulgur (1 dl)	1.0	dl	3.0	3.0	dl		0
287122	Lammgryta med plommon och bulgur	olivolja (1 msk)	1.0	msk	0.5	0.5	msk		0
287122	Lammgryta med plommon och bulgur	citronjuice (1 msk)	1.0	msk	1.0	1.0	msk		0
287122	Lammgryta med plommon och bulgur	cornichongurkor (5 st)	5.0	st	2.0	10.0	st		0
287122	Lammgryta med plommon och bulgur	syltlök (1 dl)	1.0	dl	1.0	1.0	dl		0
287122	Lammgryta med plommon och bulgur	lingonsylt (1 dl)	1.0	dl	1.0	1.0	dl		0
287083	Grekiska köttbullar i tomatsås	nötfärs (100 g)	100.0	g	3.0	300.0	g		0
287083	Grekiska köttbullar i tomatsås	rödlök (1 st)	1.0	st	0.25	0.25	st		0
287083	Grekiska köttbullar i tomatsås	vitlök (1 klyfta)	1.0	klyfta	1.0	1.0	klyfta		1
287083	Grekiska köttbullar i tomatsås	salt och svartpeppar	None	None	None	None	None		0
287083	Grekiska köttbullar i tomatsås	smör (1 tsk)	1.0	tsk	1.0	1.0	tsk		0
287083	Grekiska köttbullar i tomatsås	sötpotatis (1 st)	1.0	st	0.5	0.5	st		1
287083	Grekiska köttbullar i tomatsås	spenat (100 g)	100.0	g	0.15	15.0	g		1
287083	Grekiska köttbullar i tomatsås	riven parmesanost (1 dl)	1.0	dl	0.5	0.5	dl		0
287083	Grekiska köttbullar i tomatsås	olivolja (1 tsk)	1.0	tsk	1.0	1.0	tsk		0
287083	Grekiska köttbullar i tomatsås	krossade tomater (100 g)	100.0	g	2.0	200.0	g		0
287083	Grekiska köttbullar i tomatsås	honung (1 tsk)	1.0	tsk	1.0	1.0	tsk		0
287083	Grekiska köttbullar i tomatsås	torkad oregano (1 krm)	1.0	krm	1.0	1.0	krm		0
287083	Grekiska köttbullar i tomatsås	färsk basilika (1 kvist)	1.0	kvist	1.0	1.0	kvist		0
287127	Tropisk fruktsallad	cantaloupemelon (1 st)	1.0	st	1.0	1.0	st		0
287127	Tropisk fruktsallad	färsk mango (1 st)	1.0	st	0.5	0.5	st		1
287127	Tropisk fruktsallad	ananas (1 st)	1.0	st	0.5	0.5	st		1
287127	Tropisk fruktsallad	kokosskivor (1 msk)	1.0	msk	2.0	2.0	msk		1
287127	Tropisk fruktsallad	färsk mynta (1 kvist)	1.0	kvist	1.0	1.0	kvist		0
287124	Köttfärspytt med italienska smaker	gul lök (1 st)	1.0	st	0.5	0.5	st		0
287124	Köttfärspytt med italienska smaker	vitlök (1 klyfta)	1.0	klyfta	1.0	1.0	klyfta		0
287124	Köttfärspytt med italienska smaker	paprika (1 st)	1.0	st	0.5	0.5	st		0
287124	Köttfärspytt med italienska smaker	haricots verts (100 g)	100.0	g	1.0	100.0	g		0
287124	Köttfärspytt med italienska smaker	squash (1 st)	1.0	st	0.25	0.25	st		0
287124	Köttfärspytt med italienska smaker	aubergine (1 st)	1.0	st	0.25	0.25	st		0
287124	Köttfärspytt med italienska smaker	fänkål (1 st)	1.0	st	0.25	0.25	st		1
287124	Köttfärspytt med italienska smaker	färska champinjoner (1 st)	1.0	st	5.0	5.0	st		0
287124	Köttfärspytt med italienska smaker	olivolja (1 tsk)	1.0	tsk	2.0	2.0	tsk		1
287124	Köttfärspytt med italienska smaker	nötfärs (100 g)	100.0	g	3.0	300.0	g		0
287124	Köttfärspytt med italienska smaker	örtagårdskrydda (1 tsk)	1.0	tsk	1.0	1.0	tsk		0
287124	Köttfärspytt med italienska smaker	salt och svartpeppar	None	None	None	None	None		0
287124	Köttfärspytt med italienska smaker	cocktailtomater (1 st)	1.0	st	5.0	5.0	st		1
287124	Köttfärspytt med italienska smaker	soltorkade tomater (1 st)	1.0	st	3.0	3.0	st		0
287124	Köttfärspytt med italienska smaker	färsk basilika (1 msk)	1.0	msk	1.0	1.0	msk		0
287124	Köttfärspytt med italienska smaker	färsk basilika (1 kvist)	1.0	kvist	1.0	1.0	kvist		0
287088	Chiafrögröt	chiafrön (1 msk)	1.0	msk	2.0	2.0	msk		1
287088	Chiafrögröt	mandelmjölk (1 dl)	1.0	dl	1.5	1.5	dl		1
287088	Chiafrögröt	vaniljpulver (1 krm)	1.0	krm	1.0	1.0	krm		0
287088	Chiafrögröt	apelsin (1 st)	1.0	st	1.0	1.0	st		0
287088	Chiafrögröt	ananas (100 g)	100.0	g	1.0	100.0	g		0
287088	Chiafrögröt	granatäpple (1 st)	1.0	st	0.5	0.5	st		1
287088	Chiafrögröt	färsk mynta (1 kvist)	1.0	kvist	1.0	1.0	kvist		0
287088	Chiafrögröt	apelsinskiva (1 st)	1.0	st	1.0	1.0	st		0
287120	Torsk teriyaki med grönsaker	purjolök (1 cm)	1.0	cm	10.0	10.0	cm		0
287120	Torsk teriyaki med grönsaker	vitlök (1 klyfta)	1.0	klyfta	1.0	1.0	klyfta		0
287120	Torsk teriyaki med grönsaker	färsk ingefära (1 tsk)	1.0	tsk	1.0	1.0	tsk		1
287120	Torsk teriyaki med grönsaker	paprika (1 st)	1.0	st	0.5	0.5	st		0
287120	Torsk teriyaki med grönsaker	morot (1 st)	1.0	st	1.0	1.0	st		0
287120	Torsk teriyaki med grönsaker	pak choi (1 st)	1.0	st	1.0	1.0	st		0
287120	Torsk teriyaki med grönsaker	olivolja (1 tsk)	1.0	tsk	1.0	1.0	tsk		0
287120	Torsk teriyaki med grönsaker	färsk mynta (1 dl)	1.0	dl	0.5	0.5	dl		0
287120	Torsk teriyaki med grönsaker	salt och svartpeppar	None	None	None	None	None		0
287120	Torsk teriyaki med grönsaker	teriyakisås (1 msk)	1.0	msk	2.0	2.0	msk		0
287120	Torsk teriyaki med grönsaker	torskrygg (100 g)	100.0	g	3.5	350.0	g		1
287120	Torsk teriyaki med grönsaker	smör (1 tsk)	1.0	tsk	1.0	1.0	tsk		0
287120	Torsk teriyaki med grönsaker	vatten (1 dl)	1.0	dl	0.5	0.5	dl		0
287120	Torsk teriyaki med grönsaker	granatäppelkärnor (1 dl)	1.0	dl	1.0	1.0	dl		1
287120	Torsk teriyaki med grönsaker	furikakekrydda (1 msk)	1.0	msk	0.5	0.5	msk		0
287120	Torsk teriyaki med grönsaker	färsk mynta (1 kvist)	1.0	kvist	1.0	1.0	kvist		0
287120	Torsk teriyaki med grönsaker	lime (1 klyfta)	1.0	klyfta	1.0	1.0	klyfta		0
287118	Indisk laxgryta med röda linser	laxfilé (100 g)	100.0	g	5.0	500.0	g		1
287118	Indisk laxgryta med röda linser	salt och svartpeppar	None	None	None	None	None		0
287118	Indisk laxgryta med röda linser	gul lök (1 st)	1.0	st	0.5	0.5	st		0
287118	Indisk laxgryta med röda linser	vitlök (1 klyfta)	1.0	klyfta	1.0	1.0	klyfta		0
287118	Indisk laxgryta med röda linser	röd chili (1 st)	1.0	st	0.5	0.5	st		0
287118	Indisk laxgryta med röda linser	morot (1 st)	1.0	st	1.0	1.0	st		0
287118	Indisk laxgryta med röda linser	palsternacka (1 st)	1.0	st	1.0	1.0	st		0
287118	Indisk laxgryta med röda linser	paprika (1 st)	1.0	st	0.5	0.5	st		0
287118	Indisk laxgryta med röda linser	olivolja (1 tsk)	1.0	tsk	1.0	1.0	tsk		0
287118	Indisk laxgryta med röda linser	örtagårdskrydda (1 tsk)	1.0	tsk	0.5	0.5	tsk		0
287118	Indisk laxgryta med röda linser	garam masala (1 tsk)	1.0	tsk	1.0	1.0	tsk		0
287118	Indisk laxgryta med röda linser	paprikapulver (1 krm)	1.0	krm	1.0	1.0	krm		0
287118	Indisk laxgryta med röda linser	srirachasås (1 tsk)	1.0	tsk	1.0	1.0	tsk		0
287118	Indisk laxgryta med röda linser	hönsbuljongtärning (1 st)	1.0	st	1.0	1.0	st		0
287118	Indisk laxgryta med röda linser	vatten (1 dl)	1.0	dl	5.0	5.0	dl		0
287118	Indisk laxgryta med röda linser	krossade tomater (100 g)	100.0	g	4.0	400.0	g		0
287118	Indisk laxgryta med röda linser	röda linser (1 dl)	1.0	dl	1.0	1.0	dl		1
287118	Indisk laxgryta med röda linser	torkade aprikoser (1 st)	1.0	st	5.0	5.0	st		0
287118	Indisk laxgryta med röda linser	brysselkål (1 st)	1.0	st	10.0	10.0	st		1
287118	Indisk laxgryta med röda linser	färsk persilja (1 msk)	1.0	msk	2.0	2.0	msk		0
287118	Indisk laxgryta med röda linser	gräddfil (1 dl)	1.0	dl	0.5	0.5	dl		0
287116	Quinoasallad med stekt halloumi	vit quinoa (1 dl)	1.0	dl	1.0	1.0	dl		1
287116	Quinoasallad med stekt halloumi	citronjuice (1 msk)	1.0	msk	0.5	0.5	msk		0
287116	Quinoasallad med stekt halloumi	olivolja (1 tsk)	1.0	tsk	1.0	1.0	tsk		0
287116	Quinoasallad med stekt halloumi	färsk persilja (1 msk)	1.0	msk	2.0	2.0	msk		1
287116	Quinoasallad med stekt halloumi	rödlök (1 st)	1.0	st	0.25	0.25	st		0
287116	Quinoasallad med stekt halloumi	morot (1 st)	1.0	st	1.0	1.0	st		0
287116	Quinoasallad med stekt halloumi	paprika (1 st)	1.0	st	0.5	0.5	st		0
287116	Quinoasallad med stekt halloumi	majs (100 g)	100.0	g	1.6	160.0	g		0
287116	Quinoasallad med stekt halloumi	salt och svartpeppar	None	None	None	None	None		0
287116	Quinoasallad med stekt halloumi	halloumi (100 g)	100.0	g	1.5	150.0	g		1
287116	Quinoasallad med stekt halloumi	rucola (1 dl)	1.0	dl	2.0	2.0	dl		0
287114	Hallon- och blåbärssmoothie	apelsin (1 st)	1.0	st	1.0	1.0	st		1
287114	Hallon- och blåbärssmoothie	banan (1 st)	1.0	st	1.0	1.0	st		0
287114	Hallon- och blåbärssmoothie	frysta blåbär (1 dl)	1.0	dl	2.0	2.0	dl		1
287114	Hallon- och blåbärssmoothie	frysta hallon (1 dl)	1.0	dl	2.0	2.0	dl		1
287114	Hallon- och blåbärssmoothie	vatten (1 dl)	1.0	dl	1.0	1.0	dl		0
287114	Hallon- och blåbärssmoothie	grekisk yoghurt (1 dl)	1.0	dl	1.0	1.0	dl		0
287112	Mango med keso och nötter	färsk mango (1 st)	1.0	st	0.25	0.25	st		1
287112	Mango med keso och nötter	keso (1 dl)	1.0	dl	1.0	1.0	dl		1
287112	Mango med keso och nötter	pekannötter (1 msk)	1.0	msk	1.0	1.0	msk		0
287112	Mango med keso och nötter	pistagenötter (1 msk)	1.0	msk	0.5	0.5	msk		1
287110	Havregrynsgröt med apelsin och kokos	havregryn (1 dl)	1.0	dl	1.0	1.0	dl		1
287110	Havregrynsgröt med apelsin och kokos	vatten (1 dl)	1.0	dl	2.0	2.0	dl		0
287110	Havregrynsgröt med apelsin och kokos	salt (1 nypa)	1.0	nypa	1.0	1.0	nypa		0
287110	Havregrynsgröt med apelsin och kokos	kardemumma (1 krm)	1.0	krm	1.0	1.0	krm		0
287110	Havregrynsgröt med apelsin och kokos	apelsin (1 st)	1.0	st	0.5	0.5	st		1
287110	Havregrynsgröt med apelsin och kokos	kokosflingor (1 msk)	1.0	msk	1.0	1.0	msk		1
287110	Havregrynsgröt med apelsin och kokos	mandelmjölk (1 dl)	1.0	dl	1.0	1.0	dl		0
287108	Kokt ägg med majonnäs	ägg (1 st)	1.0	st	2.0	2.0	st		1
287108	Kokt ägg med majonnäs	majonnäs (1 msk)	1.0	msk	0.5	0.5	msk		0
287108	Kokt ägg med majonnäs	salt (1 nypa)	1.0	nypa	1.0	1.0	nypa		0
287106	Äggröra med granatäpple och kiwi	ägg (1 st)	1.0	st	2.0	2.0	st		1
287106	Äggröra med granatäpple och kiwi	smör (1 tsk)	1.0	tsk	1.0	1.0	tsk		0
287106	Äggröra med granatäpple och kiwi	salt och svartpeppar	None	None	None	None	None		0
287106	Äggröra med granatäpple och kiwi	granatäppelkärnor (1 msk)	1.0	msk	2.0	2.0	msk		1
287106	Äggröra med granatäpple och kiwi	kiwi (1 st)	1.0	st	0.5	0.5	st		1
287103	Köttfärslimpa med ajvar och rostad sötpotatis	gul lök (1 st)	1.0	st	0.5	0.5	st		0
287103	Köttfärslimpa med ajvar och rostad sötpotatis	vitlök (1 klyfta)	1.0	klyfta	0.5	0.5	klyfta		0
287103	Köttfärslimpa med ajvar och rostad sötpotatis	havregryn (1 dl)	1.0	dl	0.5	0.5	dl		0
287103	Köttfärslimpa med ajvar och rostad sötpotatis	vatten (1 msk)	1.0	msk	3.0	3.0	msk		0
287103	Köttfärslimpa med ajvar och rostad sötpotatis	köftekrydda (1 msk)	1.0	msk	0.5	0.5	msk		0
287103	Köttfärslimpa med ajvar och rostad sötpotatis	färsk persilja (1 msk)	1.0	msk	2.0	2.0	msk		0
287103	Köttfärslimpa med ajvar och rostad sötpotatis	nötfärs (100 g)	100.0	g	3.0	300.0	g		0
287103	Köttfärslimpa med ajvar och rostad sötpotatis	ägg (1 st)	1.0	st	0.5	0.5	st		0
287103	Köttfärslimpa med ajvar och rostad sötpotatis	salt och svartpeppar	None	None	None	None	None		0
287103	Köttfärslimpa med ajvar och rostad sötpotatis	ajvar relish (1 dl)	1.0	dl	0.5	0.5	dl		0
287103	Köttfärslimpa med ajvar och rostad sötpotatis	fetaost (100 g)	100.0	g	0.5	50.0	g		0
287103	Köttfärslimpa med ajvar och rostad sötpotatis	sötpotatis (1 st)	1.0	st	1.0	1.0	st		1
287103	Köttfärslimpa med ajvar och rostad sötpotatis	olivolja (1 tsk)	1.0	tsk	1.0	1.0	tsk		0
287103	Köttfärslimpa med ajvar och rostad sötpotatis	örtagårdskrydda (1 krm)	1.0	krm	1.0	1.0	krm		0
287103	Köttfärslimpa med ajvar och rostad sötpotatis	bladspenat (100 g)	100.0	g	0.25	25.0	g		0
287103	Köttfärslimpa med ajvar och rostad sötpotatis	rödlök (1 st)	1.0	st	0.25	0.25	st		0
287103	Köttfärslimpa med ajvar och rostad sötpotatis	granatäppelkärnor (1 dl)	1.0	dl	0.5	0.5	dl		1
287103	Köttfärslimpa med ajvar och rostad sötpotatis	pumpafrön (1 msk)	1.0	msk	2.0	2.0	msk		1
287103	Köttfärslimpa med ajvar och rostad sötpotatis	flytande honung (1 tsk)	1.0	tsk	0.25	0.25	tsk		0
287103	Köttfärslimpa med ajvar och rostad sötpotatis	färsk persilja (1 kvistar)	1.0	kvistar	2.0	2.0	kvistar		0
287101	Mandelkaka med frukt	smör (100 g)	100.0	g	2.0	200.0	g		0
287101	Mandelkaka med frukt	mandelmjöl (1 dl)	1.0	dl	4.0	4.0	dl		1
287101	Mandelkaka med frukt	agavesirap (1 dl)	1.0	dl	1.0	1.0	dl		0
287101	Mandelkaka med frukt	bakpulver (1 tsk)	1.0	tsk	1.5	1.5	tsk		0
287101	Mandelkaka med frukt	vaniljpulver (1 tsk)	1.0	tsk	0.5	0.5	tsk		0
287101	Mandelkaka med frukt	ägg (1 st)	1.0	st	4.0	4.0	st		0
287101	Mandelkaka med frukt	salt (1 krm)	1.0	krm	0.5	0.5	krm		0
287101	Mandelkaka med frukt	aprikoser (1 st)	1.0	st	5.0	5.0	st		1
287101	Mandelkaka med frukt	körsbär (1 st)	1.0	st	12.0	12.0	st		0
287101	Mandelkaka med frukt	färska hallon (1 st)	1.0	st	15.0	15.0	st		1
287101	Mandelkaka med frukt	mandelspån (100 g)	100.0	g	0.25	25.0	g		0
287097	Skaldjursgryta med torsk i gul curry	fryst torskrygg (100 g)	100.0	g	2.5	250.0	g		1
287097	Skaldjursgryta med torsk i gul curry	fryst scampi (100 g)	100.0	g	3.0	300.0	g		0
287097	Skaldjursgryta med torsk i gul curry	frysta musslor (utan skal) (100 g)	100.0	g	1.5	150.0	g		0
287097	Skaldjursgryta med torsk i gul curry	gul lök (1 st)	1.0	st	0.5	0.5	st		0
287097	Skaldjursgryta med torsk i gul curry	vitlök (1 klyfta)	1.0	klyfta	1.0	1.0	klyfta		0
287097	Skaldjursgryta med torsk i gul curry	fänkål (1 st)	1.0	st	0.5	0.5	st		1
287097	Skaldjursgryta med torsk i gul curry	morot (1 st)	1.0	st	1.0	1.0	st		0
287097	Skaldjursgryta med torsk i gul curry	squash (1 st)	1.0	st	0.25	0.25	st		0
287097	Skaldjursgryta med torsk i gul curry	paprika (1 st)	1.0	st	0.5	0.5	st		0
287097	Skaldjursgryta med torsk i gul curry	salt och svartpeppar	None	None	None	None	None		0
287097	Skaldjursgryta med torsk i gul curry	olivolja (1 tsk)	1.0	tsk	1.0	1.0	tsk		0
287097	Skaldjursgryta med torsk i gul curry	vatten (1 dl)	1.0	dl	1.5	1.5	dl		0
287097	Skaldjursgryta med torsk i gul curry	fiskbuljongtärning (1 st)	1.0	st	0.5	0.5	st		0
287097	Skaldjursgryta med torsk i gul curry	kokosmjölk (100 ml)	100.0	ml	2.0	200.0	ml		1
287097	Skaldjursgryta med torsk i gul curry	gul currypasta (1 tsk)	1.0	tsk	2.0	2.0	tsk		0
287097	Skaldjursgryta med torsk i gul curry	srirachasås (1 tsk)	1.0	tsk	0.25	0.25	tsk		0
287097	Skaldjursgryta med torsk i gul curry	färsk dill (1 msk)	1.0	msk	2.0	2.0	msk		0
287097	Skaldjursgryta med torsk i gul curry	purjolök (1 dl)	1.0	dl	0.5	0.5	dl		0
287097	Skaldjursgryta med torsk i gul curry	färska dillkvistar (1 st)	1.0	st	2.0	2.0	st		0
287097	Skaldjursgryta med torsk i gul curry	lime (1 klyfta)	1.0	klyfta	2.0	2.0	klyfta		0
287099	Laxfilé med ratatouille	laxfilé (100 g)	100.0	g	3.0	300.0	g		1
287099	Laxfilé med ratatouille	salt och svartpeppar	None	None	None	None	None		0
287099	Laxfilé med ratatouille	morot (1 st)	1.0	st	0.5	0.5	st		0
287099	Laxfilé med ratatouille	rödlök (1 st)	1.0	st	0.5	0.5	st		0
287099	Laxfilé med ratatouille	vitlök (1 klyfta)	1.0	klyfta	0.5	0.5	klyfta		1
287099	Laxfilé med ratatouille	squash (1 st)	1.0	st	0.25	0.25	st		0
287099	Laxfilé med ratatouille	paprika (1 st)	1.0	st	0.75	0.75	st		0
287099	Laxfilé med ratatouille	olivolja (1 tsk)	1.0	tsk	1.0	1.0	tsk		0
287099	Laxfilé med ratatouille	örtagårdskrydda (1 krm)	1.0	krm	1.0	1.0	krm		0
287099	Laxfilé med ratatouille	krossade tomater (100 g)	100.0	g	2.0	200.0	g		1
287099	Laxfilé med ratatouille	srirachasås (1 tsk)	1.0	tsk	0.5	0.5	tsk		0
287099	Laxfilé med ratatouille	flytande honung (1 tsk)	1.0	tsk	0.5	0.5	tsk		0
287099	Laxfilé med ratatouille	färsk basilika (1 msk)	1.0	msk	2.0	2.0	msk		0
287099	Laxfilé med ratatouille	citronskiva (1 st)	1.0	st	1.0	1.0	st		0
287099	Laxfilé med ratatouille	färsk persilja (1 kvist)	1.0	kvist	1.0	1.0	kvist		0
287096	Kycklingjärpar med linssallad	träspett (1 st)	1.0	st	4.0	4.0	st		0
287096	Kycklingjärpar med linssallad	purjolök (1 cm)	1.0	cm	5.0	5.0	cm		0
287096	Kycklingjärpar med linssallad	vitlök (1 klyfta)	1.0	klyfta	0.5	0.5	klyfta		1
287096	Kycklingjärpar med linssallad	mozzarella (100 g)	100.0	g	0.7	70.0	g		0
287096	Kycklingjärpar med linssallad	färsk persilja (1 msk)	1.0	msk	2.0	2.0	msk		0
287096	Kycklingjärpar med linssallad	kycklingfärs (100 g)	100.0	g	3.0	300.0	g		0
287096	Kycklingjärpar med linssallad	örtagårdskrydda (1 tsk)	1.0	tsk	0.5	0.5	tsk		0
287096	Kycklingjärpar med linssallad	salt och svartpeppar	None	None	None	None	None		0
287096	Kycklingjärpar med linssallad	smör (1 tsk)	1.0	tsk	1.0	1.0	tsk		0
287096	Kycklingjärpar med linssallad	röda linser (1 dl)	1.0	dl	1.0	1.0	dl		1
287096	Kycklingjärpar med linssallad	paprika (1 st)	1.0	st	0.5	0.5	st		0
287096	Kycklingjärpar med linssallad	rödlök (1 st)	1.0	st	0.25	0.25	st		0
287096	Kycklingjärpar med linssallad	sambal oelek (1 tsk)	1.0	tsk	0.5	0.5	tsk		0
287096	Kycklingjärpar med linssallad	örtagårdskrydda (1 krm)	1.0	krm	1.0	1.0	krm		0
287096	Kycklingjärpar med linssallad	citron (1 st)	1.0	st	0.25	0.25	st		0
287096	Kycklingjärpar med linssallad	bladspenat (100 g)	100.0	g	0.2	20.0	g		1
287096	Kycklingjärpar med linssallad	grekisk yoghurt (1 dl)	1.0	dl	0.5	0.5	dl		0
287096	Kycklingjärpar med linssallad	ajvar relish (1 msk)	1.0	msk	1.0	1.0	msk		0
287096	Kycklingjärpar med linssallad	färsk persilja (1 kvist)	1.0	kvist	1.0	1.0	kvist		0
287093	Grekisk sallad	tomat (1 st)	1.0	st	1.5	1.5	st		1
287093	Grekisk sallad	paprika (1 st)	1.0	st	0.75	0.75	st		0
287093	Grekisk sallad	rödlök (1 st)	1.0	st	0.25	0.25	st		0
287093	Grekisk sallad	svarta oliver (1 st)	1.0	st	5.0	5.0	st		0
287093	Grekisk sallad	olivolja (1 tsk)	1.0	tsk	1.0	1.0	tsk		1
287093	Grekisk sallad	rödvinsvinäger (1 tsk)	1.0	tsk	1.0	1.0	tsk		0
287093	Grekisk sallad	örtkryddor provencale (1 tsk)	1.0	tsk	0.5	0.5	tsk		0
287093	Grekisk sallad	fetaost (100 g)	100.0	g	0.75	75.0	g		0
287093	Grekisk sallad	pekannötter (1 msk)	1.0	msk	2.0	2.0	msk		1
287093	Grekisk sallad	citronklyfta (1 st)	1.0	st	1.0	1.0	st		0
287093	Grekisk sallad	färsk persilja (1 kvistar)	1.0	kvistar	2.0	2.0	kvistar		0
287091	Mangosmoothie med spenat	färsk ingefära (1 msk)	1.0	msk	1.0	1.0	msk		1
287091	Mangosmoothie med spenat	banan (1 st)	1.0	st	1.0	1.0	st		0
287091	Mangosmoothie med spenat	fryst mango (100 g)	100.0	g	1.5	150.0	g		1
287091	Mangosmoothie med spenat	fryst spenat (100 g)	100.0	g	0.5	50.0	g		1
287091	Mangosmoothie med spenat	vatten (1 dl)	1.0	dl	3.0	3.0	dl		0
287089	Äggröra med paprika	ägg (1 st)	1.0	st	2.0	2.0	st		1
287089	Äggröra med paprika	grädde (1 msk)	1.0	msk	0.5	0.5	msk		0
287089	Äggröra med paprika	salt och svartpeppar	None	None	None	None	None		0
287089	Äggröra med paprika	smör (1 tsk)	1.0	tsk	1.0	1.0	tsk		0
287089	Äggröra med paprika	paprika (1 st)	1.0	st	0.25	0.25	st		1
287089	Äggröra med paprika	cocktailtomater (1 st)	1.0	st	2.0	2.0	st		1
287089	Äggröra med paprika	färsk persilja (1 msk)	1.0	msk	1.0	1.0	msk		0
287085	Bananplättar med jordgubbar och kokos	banan (1 st)	1.0	st	1.0	1.0	st		1
287085	Bananplättar med jordgubbar och kokos	ägg (1 st)	1.0	st	2.0	2.0	st		0
287085	Bananplättar med jordgubbar och kokos	havregryn (1 dl)	1.0	dl	0.5	0.5	dl		1
287085	Bananplättar med jordgubbar och kokos	vaniljpulver (1 krm)	1.0	krm	1.0	1.0	krm		0
287085	Bananplättar med jordgubbar och kokos	smör (1 tsk)	1.0	tsk	2.0	2.0	tsk		0
287085	Bananplättar med jordgubbar och kokos	färska jordgubbar (1 st)	1.0	st	4.0	4.0	st		0
287085	Bananplättar med jordgubbar och kokos	kokosskivor (1 dl)	1.0	dl	0.5	0.5	dl		0
287085	Bananplättar med jordgubbar och kokos	grekisk yoghurt (1 msk)	1.0	msk	3.0	3.0	msk		1
287085	Bananplättar med jordgubbar och kokos	färsk mynta (1 kvist)	1.0	kvist	1.0	1.0	kvist		0
287081	Grillspett med grekisk sallad och morotstzatziki	träspett (1 st)	1.0	st	4.0	4.0	st		0
287081	Grillspett med grekisk sallad och morotstzatziki	ryggbiff (100 g)	100.0	g	3.0	300.0	g		0
287081	Grillspett med grekisk sallad och morotstzatziki	ketjap manis (1 msk)	1.0	msk	0.5	0.5	msk		0
287081	Grillspett med grekisk sallad och morotstzatziki	salt och svartpeppar	None	None	None	None	None		0
287081	Grillspett med grekisk sallad och morotstzatziki	vitlök (1 klyfta)	1.0	klyfta	0.5	0.5	klyfta		0
287081	Grillspett med grekisk sallad och morotstzatziki	färsk ingefära (1 tsk)	1.0	tsk	1.0	1.0	tsk		1
287081	Grillspett med grekisk sallad och morotstzatziki	olivolja (1 tsk)	1.0	tsk	1.0	1.0	tsk		1
287081	Grillspett med grekisk sallad och morotstzatziki	tomater (1 st)	1.0	st	2.0	2.0	st		0
287081	Grillspett med grekisk sallad och morotstzatziki	paprika (1 st)	1.0	st	0.75	0.75	st		0
287081	Grillspett med grekisk sallad och morotstzatziki	rödlök (1 st)	1.0	st	0.5	0.5	st		0
287081	Grillspett med grekisk sallad och morotstzatziki	rödvinsvinäger (1 tsk)	1.0	tsk	1.0	1.0	tsk		0
287081	Grillspett med grekisk sallad och morotstzatziki	örtkryddor provencale (1 tsk)	1.0	tsk	0.5	0.5	tsk		0
287081	Grillspett med grekisk sallad och morotstzatziki	svarta oliver (1 dl)	1.0	dl	0.5	0.5	dl		0
287081	Grillspett med grekisk sallad och morotstzatziki	fetaost (100 g)	100.0	g	0.5	50.0	g		0
287081	Grillspett med grekisk sallad och morotstzatziki	morot (1 st)	1.0	st	1.0	1.0	st		0
287081	Grillspett med grekisk sallad och morotstzatziki	grekisk yoghurt (1 dl)	1.0	dl	1.0	1.0	dl		1
287081	Grillspett med grekisk sallad och morotstzatziki	färsk persilja (1 kvist)	1.0	kvist	1.0	1.0	kvist		0
287081	Grillspett med grekisk sallad och morotstzatziki	citronklyfta (1 st)	1.0	st	1.0	1.0	st		0
287078	Torsk från mellanöstern	fryst torskrygg (100 g)	100.0	g	3.0	300.0	g		1
287078	Torsk från mellanöstern	salt och svartpeppar	None	None	None	None	None		0
287078	Torsk från mellanöstern	svarta linser (1 dl)	1.0	dl	2.0	2.0	dl		1
287078	Torsk från mellanöstern	cocktailtomater (100 g)	100.0	g	2.0	200.0	g		1
287078	Torsk från mellanöstern	rödlök (1 st)	1.0	st	0.5	0.5	st		0
287078	Torsk från mellanöstern	färsk persilja (1 dl)	1.0	dl	0.5	0.5	dl		0
287078	Torsk från mellanöstern	olivolja (1 msk)	1.0	msk	0.5	0.5	msk		0
287078	Torsk från mellanöstern	citron (1 st)	1.0	st	0.5	0.5	st		0
287078	Torsk från mellanöstern	olivolja (1 tsk)	1.0	tsk	1.0	1.0	tsk		0
287078	Torsk från mellanöstern	fetaost med örter i olja (100 g)	100.0	g	1.0	100.0	g		0
287078	Torsk från mellanöstern	färsk persilja (1 kvist)	1.0	kvist	1.0	1.0	kvist		0
287078	Torsk från mellanöstern	citronskiva (1 st)	1.0	st	1.0	1.0	st		0
287076	Laxsallad med vindruvor	vildris (1 dl)	1.0	dl	1.0	1.0	dl		0
287076	Laxsallad med vindruvor	morot (1 st)	1.0	st	1.0	1.0	st		0
287076	Laxsallad med vindruvor	avokado (1 st)	1.0	st	1.0	1.0	st		1
287076	Laxsallad med vindruvor	paprika (1 st)	1.0	st	0.25	0.25	st		0
287076	Laxsallad med vindruvor	salladslök (1 st)	1.0	st	0.5	0.5	st		0
287076	Laxsallad med vindruvor	salt och svartpeppar	None	None	None	None	None		0
287076	Laxsallad med vindruvor	citronklyfta (1 st)	1.0	st	1.0	1.0	st		0
287076	Laxsallad med vindruvor	vindruvor (1 st)	1.0	st	10.0	10.0	st		1
287076	Laxsallad med vindruvor	rökt lax (100 g)	100.0	g	1.5	150.0	g		1
287076	Laxsallad med vindruvor	färsk gräslök (1 msk)	1.0	msk	2.0	2.0	msk		0
287076	Laxsallad med vindruvor	créme fraiche (1 dl)	1.0	dl	0.5	0.5	dl		0
287076	Laxsallad med vindruvor	vitlök (1 klyfta)	1.0	klyfta	0.25	0.25	klyfta		0
287076	Laxsallad med vindruvor	färsk basilika (1 msk)	1.0	msk	2.0	2.0	msk		0
287076	Laxsallad med vindruvor	citron (1 st)	1.0	st	0.25	0.25	st		0
287074	Ugnsbakad kyckling med quinoasallad och chilimajonäs	kycklinglårfilé (100 g)	100.0	g	3.0	300.0	g		0
287074	Ugnsbakad kyckling med quinoasallad och chilimajonäs	salt och svartpeppar	None	None	None	None	None		0
287074	Ugnsbakad kyckling med quinoasallad och chilimajonäs	vitlök (1 klyfta)	1.0	klyfta	1.0	1.0	klyfta		0
287074	Ugnsbakad kyckling med quinoasallad och chilimajonäs	ketjap manis (1 msk)	1.0	msk	1.0	1.0	msk		0
287074	Ugnsbakad kyckling med quinoasallad och chilimajonäs	örtagårdskrydda (1 krm)	1.0	krm	1.0	1.0	krm		0
287074	Ugnsbakad kyckling med quinoasallad och chilimajonäs	vit quinoa (1 dl)	1.0	dl	2.0	2.0	dl		1
287074	Ugnsbakad kyckling med quinoasallad och chilimajonäs	citron (1 st)	1.0	st	0.5	0.5	st		0
287074	Ugnsbakad kyckling med quinoasallad och chilimajonäs	olivolja (1 msk)	1.0	msk	0.5	0.5	msk		0
287074	Ugnsbakad kyckling med quinoasallad och chilimajonäs	färsk mynta (1 msk)	1.0	msk	2.0	2.0	msk		0
287074	Ugnsbakad kyckling med quinoasallad och chilimajonäs	gröna ärtor (1 dl)	1.0	dl	2.0	2.0	dl		0
287074	Ugnsbakad kyckling med quinoasallad och chilimajonäs	paprika (1 st)	1.0	st	0.25	0.25	st		0
287074	Ugnsbakad kyckling med quinoasallad och chilimajonäs	färsk mango (1 st)	1.0	st	0.5	0.5	st		0
287074	Ugnsbakad kyckling med quinoasallad och chilimajonäs	majonäs (1 msk)	1.0	msk	1.0	1.0	msk		0
287074	Ugnsbakad kyckling med quinoasallad och chilimajonäs	créme fraiche (1 dl)	1.0	dl	0.5	0.5	dl		0
287074	Ugnsbakad kyckling med quinoasallad och chilimajonäs	srirachasås (1 tsk)	1.0	tsk	0.5	0.5	tsk		0
287074	Ugnsbakad kyckling med quinoasallad och chilimajonäs	machesallad (100 g)	100.0	g	0.3	30.0	g		0
287074	Ugnsbakad kyckling med quinoasallad och chilimajonäs	granatäpple (1 st)	1.0	st	0.5	0.5	st		1
287072	Kycklinggryta med röda linser	kycklinglårfilé (100 g)	100.0	g	4.0	400.0	g		0
287072	Kycklinggryta med röda linser	salt och svartpeppar	None	None	None	None	None		0
287072	Kycklinggryta med röda linser	liten sötpotatis (1 st)	1.0	st	1.0	1.0	st		1
287072	Kycklinggryta med röda linser	gul lök (1 st)	1.0	st	1.0	1.0	st		0
287072	Kycklinggryta med röda linser	vitlök (1 klyfta)	1.0	klyfta	1.0	1.0	klyfta		1
287072	Kycklinggryta med röda linser	olivolja (1 tsk)	1.0	tsk	1.0	1.0	tsk		0
287072	Kycklinggryta med röda linser	skivade jalapenos (1 msk)	1.0	msk	1.0	1.0	msk		0
287072	Kycklinggryta med röda linser	spiskummin (1 tsk)	1.0	tsk	0.5	0.5	tsk		0
287072	Kycklinggryta med röda linser	krossade tomater (100 g)	100.0	g	4.0	400.0	g		0
287072	Kycklinggryta med röda linser	kycklingbuljongtärning (1 st)	1.0	st	1.0	1.0	st		0
287072	Kycklinggryta med röda linser	vatten (1 dl)	1.0	dl	4.0	4.0	dl		0
287072	Kycklinggryta med röda linser	röda linser (1 dl)	1.0	dl	1.0	1.0	dl		1
287072	Kycklinggryta med röda linser	färsk koriander (1 msk)	1.0	msk	1.0	1.0	msk		0
287072	Kycklinggryta med röda linser	gräddfil (1 msk)	1.0	msk	1.0	1.0	msk		0
287070	Havregrynsgröt med torkad frukt och äpple	vatten (1 dl)	1.0	dl	1.5	1.5	dl		0
287070	Havregrynsgröt med torkad frukt och äpple	havregryn (1 dl)	1.0	dl	0.75	0.75	dl		1
287070	Havregrynsgröt med torkad frukt och äpple	salt (1 nypa)	1.0	nypa	1.0	1.0	nypa		0
287070	Havregrynsgröt med torkad frukt och äpple	torkade aprikoser (1 st)	1.0	st	2.0	2.0	st		1
287070	Havregrynsgröt med torkad frukt och äpple	solrosfrön (1 msk)	1.0	msk	1.0	1.0	msk		1
287070	Havregrynsgröt med torkad frukt och äpple	äpple (1 st)	1.0	st	0.25	0.25	st		0
287070	Havregrynsgröt med torkad frukt och äpple	mandelmjölk (1 dl)	1.0	dl	1.0	1.0	dl		0
287068	Ägghack med kalkon	ägg (1 st)	1.0	st	2.0	2.0	st		1
287068	Ägghack med kalkon	majonäs (1 msk)	1.0	msk	0.5	0.5	msk		0
287068	Ägghack med kalkon	salt och svartpeppar	None	None	None	None	None		0
287068	Ägghack med kalkon	rökt kalkon (100 g)	100.0	g	0.3	30.0	g		1
287068	Ägghack med kalkon	salladsblad (1 st)	1.0	st	2.0	2.0	st		0
287068	Ägghack med kalkon	tomat (1 st)	1.0	st	1.0	1.0	st		1
287068	Ägghack med kalkon	färsk gräslök (1 msk)	1.0	msk	1.0	1.0	msk		0
287054	Hamburgare med hummus	konserverade kikärtor (1 dl)	1.0	dl	0.5	0.5	dl		1
287054	Hamburgare med hummus	olivolja (1 tsk)	1.0	tsk	0.5	0.5	tsk		0
287054	Hamburgare med hummus	paprikapulver (1 krm)	1.0	krm	1.0	1.0	krm		0
287054	Hamburgare med hummus	hjärtsallad (1 st)	1.0	st	2.0	2.0	st		0
287054	Hamburgare med hummus	selleristjälk (1 st)	1.0	st	2.0	2.0	st		0
287054	Hamburgare med hummus	morötter (1 st)	1.0	st	2.0	2.0	st		1
287054	Hamburgare med hummus	högrevsburgare (150 g)	150.0	g	2.0	300.0	g		0
287054	Hamburgare med hummus	spiskummin (1 krm)	1.0	krm	1.0	1.0	krm		0
287054	Hamburgare med hummus	curry (1 krm)	1.0	krm	1.0	1.0	krm		0
287054	Hamburgare med hummus	salt och svartpeppar	None	None	None	None	None		0
287054	Hamburgare med hummus	konserverade kikärtor (100 g)	100.0	g	2.0	200.0	g		0
287054	Hamburgare med hummus	vitlök (1 klyfta)	1.0	klyfta	0.5	0.5	klyfta		0
287054	Hamburgare med hummus	olivolja (1 dl)	1.0	dl	0.5	0.5	dl		0
287054	Hamburgare med hummus	curry (1 tsk)	1.0	tsk	0.5	0.5	tsk		0
287054	Hamburgare med hummus	färsk persilja (1 msk)	1.0	msk	2.0	2.0	msk		0
287054	Hamburgare med hummus	citronklyfta (1 st)	1.0	st	1.0	1.0	st		0
287066	Omelett med bär	ägg (1 st)	1.0	st	2.0	2.0	st		1
287066	Omelett med bär	salt och svartpeppar	None	None	None	None	None		0
287066	Omelett med bär	smör (1 tsk)	1.0	tsk	1.0	1.0	tsk		0
287066	Omelett med bär	färska bär (1 dl)	1.0	dl	1.0	1.0	dl		1
287064	Bananplättar med mango och granatäpple	banan (1 st)	1.0	st	0.5	0.5	st		1
287064	Bananplättar med mango och granatäpple	ägg (1 st)	1.0	st	1.0	1.0	st		0
287064	Bananplättar med mango och granatäpple	smör (1 tsk)	1.0	tsk	1.0	1.0	tsk		0
287064	Bananplättar med mango och granatäpple	vaniljpulver (1 krm)	1.0	krm	1.0	1.0	krm		0
287064	Bananplättar med mango och granatäpple	salt (1 nypa)	1.0	nypa	1.0	1.0	nypa		0
287064	Bananplättar med mango och granatäpple	grekisk yoghurt (1 msk)	1.0	msk	2.0	2.0	msk		1
287064	Bananplättar med mango och granatäpple	färsk mango (1 st)	1.0	st	0.25	0.25	st		0
287064	Bananplättar med mango och granatäpple	granatäppelkärnor (1 msk)	1.0	msk	2.0	2.0	msk		1
287064	Bananplättar med mango och granatäpple	färsk mynta (1 msk)	1.0	msk	1.0	1.0	msk		0
286971	Bärsmoothiebowl	banan (1 st)	1.0	st	1.0	1.0	st		0
286971	Bärsmoothiebowl	frysta blåbär (1 dl)	1.0	dl	2.0	2.0	dl		1
286971	Bärsmoothiebowl	frysta hallon (1 dl)	1.0	dl	2.0	2.0	dl		0
286971	Bärsmoothiebowl	mandelmjölk (1 dl)	1.0	dl	1.0	1.0	dl		0
286971	Bärsmoothiebowl	färska jordgubbar (1 st)	1.0	st	8.0	8.0	st		0
286971	Bärsmoothiebowl	pekannötter (1 dl)	1.0	dl	0.5	0.5	dl		1
286971	Bärsmoothiebowl	granatäppelkärnor (1 msk)	1.0	msk	2.0	2.0	msk		1
287061	Fruktsmoothie	färsk ingefära (1 msk)	1.0	msk	1.0	1.0	msk		1
287061	Fruktsmoothie	banan (1 st)	1.0	st	1.0	1.0	st		0
287061	Fruktsmoothie	apelsin (1 st)	1.0	st	1.0	1.0	st		1
287061	Fruktsmoothie	fryst mango (100 g)	100.0	g	1.0	100.0	g		1
287061	Fruktsmoothie	lime (1 st)	1.0	st	0.5	0.5	st		0
287061	Fruktsmoothie	havremjölk (1 dl)	1.0	dl	2.0	2.0	dl		0
287061	Fruktsmoothie	färsk mynta (1 kvist)	1.0	kvist	1.0	1.0	kvist		0
287059	Keso med hallon och granatäpple	keso (1 dl)	1.0	dl	1.0	1.0	dl		1
287059	Keso med hallon och granatäpple	färska hallon (1 st)	1.0	st	6.0	6.0	st		1
287059	Keso med hallon och granatäpple	granatäppelkärnor (1 msk)	1.0	msk	3.0	3.0	msk		1
287055	Mandel och citronpaj	mandelmjöl (1 dl)	1.0	dl	4.0	4.0	dl		1
287055	Mandel och citronpaj	bakpulver (1 tsk)	1.0	tsk	1.0	1.0	tsk		0
287055	Mandel och citronpaj	ägg (1 st)	1.0	st	2.0	2.0	st		0
287055	Mandel och citronpaj	sukrin (1 dl)	1.0	dl	2.0	2.0	dl		0
287055	Mandel och citronpaj	citron (1 st)	1.0	st	1.0	1.0	st		1
287055	Mandel och citronpaj	olivolja (1 dl)	1.0	dl	1.0	1.0	dl		1
287055	Mandel och citronpaj	mandelspån (1 dl)	1.0	dl	1.0	1.0	dl		0
287055	Mandel och citronpaj	grädde (1 msk)	1.0	msk	2.0	2.0	msk		0
287055	Mandel och citronpaj	färska jordgubbar (1 st)	1.0	st	2.0	2.0	st		0
287052	Lax med waldorfsallad	rättika (1 st)	1.0	st	1.0	1.0	st		0
287052	Lax med waldorfsallad	morot (1 st)	1.0	st	1.0	1.0	st		0
287052	Lax med waldorfsallad	äpple (1 st)	1.0	st	0.5	0.5	st		1
287052	Lax med waldorfsallad	selleristjälk (1 st)	1.0	st	1.0	1.0	st		0
287052	Lax med waldorfsallad	färsk persilja (1 msk)	1.0	msk	2.0	2.0	msk		0
287052	Lax med waldorfsallad	valnötter (1 dl)	1.0	dl	0.5	0.5	dl		1
287052	Lax med waldorfsallad	majonäs (1 msk)	1.0	msk	1.0	1.0	msk		0
287052	Lax med waldorfsallad	creme fraiche (1 msk)	1.0	msk	1.0	1.0	msk		0
287052	Lax med waldorfsallad	sötstark senap (1 msk)	1.0	msk	1.0	1.0	msk		0
287052	Lax med waldorfsallad	salt och svartpeppar	None	None	None	None	None		0
287052	Lax med waldorfsallad	laxfilé (100 g)	100.0	g	3.0	300.0	g		1
287052	Lax med waldorfsallad	olivolja (1 tsk)	1.0	tsk	1.0	1.0	tsk		0
287052	Lax med waldorfsallad	hjärtsallad (1 st)	1.0	st	1.0	1.0	st		0
287052	Lax med waldorfsallad	citronklyfta (1 st)	1.0	st	1.0	1.0	st		0
287052	Lax med waldorfsallad	färsk persilja (1 kvistar)	1.0	kvistar	1.0	1.0	kvistar		0
287048	Kycklingfylld aubergine	aubergine (1 st)	1.0	st	1.0	1.0	st		1
287048	Kycklingfylld aubergine	olivolja (1 tsk)	1.0	tsk	1.0	1.0	tsk		0
287048	Kycklingfylld aubergine	örtagårdskrydda (1 krm)	1.0	krm	1.0	1.0	krm		0
287048	Kycklingfylld aubergine	salt och svartpeppar	None	None	None	None	None		0
287048	Kycklingfylld aubergine	urbenad grillad kyckling (100 g)	100.0	g	3.0	300.0	g		0
287048	Kycklingfylld aubergine	färsk persilja (1 dl)	1.0	dl	0.5	0.5	dl		0
287048	Kycklingfylld aubergine	créme fraiche (1 dl)	1.0	dl	0.5	0.5	dl		0
287048	Kycklingfylld aubergine	mango chutney (1 msk)	1.0	msk	3.0	3.0	msk		0
287048	Kycklingfylld aubergine	vitlök (1 klyfta)	1.0	klyfta	0.5	0.5	klyfta		0
287048	Kycklingfylld aubergine	tandoorikrydda (1 msk)	1.0	msk	1.0	1.0	msk		0
287048	Kycklingfylld aubergine	fetaost (100 g)	100.0	g	0.5	50.0	g		0
287048	Kycklingfylld aubergine	granatäppelkärnor (1 dl)	1.0	dl	1.0	1.0	dl		1
287048	Kycklingfylld aubergine	pistagenötter (1 msk)	1.0	msk	3.0	3.0	msk		1
287046	Ugnsbakad kyckling med tzatziki och sallad	kycklinglårfilé (100 g)	100.0	g	3.0	300.0	g		0
287046	Ugnsbakad kyckling med tzatziki och sallad	vitlök (1 klyfta)	1.0	klyfta	1.0	1.0	klyfta		0
287046	Ugnsbakad kyckling med tzatziki och sallad	ketjap manis (1 msk)	1.0	msk	1.0	1.0	msk		0
287046	Ugnsbakad kyckling med tzatziki och sallad	salt och svartpeppar	None	None	None	None	None		0
287046	Ugnsbakad kyckling med tzatziki och sallad	örtagårdskrydda (1 krm)	1.0	krm	1.0	1.0	krm		0
287046	Ugnsbakad kyckling med tzatziki och sallad	olivolja (1 tsk)	1.0	tsk	1.0	1.0	tsk		1
287046	Ugnsbakad kyckling med tzatziki och sallad	citron (1 st)	1.0	st	0.25	0.25	st		0
287046	Ugnsbakad kyckling med tzatziki och sallad	paprika (1 st)	1.0	st	1.5	1.5	st		0
287046	Ugnsbakad kyckling med tzatziki och sallad	rödlök (1 st)	1.0	st	0.5	0.5	st		0
287046	Ugnsbakad kyckling med tzatziki och sallad	morot (1 st)	1.0	st	1.0	1.0	st		0
287046	Ugnsbakad kyckling med tzatziki och sallad	gurka (1 cm)	1.0	cm	10.0	10.0	cm		0
287046	Ugnsbakad kyckling med tzatziki och sallad	färsk persilja (1 msk)	1.0	msk	2.0	2.0	msk		0
287046	Ugnsbakad kyckling med tzatziki och sallad	grekisk yoghurt (1 dl)	1.0	dl	0.5	0.5	dl		1
287046	Ugnsbakad kyckling med tzatziki och sallad	citronklyftor (1 st)	1.0	st	2.0	2.0	st		0
288543	Kavring med frön	filmjölk (1 dl)	1.0	dl	5.0	5.0	dl		0
288543	Kavring med frön	brödsirap (1 dl)	1.0	dl	0.5	0.5	dl		0
288543	Kavring med frön	bovetemjöl (1 dl)	1.0	dl	3.0	3.0	dl		0
288543	Kavring med frön	havremjöl (1 dl)	1.0	dl	3.0	3.0	dl		0
288543	Kavring med frön	linfrön (1 dl)	1.0	dl	0.5	0.5	dl		1
288543	Kavring med frön	solroskärnor (1 dl)	1.0	dl	0.5	0.5	dl		1
288543	Kavring med frön	pumpakärnor (1 dl)	1.0	dl	0.5	0.5	dl		1
288543	Kavring med frön	russin (1 dl)	1.0	dl	1.0	1.0	dl		0
288543	Kavring med frön	bikarbonat (1 tsk)	1.0	tsk	1.0	1.0	tsk		0
288543	Kavring med frön	smör (1 tsk)	1.0	tsk	1.0	1.0	tsk		0
288543	Kavring med frön	bovetemjöl (1 tsk)	1.0	tsk	1.0	1.0	tsk		0
288543	Kavring med frön	pumpakärnor (1 msk)	1.0	msk	1.0	1.0	msk		0
288543	Kavring med frön	solroskärnor (1 msk)	1.0	msk	1.0	1.0	msk		0
288543	Kavring med frön	sesamfrön (1 msk)	1.0	msk	1.0	1.0	msk		0
288532	Auberginerullader med chorizo och ricottakräm	aubergine (1 st)	1.0	st	1.0	1.0	st		1
288532	Auberginerullader med chorizo och ricottakräm	olivolja (1 msk)	1.0	msk	0.5	0.5	msk		0
288532	Auberginerullader med chorizo och ricottakräm	örtagårdskrydda (1 krm)	1.0	krm	1.0	1.0	krm		0
288532	Auberginerullader med chorizo och ricottakräm	salt och svartpeppar	None	None	None	None	None		0
288532	Auberginerullader med chorizo och ricottakräm	chorizo (100 g)	100.0	g	1.5	150.0	g		0
288532	Auberginerullader med chorizo och ricottakräm	smör (1 tsk)	1.0	tsk	1.0	1.0	tsk		0
288532	Auberginerullader med chorizo och ricottakräm	rödlök (1 st)	1.0	st	0.25	0.25	st		0
288532	Auberginerullader med chorizo och ricottakräm	ricottaost (100 g)	100.0	g	1.25	125.0	g		1
288532	Auberginerullader med chorizo och ricottakräm	grön pesto (1 msk)	1.0	msk	2.0	2.0	msk		0
288532	Auberginerullader med chorizo och ricottakräm	färsk basilika (1 msk)	1.0	msk	1.0	1.0	msk		0
288532	Auberginerullader med chorizo och ricottakräm	bladspenat (100 g)	100.0	g	0.5	50.0	g		1
288532	Auberginerullader med chorizo och ricottakräm	cocktailtomater (1 st)	1.0	st	10.0	10.0	st		0
288532	Auberginerullader med chorizo och ricottakräm	pinjenötter (1 msk)	1.0	msk	1.0	1.0	msk		0
288530	Pankopanerad scampi med fried rice	fryst scampi (100 g)	100.0	g	3.0	300.0	g		1
288530	Pankopanerad scampi med fried rice	olivolja (1 tsk)	1.0	tsk	1.0	1.0	tsk		0
288530	Pankopanerad scampi med fried rice	vitlök (1 klyfta)	1.0	klyfta	0.5	0.5	klyfta		0
288530	Pankopanerad scampi med fried rice	salt och svartpeppar	None	None	None	None	None		0
288530	Pankopanerad scampi med fried rice	råris (1 dl)	1.0	dl	1.0	1.0	dl		0
288530	Pankopanerad scampi med fried rice	salladslök (1 st)	1.0	st	1.0	1.0	st		0
288530	Pankopanerad scampi med fried rice	röd chili (1 st)	1.0	st	0.25	0.25	st		0
288530	Pankopanerad scampi med fried rice	paprika (1 st)	1.0	st	0.25	0.25	st		0
288530	Pankopanerad scampi med fried rice	ägg (1 st)	1.0	st	1.0	1.0	st		0
288530	Pankopanerad scampi med fried rice	lime (1 klyfta)	1.0	klyfta	1.0	1.0	klyfta		0
288530	Pankopanerad scampi med fried rice	ljus soja (1 msk)	1.0	msk	0.5	0.5	msk		0
288530	Pankopanerad scampi med fried rice	färsk koriander (1 msk)	1.0	msk	1.0	1.0	msk		1
288530	Pankopanerad scampi med fried rice	panko ströbröd (1 dl)	1.0	dl	1.0	1.0	dl		0
288530	Pankopanerad scampi med fried rice	grekisk yoghurt (1 dl)	1.0	dl	1.0	1.0	dl		0
288530	Pankopanerad scampi med fried rice	färsk ingefära (1 tsk)	1.0	tsk	1.0	1.0	tsk		1
288530	Pankopanerad scampi med fried rice	lime (1 klyftor)	1.0	klyftor	2.0	2.0	klyftor		0
288530	Pankopanerad scampi med fried rice	färsk koriander (1 kvistar)	1.0	kvistar	2.0	2.0	kvistar		0
288502	Torskrygg med nudelsallad	risnudlar (100 g)	100.0	g	0.75	75.0	g		0
288502	Torskrygg med nudelsallad	färsk koriander (1 msk)	1.0	msk	2.0	2.0	msk		1
288502	Torskrygg med nudelsallad	röd chili (1 tsk)	1.0	tsk	0.5	0.5	tsk		0
288502	Torskrygg med nudelsallad	purjolök (1 cm)	1.0	cm	5.0	5.0	cm		0
288502	Torskrygg med nudelsallad	lime (1 st)	1.0	st	1.0	1.0	st		0
288502	Torskrygg med nudelsallad	risvinäger (1 tsk)	1.0	tsk	1.0	1.0	tsk		0
288502	Torskrygg med nudelsallad	sesamolja (1 msk)	1.0	msk	1.0	1.0	msk		0
288502	Torskrygg med nudelsallad	olivolja (1 tsk)	1.0	tsk	1.0	1.0	tsk		0
288502	Torskrygg med nudelsallad	torskrygg (100 g)	100.0	g	3.0	300.0	g		1
288502	Torskrygg med nudelsallad	salt och svartpeppar	None	None	None	None	None		0
288502	Torskrygg med nudelsallad	grekisk yoghurt (1 dl)	1.0	dl	0.75	0.75	dl		0
288502	Torskrygg med nudelsallad	färsk ingefära (1 tsk)	1.0	tsk	1.0	1.0	tsk		1
288502	Torskrygg med nudelsallad	vitlök (1 klyfta)	1.0	klyfta	0.5	0.5	klyfta		0
288437	Stekt kyckling med asiatisk tomatsallad	tomat (1 st)	1.0	st	1.0	1.0	st		1
288437	Stekt kyckling med asiatisk tomatsallad	cocktailtomater (1 st)	1.0	st	10.0	10.0	st		0
288437	Stekt kyckling med asiatisk tomatsallad	rött äpple (1 st)	1.0	st	0.5	0.5	st		0
288437	Stekt kyckling med asiatisk tomatsallad	salladslök (1 st)	1.0	st	0.5	0.5	st		0
288437	Stekt kyckling med asiatisk tomatsallad	färsk koriander (1 msk)	1.0	msk	2.0	2.0	msk		0
288437	Stekt kyckling med asiatisk tomatsallad	honung (1 tsk)	1.0	tsk	0.5	0.5	tsk		0
288437	Stekt kyckling med asiatisk tomatsallad	äppelcidervinäger (1 tsk)	1.0	tsk	1.0	1.0	tsk		0
288437	Stekt kyckling med asiatisk tomatsallad	salt och svartpeppar	None	None	None	None	None		0
288437	Stekt kyckling med asiatisk tomatsallad	chiliflakes (1 krm)	1.0	krm	1.0	1.0	krm		0
288437	Stekt kyckling med asiatisk tomatsallad	vitlök (1 klyfta)	1.0	klyfta	1.0	1.0	klyfta		0
288437	Stekt kyckling med asiatisk tomatsallad	färsk ingefära (1 tsk)	1.0	tsk	2.0	2.0	tsk		0
288437	Stekt kyckling med asiatisk tomatsallad	kycklinglårfilé (100 g)	100.0	g	4.0	400.0	g		0
288437	Stekt kyckling med asiatisk tomatsallad	sesamolja (1 msk)	1.0	msk	1.0	1.0	msk		0
288437	Stekt kyckling med asiatisk tomatsallad	grekisk yoghurt (1 dl)	1.0	dl	0.5	0.5	dl		0
288437	Stekt kyckling med asiatisk tomatsallad	majonäs (1 msk)	1.0	msk	1.0	1.0	msk		0
288437	Stekt kyckling med asiatisk tomatsallad	sesamolja (1 tsk)	1.0	tsk	1.0	1.0	tsk		0
288437	Stekt kyckling med asiatisk tomatsallad	sweet chilisås (1 tsk)	1.0	tsk	1.0	1.0	tsk		0
288437	Stekt kyckling med asiatisk tomatsallad	furikakekrydda (1 msk)	1.0	msk	0.5	0.5	msk		0
288437	Stekt kyckling med asiatisk tomatsallad	färsk koriander (1 kvistar)	1.0	kvistar	2.0	2.0	kvistar		1
288447	Chokladmuffins	bananer (1 st)	1.0	st	2.0	2.0	st		0
288447	Chokladmuffins	ägg (1 st)	1.0	st	3.0	3.0	st		1
288447	Chokladmuffins	mandelmjöl (1 dl)	1.0	dl	2.5	2.5	dl		0
288447	Chokladmuffins	kokosolja (1 msk)	1.0	msk	2.0	2.0	msk		0
288447	Chokladmuffins	vaniljpulver (1 tsk)	1.0	tsk	1.0	1.0	tsk		0
288447	Chokladmuffins	kakaopulver (1 msk)	1.0	msk	4.0	4.0	msk		1
288447	Chokladmuffins	bakpulver (1 tsk)	1.0	tsk	0.5	0.5	tsk		0
288447	Chokladmuffins	salt (1 tsk)	1.0	tsk	0.5	0.5	tsk		0
288447	Chokladmuffins	muffinsformar (1 st)	1.0	st	8.0	8.0	st		0
288447	Chokladmuffins	färska hallon (100 g)	100.0	g	0.5	50.0	g		1
288447	Chokladmuffins	florsocker (1 tsk)	1.0	tsk	0.5	0.5	tsk		0
288445	Enchiladas med nötfärs och majs	gul lök (1 st)	1.0	st	0.25	0.25	st		0
288445	Enchiladas med nötfärs och majs	vitlök (1 klyfta)	1.0	klyfta	0.5	0.5	klyfta		0
288445	Enchiladas med nötfärs och majs	paprika (1 st)	1.0	st	0.75	0.75	st		1
288445	Enchiladas med nötfärs och majs	nötfärs (100 g)	100.0	g	3.0	300.0	g		0
288445	Enchiladas med nötfärs och majs	olivolja (1 tsk)	1.0	tsk	1.0	1.0	tsk		0
288445	Enchiladas med nötfärs och majs	enchilada kryddmix (Santa Maria) (100 g)	100.0	g	0.15	15.0	g		0
288445	Enchiladas med nötfärs och majs	vatten (1 dl)	1.0	dl	0.5	0.5	dl		0
288445	Enchiladas med nötfärs och majs	små tortillabröd (1 st)	1.0	st	4.0	4.0	st		0
288445	Enchiladas med nötfärs och majs	bladspenat (100 g)	100.0	g	0.2	20.0	g		1
288445	Enchiladas med nötfärs och majs	ost (100 g)	100.0	g	0.1	10.0	g		0
288445	Enchiladas med nötfärs och majs	majskolv (1 st)	1.0	st	1.0	1.0	st		0
288445	Enchiladas med nötfärs och majs	rödlök (1 st)	1.0	st	0.25	0.25	st		0
288445	Enchiladas med nötfärs och majs	smör (1 tsk)	1.0	tsk	1.0	1.0	tsk		0
288445	Enchiladas med nötfärs och majs	salt (1 tsk)	1.0	tsk	0.5	0.5	tsk		0
288445	Enchiladas med nötfärs och majs	tajinkrydda (1 krm)	1.0	krm	1.0	1.0	krm		0
288445	Enchiladas med nötfärs och majs	färsk persilja (1 msk)	1.0	msk	1.0	1.0	msk		1
288445	Enchiladas med nötfärs och majs	färsk persilja (1 kvistar)	1.0	kvistar	2.0	2.0	kvistar		0
288443	Laxbiffar med mango och wasabi	laxfilé (100 g)	100.0	g	3.0	300.0	g		0
288443	Laxbiffar med mango och wasabi	vitlök (1 klyfta)	1.0	klyfta	0.5	0.5	klyfta		0
288443	Laxbiffar med mango och wasabi	färsk ingefära (1 tsk)	1.0	tsk	1.0	1.0	tsk		0
288443	Laxbiffar med mango och wasabi	röd chili (1 st)	1.0	st	0.25	0.25	st		0
288443	Laxbiffar med mango och wasabi	salladslök (1 st)	1.0	st	1.0	1.0	st		0
288443	Laxbiffar med mango och wasabi	färsk koriander (1 msk)	1.0	msk	1.0	1.0	msk		0
288443	Laxbiffar med mango och wasabi	teriyakisås (1 msk)	1.0	msk	1.0	1.0	msk		0
288443	Laxbiffar med mango och wasabi	sesamolja (1 tsk)	1.0	tsk	1.0	1.0	tsk		0
288443	Laxbiffar med mango och wasabi	lime (1 st)	1.0	st	0.5	0.5	st		0
288443	Laxbiffar med mango och wasabi	salt och svartpeppar	None	None	None	None	None		0
288443	Laxbiffar med mango och wasabi	sockerärtor (100 g)	100.0	g	2.0	200.0	g		0
288443	Laxbiffar med mango och wasabi	färsk mango (1 st)	1.0	st	0.5	0.5	st		1
288443	Laxbiffar med mango och wasabi	purjolök (1 cm)	1.0	cm	10.0	10.0	cm		0
288443	Laxbiffar med mango och wasabi	olivolja (1 tsk)	1.0	tsk	1.0	1.0	tsk		0
288443	Laxbiffar med mango och wasabi	grekisk yoghurt (1 dl)	1.0	dl	0.5	0.5	dl		1
288443	Laxbiffar med mango och wasabi	wasabipasta (1 tsk)	1.0	tsk	1.0	1.0	tsk		0
288443	Laxbiffar med mango och wasabi	färsk koriander (1 kvistar)	1.0	kvistar	2.0	2.0	kvistar		1
288441	Paprikastekt torsk med linssallad och citronyoghurt	inlagda röda linser (1 dl)	1.0	dl	2.0	2.0	dl		0
288441	Paprikastekt torsk med linssallad och citronyoghurt	olivolja (1 tsk)	1.0	tsk	1.0	1.0	tsk		0
288441	Paprikastekt torsk med linssallad och citronyoghurt	salt och svartpeppar	None	None	None	None	None		0
288441	Paprikastekt torsk med linssallad och citronyoghurt	färsk persilja (1 msk)	1.0	msk	1.0	1.0	msk		0
288441	Paprikastekt torsk med linssallad och citronyoghurt	rödlök (1 st)	1.0	st	0.5	0.5	st		0
288441	Paprikastekt torsk med linssallad och citronyoghurt	cocktailtomater (1 st)	1.0	st	6.0	6.0	st		0
288441	Paprikastekt torsk med linssallad och citronyoghurt	torskrygg (100 g)	100.0	g	3.0	300.0	g		1
288441	Paprikastekt torsk med linssallad och citronyoghurt	paprikapulver (1 tsk)	1.0	tsk	0.5	0.5	tsk		0
288441	Paprikastekt torsk med linssallad och citronyoghurt	spiskummin (1 tsk)	1.0	tsk	0.5	0.5	tsk		0
288441	Paprikastekt torsk med linssallad och citronyoghurt	olivolja (1 msk)	1.0	msk	0.5	0.5	msk		0
288441	Paprikastekt torsk med linssallad och citronyoghurt	vatten (1 dl)	1.0	dl	1.0	1.0	dl		0
288441	Paprikastekt torsk med linssallad och citronyoghurt	grekisk yoghurt (1 dl)	1.0	dl	1.0	1.0	dl		0
288441	Paprikastekt torsk med linssallad och citronyoghurt	citron (1 st)	1.0	st	0.5	0.5	st		1
288441	Paprikastekt torsk med linssallad och citronyoghurt	spenat (100 g)	100.0	g	0.2	20.0	g		0
288441	Paprikastekt torsk med linssallad och citronyoghurt	färsk mynta (1 kvistar)	1.0	kvistar	2.0	2.0	kvistar		0
288441	Paprikastekt torsk med linssallad och citronyoghurt	färsk persilja (1 kvistar)	1.0	kvistar	2.0	2.0	kvistar		0
288435	Köftekyckling med grönsaker och granatäpple	kycklinglårfilé (100 g)	100.0	g	3.0	300.0	g		0
288435	Köftekyckling med grönsaker och granatäpple	vitlök (1 klyfta)	1.0	klyfta	0.5	0.5	klyfta		0
288435	Köftekyckling med grönsaker och granatäpple	köftekrydda (1 msk)	1.0	msk	2.0	2.0	msk		0
288435	Köftekyckling med grönsaker och granatäpple	olivolja (1 msk)	1.0	msk	0.5	0.5	msk		0
288435	Köftekyckling med grönsaker och granatäpple	salt och svartpeppar	None	None	None	None	None		0
288435	Köftekyckling med grönsaker och granatäpple	rödlök (1 st)	1.0	st	0.5	0.5	st		0
288435	Köftekyckling med grönsaker och granatäpple	blomkålshuvud (1 st)	1.0	st	0.25	0.25	st		1
288435	Köftekyckling med grönsaker och granatäpple	paprika (1 st)	1.0	st	0.5	0.5	st		0
288435	Köftekyckling med grönsaker och granatäpple	kokosmjölk (1 dl)	1.0	dl	1.0	1.0	dl		0
288435	Köftekyckling med grönsaker och granatäpple	granatäpple (1 st)	1.0	st	0.25	0.25	st		1
288435	Köftekyckling med grönsaker och granatäpple	färsk persilja (1 msk)	1.0	msk	0.5	0.5	msk		0
288435	Köftekyckling med grönsaker och granatäpple	grekisk yoghurt (1 dl)	1.0	dl	0.5	0.5	dl		0
288435	Köftekyckling med grönsaker och granatäpple	bladspenat (100 g)	100.0	g	0.3	30.0	g		1
288366	Mexikanskt nötfärsfräs	gul lök (1 st)	1.0	st	0.5	0.5	st		0
288366	Mexikanskt nötfärsfräs	vitlök (1 klyfta)	1.0	klyfta	1.0	1.0	klyfta		1
288366	Mexikanskt nötfärsfräs	paprika (1 st)	1.0	st	0.75	0.75	st		1
288366	Mexikanskt nötfärsfräs	olivolja (1 tsk)	1.0	tsk	1.0	1.0	tsk		0
288366	Mexikanskt nötfärsfräs	nötfärs (100 g)	100.0	g	3.0	300.0	g		0
288366	Mexikanskt nötfärsfräs	fajita kryddmix (100 g)	100.0	g	0.3	30.0	g		0
288366	Mexikanskt nötfärsfräs	vatten (1 dl)	1.0	dl	1.0	1.0	dl		0
288366	Mexikanskt nötfärsfräs	paprikapulver (1 krm)	1.0	krm	1.0	1.0	krm		0
288366	Mexikanskt nötfärsfräs	salt och svartpeppar	None	None	None	None	None		0
288366	Mexikanskt nötfärsfräs	färsk mynta (1 msk)	1.0	msk	1.0	1.0	msk		0
288366	Mexikanskt nötfärsfräs	grekisk yoghurt (1 dl)	1.0	dl	1.0	1.0	dl		1
288366	Mexikanskt nötfärsfräs	sweet chilisås (1 msk)	1.0	msk	1.5	1.5	msk		0
288366	Mexikanskt nötfärsfräs	lime (1 st)	1.0	st	0.5	0.5	st		0
288366	Mexikanskt nötfärsfräs	hjärtsalladsblad (1 st)	1.0	st	6.0	6.0	st		0
288366	Mexikanskt nötfärsfräs	färsk persilja (1 kvistar)	1.0	kvistar	2.0	2.0	kvistar		0
288380	Ramensoppa med tofu	ägg (1 st)	1.0	st	1.0	1.0	st		0
288380	Ramensoppa med tofu	vitlök (1 klyfta)	1.0	klyfta	1.0	1.0	klyfta		0
288380	Ramensoppa med tofu	färsk ingefära (1 tsk)	1.0	tsk	1.0	1.0	tsk		1
288380	Ramensoppa med tofu	purjolök (1 cm)	1.0	cm	5.0	5.0	cm		0
288380	Ramensoppa med tofu	grönkål (100 g)	100.0	g	0.3	30.0	g		0
288380	Ramensoppa med tofu	färska champinjoner (1 st)	1.0	st	6.0	6.0	st		0
288380	Ramensoppa med tofu	olivolja (1 msk)	1.0	msk	1.0	1.0	msk		0
288380	Ramensoppa med tofu	vatten (1 dl)	1.0	dl	5.0	5.0	dl		0
288380	Ramensoppa med tofu	kycklingbuljongtärning (1 st)	1.0	st	1.0	1.0	st		0
288380	Ramensoppa med tofu	soja (1 msk)	1.0	msk	0.5	0.5	msk		0
288380	Ramensoppa med tofu	ketjap manis (1 msk)	1.0	msk	0.5	0.5	msk		0
288380	Ramensoppa med tofu	risvinäger (1 tsk)	1.0	tsk	1.0	1.0	tsk		0
288380	Ramensoppa med tofu	sesamolja (1 tsk)	1.0	tsk	1.0	1.0	tsk		0
288380	Ramensoppa med tofu	salt och svartpeppar	None	None	None	None	None		0
288380	Ramensoppa med tofu	ramennudlar (100 g)	100.0	g	1.0	100.0	g		0
288380	Ramensoppa med tofu	tofu (100 g)	100.0	g	1.0	100.0	g		1
288380	Ramensoppa med tofu	sesamfrön (1 tsk)	1.0	tsk	1.0	1.0	tsk		0
288380	Ramensoppa med tofu	morot (1 st)	1.0	st	1.0	1.0	st		0
288380	Ramensoppa med tofu	rättika (1 st)	1.0	st	0.25	0.25	st		0
288380	Ramensoppa med tofu	algsallad (1 dl)	1.0	dl	1.0	1.0	dl		1
288380	Ramensoppa med tofu	salladslök (1 st)	1.0	st	1.0	1.0	st		0
288380	Ramensoppa med tofu	teriyakisås (1 msk)	1.0	msk	2.0	2.0	msk		0
288378	Chèvresallad med blodapelsin	morot (1 st)	1.0	st	0.5	0.5	st		0
288378	Chèvresallad med blodapelsin	avokado (1 st)	1.0	st	0.5	0.5	st		1
288378	Chèvresallad med blodapelsin	rödlök (1 msk)	1.0	msk	1.0	1.0	msk		0
288378	Chèvresallad med blodapelsin	sockerärtor (100 g)	100.0	g	0.75	75.0	g		0
288378	Chèvresallad med blodapelsin	blodapelsin (1 st)	1.0	st	0.5	0.5	st		0
288378	Chèvresallad med blodapelsin	bladspenat (100 g)	100.0	g	0.3	30.0	g		0
288378	Chèvresallad med blodapelsin	chevreost (100 g)	100.0	g	0.75	75.0	g		1
288378	Chèvresallad med blodapelsin	pistagenötter (1 msk)	1.0	msk	0.5	0.5	msk		1
288378	Chèvresallad med blodapelsin	balsamvinäger (1 tsk)	1.0	tsk	0.5	0.5	tsk		0
288378	Chèvresallad med blodapelsin	citronklyfta (1 st)	1.0	st	1.0	1.0	st		0
288376	Ugnsbakade ägg med spenat	smör (1 tsk)	1.0	tsk	1.0	1.0	tsk		0
288376	Ugnsbakade ägg med spenat	ägg (1 st)	1.0	st	4.0	4.0	st		1
288376	Ugnsbakade ägg med spenat	spenat (100 g)	100.0	g	0.2	20.0	g		1
288376	Ugnsbakade ägg med spenat	mjölk (1 dl)	1.0	dl	0.5	0.5	dl		0
288376	Ugnsbakade ägg med spenat	riven parmesanost (1 msk)	1.0	msk	2.0	2.0	msk		0
288376	Ugnsbakade ägg med spenat	salt och svartpeppar	None	None	None	None	None		0
288376	Ugnsbakade ägg med spenat	färsk gräslök (1 tsk)	1.0	tsk	1.0	1.0	tsk		1
288374	Chiapudding med med apelsin och mynta	chiafrön (1 msk)	1.0	msk	2.0	2.0	msk		1
288374	Chiapudding med med apelsin och mynta	mjölk 3% (1 dl)	1.0	dl	1.5	1.5	dl		0
288374	Chiapudding med med apelsin och mynta	honung (1 tsk)	1.0	tsk	1.0	1.0	tsk		0
288374	Chiapudding med med apelsin och mynta	salt (1 krm)	1.0	krm	0.5	0.5	krm		0
288374	Chiapudding med med apelsin och mynta	apelsin (1 st)	1.0	st	0.25	0.25	st		1
288374	Chiapudding med med apelsin och mynta	färsk mynta (1 msk)	1.0	msk	0.5	0.5	msk		0
288374	Chiapudding med med apelsin och mynta	färska hallon (1 st)	1.0	st	4.0	4.0	st		1
288372	Saffransgröt med bär och granatäpple	havregryn (1 dl)	1.0	dl	1.0	1.0	dl		1
288372	Saffransgröt med bär och granatäpple	vatten (1 dl)	1.0	dl	2.0	2.0	dl		0
288372	Saffransgröt med bär och granatäpple	saffran (0.1 g)	0.1	g	5.0	0.5	g		1
288372	Saffransgröt med bär och granatäpple	salt (1 krm)	1.0	krm	1.0	1.0	krm		0
288372	Saffransgröt med bär och granatäpple	honung (1 tsk)	1.0	tsk	0.5	0.5	tsk		0
288372	Saffransgröt med bär och granatäpple	granatäppelkärnor (1 msk)	1.0	msk	1.0	1.0	msk		0
288372	Saffransgröt med bär och granatäpple	färska blåbär (1 msk)	1.0	msk	1.0	1.0	msk		0
288372	Saffransgröt med bär och granatäpple	färska hallon (1 st)	1.0	st	4.0	4.0	st		0
288372	Saffransgröt med bär och granatäpple	chiafrön (1 tsk)	1.0	tsk	0.5	0.5	tsk		1
288372	Saffransgröt med bär och granatäpple	mellanmjölk (1 dl)	1.0	dl	0.5	0.5	dl		0
288370	Citronkakor med chiafrön	chiafrön (1 msk)	1.0	msk	1.0	1.0	msk		1
288370	Citronkakor med chiafrön	vatten (1 msk)	1.0	msk	3.0	3.0	msk		0
288370	Citronkakor med chiafrön	mandelmjöl (1 dl)	1.0	dl	2.0	2.0	dl		1
288370	Citronkakor med chiafrön	citron (1 st)	1.0	st	1.0	1.0	st		0
288370	Citronkakor med chiafrön	agavesirap (1 msk)	1.0	msk	0.5	0.5	msk		0
288370	Citronkakor med chiafrön	bakpulver (1 tsk)	1.0	tsk	0.5	0.5	tsk		0
288370	Citronkakor med chiafrön	vallmofrön (1 msk)	1.0	msk	1.0	1.0	msk		1
288368	Fläskkarré med fylld sötpotatis och citronsås	sötpotatis (1 st)	1.0	st	1.0	1.0	st		1
288368	Fläskkarré med fylld sötpotatis och citronsås	färsk persilja (1 msk)	1.0	msk	1.0	1.0	msk		0
288368	Fläskkarré med fylld sötpotatis och citronsås	färsk rosmarin (1 msk)	1.0	msk	1.0	1.0	msk		1
288368	Fläskkarré med fylld sötpotatis och citronsås	fetaost (100 g)	100.0	g	0.5	50.0	g		0
288368	Fläskkarré med fylld sötpotatis och citronsås	honung (1 tsk)	1.0	tsk	0.5	0.5	tsk		0
288368	Fläskkarré med fylld sötpotatis och citronsås	salt och svartpeppar	None	None	None	None	None		0
288368	Fläskkarré med fylld sötpotatis och citronsås	keso (100 g)	100.0	g	1.75	175.0	g		1
288368	Fläskkarré med fylld sötpotatis och citronsås	citronjuice (1 msk)	1.0	msk	1.0	1.0	msk		0
288368	Fläskkarré med fylld sötpotatis och citronsås	smör (1 tsk)	1.0	tsk	1.0	1.0	tsk		0
288368	Fläskkarré med fylld sötpotatis och citronsås	fläskkarré (100 g)	100.0	g	3.0	300.0	g		0
288368	Fläskkarré med fylld sötpotatis och citronsås	torkad timjan (1 krm)	1.0	krm	1.0	1.0	krm		0
288368	Fläskkarré med fylld sötpotatis och citronsås	bladspenat (100 g)	100.0	g	0.3	30.0	g		0
288368	Fläskkarré med fylld sötpotatis och citronsås	citron (1 st)	1.0	st	0.25	0.25	st		0
288368	Fläskkarré med fylld sötpotatis och citronsås	färsk rosmarin (1 kvistar)	1.0	kvistar	2.0	2.0	kvistar		0
288363	Riswrap med philadelphiaost och lax	gurka (1 st)	1.0	st	1.0	1.0	st		1
288363	Riswrap med philadelphiaost och lax	rispapper (1 st)	1.0	st	4.0	4.0	st		0
288363	Riswrap med philadelphiaost och lax	philadelphiaost (100 g)	100.0	g	1.0	100.0	g		0
288363	Riswrap med philadelphiaost och lax	rökt lax (100 g)	100.0	g	1.2	120.0	g		1
288363	Riswrap med philadelphiaost och lax	grön pesto (1 msk)	1.0	msk	2.0	2.0	msk		0
288363	Riswrap med philadelphiaost och lax	basilikablad (1 st)	1.0	st	8.0	8.0	st		0
288363	Riswrap med philadelphiaost och lax	sesamfrön (1 tsk)	1.0	tsk	1.0	1.0	tsk		1
288361	Kycklingbullar med soltorkade tomater	vitlök (1 klyfta)	1.0	klyfta	1.0	1.0	klyfta		0
288361	Kycklingbullar med soltorkade tomater	gul lök (1 st)	1.0	st	0.5	0.5	st		0
288361	Kycklingbullar med soltorkade tomater	soltorkade tomater (1 st)	1.0	st	5.0	5.0	st		0
288361	Kycklingbullar med soltorkade tomater	färsk persilja (1 msk)	1.0	msk	2.0	2.0	msk		0
288361	Kycklingbullar med soltorkade tomater	kycklingfärs (100 g)	100.0	g	4.0	400.0	g		0
288361	Kycklingbullar med soltorkade tomater	ägg (1 st)	1.0	st	1.0	1.0	st		0
288361	Kycklingbullar med soltorkade tomater	örtagårdskrydda (1 krm)	1.0	krm	1.0	1.0	krm		0
288361	Kycklingbullar med soltorkade tomater	salt och svartpeppar	None	None	None	None	None		0
288361	Kycklingbullar med soltorkade tomater	haricots verts (100 g)	100.0	g	1.0	100.0	g		1
288361	Kycklingbullar med soltorkade tomater	grillad paprika (100 g)	100.0	g	0.75	75.0	g		0
288361	Kycklingbullar med soltorkade tomater	rödlök (1 st)	1.0	st	0.5	0.5	st		0
288361	Kycklingbullar med soltorkade tomater	olivolja (1 msk)	1.0	msk	0.5	0.5	msk		0
288361	Kycklingbullar med soltorkade tomater	vatten (1 dl)	1.0	dl	1.0	1.0	dl		0
288361	Kycklingbullar med soltorkade tomater	grädde (1 dl)	1.0	dl	1.5	1.5	dl		0
288361	Kycklingbullar med soltorkade tomater	kycklingbuljongtärning (1 st)	1.0	st	1.0	1.0	st		0
288361	Kycklingbullar med soltorkade tomater	bladspenat (100 g)	100.0	g	0.3	30.0	g		1
288361	Kycklingbullar med soltorkade tomater	riven parmesanost (1 msk)	1.0	msk	2.0	2.0	msk		0
288361	Kycklingbullar med soltorkade tomater	färsk persilja (1 kvistar)	1.0	kvistar	2.0	2.0	kvistar		1
288359	Oneplate ugnsbakad kyckling och rödbetor	rödbetor (1 st)	1.0	st	3.0	3.0	st		1
288359	Oneplate ugnsbakad kyckling och rödbetor	salt och svartpeppar	None	None	None	None	None		0
288359	Oneplate ugnsbakad kyckling och rödbetor	örtagårdskrydda (1 tsk)	1.0	tsk	1.0	1.0	tsk		0
288359	Oneplate ugnsbakad kyckling och rödbetor	olivolja (1 msk)	1.0	msk	0.5	0.5	msk		0
288359	Oneplate ugnsbakad kyckling och rödbetor	kycklinglårfilé (100 g)	100.0	g	4.0	400.0	g		0
288359	Oneplate ugnsbakad kyckling och rödbetor	citron (1 st)	1.0	st	1.0	1.0	st		1
288359	Oneplate ugnsbakad kyckling och rödbetor	ketjap manis (1 msk)	1.0	msk	1.0	1.0	msk		0
288359	Oneplate ugnsbakad kyckling och rödbetor	vitlök (1 klyfta)	1.0	klyfta	0.5	0.5	klyfta		0
288359	Oneplate ugnsbakad kyckling och rödbetor	solrosfrön (1 msk)	1.0	msk	1.0	1.0	msk		0
288359	Oneplate ugnsbakad kyckling och rödbetor	pumpafrön (1 msk)	1.0	msk	1.0	1.0	msk		1
288359	Oneplate ugnsbakad kyckling och rödbetor	färsk timjan (1 msk)	1.0	msk	2.0	2.0	msk		0
288357	Poke Bowl med pankopanerad tofu	quinoa tricolore (1 dl)	1.0	dl	0.5	0.5	dl		0
288357	Poke Bowl med pankopanerad tofu	vitkål (100 g)	100.0	g	0.7	70.0	g		0
288357	Poke Bowl med pankopanerad tofu	färsk mynta (1 msk)	1.0	msk	1.0	1.0	msk		0
288357	Poke Bowl med pankopanerad tofu	sesamolja (1 tsk)	1.0	tsk	1.0	1.0	tsk		0
288357	Poke Bowl med pankopanerad tofu	risvinäger (1 tsk)	1.0	tsk	1.0	1.0	tsk		0
288357	Poke Bowl med pankopanerad tofu	salt och svartpeppar	None	None	None	None	None		0
288357	Poke Bowl med pankopanerad tofu	avokado (1 st)	1.0	st	0.5	0.5	st		1
288357	Poke Bowl med pankopanerad tofu	morot (1 st)	1.0	st	1.0	1.0	st		1
288357	Poke Bowl med pankopanerad tofu	salladslök (1 st)	1.0	st	1.0	1.0	st		0
288357	Poke Bowl med pankopanerad tofu	färsk mango (1 st)	1.0	st	0.25	0.25	st		0
288357	Poke Bowl med pankopanerad tofu	gurka (1 cm)	1.0	cm	5.0	5.0	cm		0
288357	Poke Bowl med pankopanerad tofu	tofu (100 g)	100.0	g	1.25	125.0	g		0
288357	Poke Bowl med pankopanerad tofu	panko ströbröd (1 dl)	1.0	dl	0.5	0.5	dl		0
288357	Poke Bowl med pankopanerad tofu	ägg (1 st)	1.0	st	0.5	0.5	st		0
288357	Poke Bowl med pankopanerad tofu	olivolja (1 msk)	1.0	msk	0.5	0.5	msk		0
288357	Poke Bowl med pankopanerad tofu	vitlök (1 klyfta)	1.0	klyfta	0.5	0.5	klyfta		0
288357	Poke Bowl med pankopanerad tofu	majonäs (1 msk)	1.0	msk	1.0	1.0	msk		0
288357	Poke Bowl med pankopanerad tofu	creme fraiche (1 msk)	1.0	msk	2.0	2.0	msk		0
288357	Poke Bowl med pankopanerad tofu	srirachasås (1 tsk)	1.0	tsk	0.5	0.5	tsk		0
288357	Poke Bowl med pankopanerad tofu	granatäpple (1 st)	1.0	st	0.25	0.25	st		1
288357	Poke Bowl med pankopanerad tofu	inlagd ingefära (1 msk)	1.0	msk	1.0	1.0	msk		0
288357	Poke Bowl med pankopanerad tofu	sesamfrön (1 tsk)	1.0	tsk	1.0	1.0	tsk		0
288355	Grönsakspankaka med asiatisk sås	morot (1 st)	1.0	st	1.0	1.0	st		0
288355	Grönsakspankaka med asiatisk sås	squash (1 cm)	1.0	cm	5.0	5.0	cm		0
288355	Grönsakspankaka med asiatisk sås	vitkål (1 dl)	1.0	dl	0.5	0.5	dl		1
288355	Grönsakspankaka med asiatisk sås	purjolök (1 dl)	1.0	dl	0.25	0.25	dl		0
288355	Grönsakspankaka med asiatisk sås	mandelmjöl (1 dl)	1.0	dl	0.5	0.5	dl		0
288355	Grönsakspankaka med asiatisk sås	fiberhusk (1 tsk)	1.0	tsk	0.5	0.5	tsk		0
288355	Grönsakspankaka med asiatisk sås	ägg (1 st)	1.0	st	1.0	1.0	st		1
288355	Grönsakspankaka med asiatisk sås	salt och svartpeppar	None	None	None	None	None		0
288355	Grönsakspankaka med asiatisk sås	olivolja (1 msk)	1.0	msk	0.5	0.5	msk		0
288355	Grönsakspankaka med asiatisk sås	soja (1 msk)	1.0	msk	1.0	1.0	msk		0
288355	Grönsakspankaka med asiatisk sås	risvinäger (1 tsk)	1.0	tsk	1.5	1.5	tsk		0
288355	Grönsakspankaka med asiatisk sås	sesamolja (1 tsk)	1.0	tsk	0.5	0.5	tsk		0
288355	Grönsakspankaka med asiatisk sås	honung (1 tsk)	1.0	tsk	0.5	0.5	tsk		0
288355	Grönsakspankaka med asiatisk sås	färsk ingefära (1 tsk)	1.0	tsk	0.5	0.5	tsk		1
288355	Grönsakspankaka med asiatisk sås	purjolök (1 msk)	1.0	msk	0.5	0.5	msk		0
288355	Grönsakspankaka med asiatisk sås	sesamfrön (1 msk)	1.0	msk	0.5	0.5	msk		0
288349	Vallmogröt med apelsinfiléer	havregryn (1 dl)	1.0	dl	1.0	1.0	dl		1
288349	Vallmogröt med apelsinfiléer	vatten (1 dl)	1.0	dl	2.0	2.0	dl		0
288349	Vallmogröt med apelsinfiléer	salt (1 krm)	1.0	krm	1.0	1.0	krm		0
288349	Vallmogröt med apelsinfiléer	vallmofrön (1 tsk)	1.0	tsk	1.0	1.0	tsk		1
288349	Vallmogröt med apelsinfiléer	honung (1 tsk)	1.0	tsk	0.5	0.5	tsk		0
288349	Vallmogröt med apelsinfiléer	apelsin (1 st)	1.0	st	0.5	0.5	st		1
288349	Vallmogröt med apelsinfiléer	valnötter (1 msk)	1.0	msk	1.0	1.0	msk		0
288349	Vallmogröt med apelsinfiléer	mjölk (1 dl)	1.0	dl	0.5	0.5	dl		0
288349	Vallmogröt med apelsinfiléer	olivolja (1 tsk)	1.0	tsk	1.0	1.0	tsk		0
288347	Kokos- och jordgubbssmoothie med bovetegranola	banan (1 st)	1.0	st	0.5	0.5	st		1
288347	Kokos- och jordgubbssmoothie med bovetegranola	färska jordgubbar (1 st)	1.0	st	6.0	6.0	st		1
288347	Kokos- och jordgubbssmoothie med bovetegranola	alpro osötad kokosdryck (1 dl)	1.0	dl	2.0	2.0	dl		0
288347	Kokos- och jordgubbssmoothie med bovetegranola	grekisk yoghurt (1 dl)	1.0	dl	0.5	0.5	dl		0
288347	Kokos- och jordgubbssmoothie med bovetegranola	bovetegranola med apelsin och kardemumma (1 dl)	1.0	dl	0.25	0.25	dl		1
288347	Kokos- och jordgubbssmoothie med bovetegranola	färsk jordgubbe (1 st)	1.0	st	1.0	1.0	st		0
288347	Kokos- och jordgubbssmoothie med bovetegranola	kokosskivor (1 msk)	1.0	msk	1.0	1.0	msk		0
288345	Chiapudding med jordgubbssylt och pistagenötter	chiafrön (1 msk)	1.0	msk	2.0	2.0	msk		1
288345	Chiapudding med jordgubbssylt och pistagenötter	mjölk (1 dl)	1.0	dl	1.5	1.5	dl		0
288345	Chiapudding med jordgubbssylt och pistagenötter	honung (1 tsk)	1.0	tsk	1.0	1.0	tsk		0
288345	Chiapudding med jordgubbssylt och pistagenötter	salt (1 krm)	1.0	krm	0.5	0.5	krm		0
288345	Chiapudding med jordgubbssylt och pistagenötter	hemgjord jordgubssylt (1 msk)	1.0	msk	1.5	1.5	msk		0
288345	Chiapudding med jordgubbssylt och pistagenötter	färsk jordgubbe (1 st)	1.0	st	1.0	1.0	st		1
288345	Chiapudding med jordgubbssylt och pistagenötter	pistagenötter (1 msk)	1.0	msk	0.5	0.5	msk		1
288281	Morotskaka med havregryn och chiafrön	chiafrön (1 msk)	1.0	msk	2.0	2.0	msk		0
288281	Morotskaka med havregryn och chiafrön	mandelmjölk (1 dl)	1.0	dl	2.0	2.0	dl		0
288281	Morotskaka med havregryn och chiafrön	banan (1 st)	1.0	st	1.0	1.0	st		0
288281	Morotskaka med havregryn och chiafrön	kokosolja (1 dl)	1.0	dl	1.0	1.0	dl		0
288281	Morotskaka med havregryn och chiafrön	agavesirap (1 msk)	1.0	msk	2.0	2.0	msk		0
288281	Morotskaka med havregryn och chiafrön	ägg (1 st)	1.0	st	2.0	2.0	st		0
288281	Morotskaka med havregryn och chiafrön	vaniljpulver (1 tsk)	1.0	tsk	1.0	1.0	tsk		0
288281	Morotskaka med havregryn och chiafrön	morot (1 dl)	1.0	dl	2.0	2.0	dl		1
288281	Morotskaka med havregryn och chiafrön	havregryn (1 dl)	1.0	dl	3.0	3.0	dl		1
288281	Morotskaka med havregryn och chiafrön	kanel (1 tsk)	1.0	tsk	1.0	1.0	tsk		0
288281	Morotskaka med havregryn och chiafrön	salt (1 tsk)	1.0	tsk	0.25	0.25	tsk		0
288281	Morotskaka med havregryn och chiafrön	bakpulver (1 tsk)	1.0	tsk	1.0	1.0	tsk		0
288281	Morotskaka med havregryn och chiafrön	valnötter (1 dl)	1.0	dl	1.0	1.0	dl		0
288281	Morotskaka med havregryn och chiafrön	philadelphiaost (100 g)	100.0	g	1.5	150.0	g		0
288281	Morotskaka med havregryn och chiafrön	apelsin (1 st)	1.0	st	1.0	1.0	st		1
288279	Entrecote med sparris och ärtpesto	entrecote (100 g)	100.0	g	3.0	300.0	g		1
288279	Entrecote med sparris och ärtpesto	salt och svartpeppar	None	None	None	None	None		0
288279	Entrecote med sparris och ärtpesto	grön sparris (100 g)	100.0	g	2.0	200.0	g		1
288279	Entrecote med sparris och ärtpesto	granatäpple (1 st)	1.0	st	0.25	0.25	st		1
288279	Entrecote med sparris och ärtpesto	smör (1 msk)	1.0	msk	1.0	1.0	msk		0
288279	Entrecote med sparris och ärtpesto	färsk rosmarin (1 kvist)	1.0	kvist	1.0	1.0	kvist		0
288279	Entrecote med sparris och ärtpesto	vitlök (1 klyfta)	1.0	klyfta	0.5	0.5	klyfta		0
288279	Entrecote med sparris och ärtpesto	frysta ärtor (1 dl)	1.0	dl	0.75	0.75	dl		0
288279	Entrecote med sparris och ärtpesto	solroskärnor (100 g)	100.0	g	0.4	40.0	g		0
288279	Entrecote med sparris och ärtpesto	citron (1 st)	1.0	st	0.3	0.3	st		0
288279	Entrecote med sparris och ärtpesto	olivolja (1 msk)	1.0	msk	2.5	2.5	msk		0
288279	Entrecote med sparris och ärtpesto	färsk rosmarin (1 kvistar)	1.0	kvistar	2.0	2.0	kvistar		0
288277	Lövbiff med stekta grönsaker och pestoyoghurt	lövbiff (100 g)	100.0	g	2.0	200.0	g		0
288277	Lövbiff med stekta grönsaker och pestoyoghurt	salt och svartpeppar	None	None	None	None	None		0
288277	Lövbiff med stekta grönsaker och pestoyoghurt	bacon (100 g)	100.0	g	1.5	150.0	g		0
288277	Lövbiff med stekta grönsaker och pestoyoghurt	vitlök (1 klyfta)	1.0	klyfta	1.0	1.0	klyfta		0
288277	Lövbiff med stekta grönsaker och pestoyoghurt	rödlök (1 st)	1.0	st	0.5	0.5	st		0
288277	Lövbiff med stekta grönsaker och pestoyoghurt	fänkål (1 st)	1.0	st	0.5	0.5	st		1
288277	Lövbiff med stekta grönsaker och pestoyoghurt	färska champinjoner (1 st)	1.0	st	5.0	5.0	st		0
288277	Lövbiff med stekta grönsaker och pestoyoghurt	squash (1 cm)	1.0	cm	5.0	5.0	cm		0
288277	Lövbiff med stekta grönsaker och pestoyoghurt	paprika (1 st)	1.0	st	0.5	0.5	st		1
288277	Lövbiff med stekta grönsaker och pestoyoghurt	olivolja (1 tsk)	1.0	tsk	1.0	1.0	tsk		0
288277	Lövbiff med stekta grönsaker och pestoyoghurt	färsk salvia (1 kvist)	1.0	kvist	1.0	1.0	kvist		0
288277	Lövbiff med stekta grönsaker och pestoyoghurt	citron (1 st)	1.0	st	0.5	0.5	st		0
288277	Lövbiff med stekta grönsaker och pestoyoghurt	grekisk yoghurt (1 dl)	1.0	dl	0.5	0.5	dl		1
288277	Lövbiff med stekta grönsaker och pestoyoghurt	majonäs (1 msk)	1.0	msk	1.0	1.0	msk		0
288277	Lövbiff med stekta grönsaker och pestoyoghurt	röd pesto (1 msk)	1.0	msk	1.0	1.0	msk		0
288277	Lövbiff med stekta grönsaker och pestoyoghurt	örtagårdskrydda (1 krm)	1.0	krm	1.0	1.0	krm		0
288275	Laxgratäng med blomkålsmos	blomkålshuvud (1 st)	1.0	st	1.0	1.0	st		1
288275	Laxgratäng med blomkålsmos	fiskbuljongtärning (1 st)	1.0	st	0.5	0.5	st		0
288275	Laxgratäng med blomkålsmos	salt och svartpeppar	None	None	None	None	None		0
288275	Laxgratäng med blomkålsmos	creme fraiche (1 msk)	1.0	msk	1.0	1.0	msk		0
288275	Laxgratäng med blomkålsmos	färsk gräslök (1 msk)	1.0	msk	2.0	2.0	msk		0
288275	Laxgratäng med blomkålsmos	färsk dill (1 msk)	1.0	msk	1.0	1.0	msk		0
288275	Laxgratäng med blomkålsmos	laxfilé (100 g)	100.0	g	3.0	300.0	g		1
288275	Laxgratäng med blomkålsmos	olivolja (1 tsk)	1.0	tsk	1.0	1.0	tsk		0
288275	Laxgratäng med blomkålsmos	bladspenat (100 g)	100.0	g	0.5	50.0	g		1
288273	Tonfisksallad med rödbetsröra	ägg (1 st)	1.0	st	2.0	2.0	st		1
288273	Tonfisksallad med rödbetsröra	haricots verts (100 g)	100.0	g	1.0	100.0	g		0
288273	Tonfisksallad med rödbetsröra	kokta rödbetor (1 st)	1.0	st	2.0	2.0	st		1
288273	Tonfisksallad med rödbetsröra	rödlök (1 st)	1.0	st	0.25	0.25	st		0
288273	Tonfisksallad med rödbetsröra	färsk persilja (1 msk)	1.0	msk	1.0	1.0	msk		0
288273	Tonfisksallad med rödbetsröra	kapris (1 msk)	1.0	msk	2.0	2.0	msk		0
288273	Tonfisksallad med rödbetsröra	olivolja (1 tsk)	1.0	tsk	1.0	1.0	tsk		0
288273	Tonfisksallad med rödbetsröra	salt och svartpeppar	None	None	None	None	None		0
288273	Tonfisksallad med rödbetsröra	morot (1 st)	1.0	st	1.0	1.0	st		0
288273	Tonfisksallad med rödbetsröra	avokado (1 st)	1.0	st	1.0	1.0	st		1
288273	Tonfisksallad med rödbetsröra	tonfisk i vatten (100 g)	100.0	g	1.5	150.0	g		0
288273	Tonfisksallad med rödbetsröra	bladspenat (100 g)	100.0	g	0.5	50.0	g		0
288273	Tonfisksallad med rödbetsröra	furikakekrydda (1 msk)	1.0	msk	1.0	1.0	msk		0
288273	Tonfisksallad med rödbetsröra	citronklyfta (1 st)	1.0	st	1.0	1.0	st		0
288270	Kycklingfärstimbaler med färskost och sweet chili	muffinsformar (1 st)	1.0	st	4.0	4.0	st		0
288270	Kycklingfärstimbaler med färskost och sweet chili	olivolja (1 tsk)	1.0	tsk	1.0	1.0	tsk		0
288270	Kycklingfärstimbaler med färskost och sweet chili	färsk ingefära (1 tsk)	1.0	tsk	1.0	1.0	tsk		0
288270	Kycklingfärstimbaler med färskost och sweet chili	kycklingfärs (100 g)	100.0	g	3.0	300.0	g		1
288270	Kycklingfärstimbaler med färskost och sweet chili	salt och svartpeppar	None	None	None	None	None		0
288270	Kycklingfärstimbaler med färskost och sweet chili	örtagårdskrydda (1 tsk)	1.0	tsk	1.0	1.0	tsk		0
288270	Kycklingfärstimbaler med färskost och sweet chili	paprika (1 st)	1.0	st	0.5	0.5	st		0
288270	Kycklingfärstimbaler med färskost och sweet chili	färskost naturell (100 g)	100.0	g	1.0	100.0	g		0
288270	Kycklingfärstimbaler med färskost och sweet chili	sweet chilisås (1 msk)	1.0	msk	1.0	1.0	msk		0
288270	Kycklingfärstimbaler med färskost och sweet chili	pinjenötter (1 msk)	1.0	msk	1.0	1.0	msk		0
288270	Kycklingfärstimbaler med färskost och sweet chili	morot (1 st)	1.0	st	1.0	1.0	st		1
288270	Kycklingfärstimbaler med färskost och sweet chili	vitlök (1 klyfta)	1.0	klyfta	0.25	0.25	klyfta		0
288270	Kycklingfärstimbaler med färskost och sweet chili	sesamolja (1 tsk)	1.0	tsk	1.0	1.0	tsk		0
288270	Kycklingfärstimbaler med färskost och sweet chili	bladspenat (100 g)	100.0	g	0.5	50.0	g		1
288270	Kycklingfärstimbaler med färskost och sweet chili	purjolök (1 cm)	1.0	cm	2.0	2.0	cm		0
288270	Kycklingfärstimbaler med färskost och sweet chili	färsk persilja (1 kvistar)	1.0	kvistar	2.0	2.0	kvistar		0
288268	Vegetarisk paprikapasta med citron	glutenfri pennepasta (100 g)	100.0	g	1.0	100.0	g		0
288268	Vegetarisk paprikapasta med citron	salt (1 nypa)	1.0	nypa	1.0	1.0	nypa		0
288268	Vegetarisk paprikapasta med citron	vitlök (1 klyfta)	1.0	klyfta	0.5	0.5	klyfta		0
288268	Vegetarisk paprikapasta med citron	rödlök (1 st)	1.0	st	0.5	0.5	st		0
288268	Vegetarisk paprikapasta med citron	paprika (1 st)	1.0	st	1.25	1.25	st		0
288268	Vegetarisk paprikapasta med citron	fänkål (1 st)	1.0	st	1.0	1.0	st		1
288268	Vegetarisk paprikapasta med citron	färsk persilja (1 dl)	1.0	dl	0.5	0.5	dl		0
288268	Vegetarisk paprikapasta med citron	olivolja (1 msk)	1.0	msk	0.5	0.5	msk		0
288268	Vegetarisk paprikapasta med citron	citron (1 st)	1.0	st	0.5	0.5	st		1
288268	Vegetarisk paprikapasta med citron	salt och svartpeppar	None	None	None	None	None		0
288268	Vegetarisk paprikapasta med citron	riven parmesanost (1 dl)	1.0	dl	1.0	1.0	dl		0
288268	Vegetarisk paprikapasta med citron	färsk persilja (1 kvistar)	1.0	kvistar	2.0	2.0	kvistar		1
288266	Havrevåffla med jordgubbssylt och vaniljkeso	mellanmjölk (1 dl)	1.0	dl	1.6	1.6	dl		0
288266	Havrevåffla med jordgubbssylt och vaniljkeso	havremjöl (1 dl)	1.0	dl	0.5	0.5	dl		1
288266	Havrevåffla med jordgubbssylt och vaniljkeso	ägg (1 st)	1.0	st	1.0	1.0	st		1
288266	Havrevåffla med jordgubbssylt och vaniljkeso	salt (1 krm)	1.0	krm	1.0	1.0	krm		0
288266	Havrevåffla med jordgubbssylt och vaniljkeso	kardemumma (1 krm)	1.0	krm	1.0	1.0	krm		0
288266	Havrevåffla med jordgubbssylt och vaniljkeso	bakpulver (1 tsk)	1.0	tsk	0.5	0.5	tsk		0
288266	Havrevåffla med jordgubbssylt och vaniljkeso	konserverade vita bönor (1 dl)	1.0	dl	0.5	0.5	dl		0
288266	Havrevåffla med jordgubbssylt och vaniljkeso	smör (1 tsk)	1.0	tsk	1.0	1.0	tsk		0
288266	Havrevåffla med jordgubbssylt och vaniljkeso	keso (100 g)	100.0	g	0.75	75.0	g		1
288266	Havrevåffla med jordgubbssylt och vaniljkeso	honung (1 tsk)	1.0	tsk	0.5	0.5	tsk		0
288266	Havrevåffla med jordgubbssylt och vaniljkeso	vaniljpulver (1 krm)	1.0	krm	0.5	0.5	krm		0
288266	Havrevåffla med jordgubbssylt och vaniljkeso	hemgjord jordgubssylt (1 msk)	1.0	msk	1.5	1.5	msk		0
288266	Havrevåffla med jordgubbssylt och vaniljkeso	färsk mynta (1 kvist)	1.0	kvist	1.0	1.0	kvist		0
288262	Proteingröt med äpple	havregryn (1 dl)	1.0	dl	1.0	1.0	dl		1
288262	Proteingröt med äpple	vatten (1 dl)	1.0	dl	2.0	2.0	dl		0
288262	Proteingröt med äpple	salt (1 krm)	1.0	krm	1.0	1.0	krm		0
288262	Proteingröt med äpple	kanel (1 krm)	1.0	krm	1.0	1.0	krm		0
288262	Proteingröt med äpple	kardemumma (1 krm)	1.0	krm	1.0	1.0	krm		0
288262	Proteingröt med äpple	pumpakärnor (1 msk)	1.0	msk	0.5	0.5	msk		0
288262	Proteingröt med äpple	russin (1 msk)	1.0	msk	0.5	0.5	msk		0
288262	Proteingröt med äpple	ägg (1 st)	1.0	st	1.0	1.0	st		1
288262	Proteingröt med äpple	rött äpple (1 st)	1.0	st	0.25	0.25	st		0
288262	Proteingröt med äpple	pumpafrön (1 msk)	1.0	msk	0.5	0.5	msk		1
288262	Proteingröt med äpple	mellanmjölk (1 dl)	1.0	dl	0.5	0.5	dl		0
288260	Äggröra med sockerärtor	sockerärtor (1 st)	1.0	st	4.0	4.0	st		1
288260	Äggröra med sockerärtor	rädisa (1 st)	1.0	st	1.0	1.0	st		1
288260	Äggröra med sockerärtor	ägg (1 st)	1.0	st	2.0	2.0	st		1
288260	Äggröra med sockerärtor	grädde (1 msk)	1.0	msk	1.0	1.0	msk		0
288260	Äggröra med sockerärtor	salt och svartpeppar	None	None	None	None	None		0
288260	Äggröra med sockerärtor	smör (1 tsk)	1.0	tsk	1.0	1.0	tsk		0
288260	Äggröra med sockerärtor	färsk persilja (1 msk)	1.0	msk	0.5	0.5	msk		0
288258	Stekt ägg med kalkon och senapsmajonnäs	olivolja (1 tsk)	1.0	tsk	0.5	0.5	tsk		0
288258	Stekt ägg med kalkon och senapsmajonnäs	ägg (1 st)	1.0	st	2.0	2.0	st		1
288258	Stekt ägg med kalkon och senapsmajonnäs	rökt kalkon (100 g)	100.0	g	0.3	30.0	g		1
288258	Stekt ägg med kalkon och senapsmajonnäs	färsk gräslök (1 tsk)	1.0	tsk	0.5	0.5	tsk		0
288258	Stekt ägg med kalkon och senapsmajonnäs	majonäs (1 msk)	1.0	msk	1.0	1.0	msk		0
288258	Stekt ägg med kalkon och senapsmajonnäs	sötstark senap (1 tsk)	1.0	tsk	1.0	1.0	tsk		0
288258	Stekt ägg med kalkon och senapsmajonnäs	salt och svartpeppar	None	None	None	None	None		0
288258	Stekt ägg med kalkon och senapsmajonnäs	färsk gräslök (1 msk)	1.0	msk	1.0	1.0	msk		1
288255	Yoghurt med bovetegranola och sylt	grekisk yoghurt (1 dl)	1.0	dl	1.0	1.0	dl		1
288255	Yoghurt med bovetegranola och sylt	bovetegranola med apelsin och kardemumma (1 dl)	1.0	dl	0.75	0.75	dl		1
288255	Yoghurt med bovetegranola och sylt	keso (1 msk)	1.0	msk	2.0	2.0	msk		0
288255	Yoghurt med bovetegranola och sylt	hemgjord jordgubssylt (1 msk)	1.0	msk	1.5	1.5	msk		1
288253	Jordgubbssylt	frysta jordgubbar (100 g)	100.0	g	2.25	225.0	g		1
288253	Jordgubbssylt	vatten (1 dl)	1.0	dl	0.5	0.5	dl		0
288253	Jordgubbssylt	agavesirap (1 msk)	1.0	msk	1.0	1.0	msk		0
288253	Jordgubbssylt	chiafrön (1 msk)	1.0	msk	1.0	1.0	msk		1
288250	Blodapelsin med vit chokladkräm	blodapelsin (1 st)	1.0	st	1.0	1.0	st		1
288250	Blodapelsin med vit chokladkräm	philadelphiaost (100 g)	100.0	g	0.25	25.0	g		0
288250	Blodapelsin med vit chokladkräm	vit choklad (10 g)	10.0	g	2.5	25.0	g		0
288250	Blodapelsin med vit chokladkräm	färska björnbär (1 dl)	1.0	dl	0.25	0.25	dl		1
288248	Lövbiffsrullad med ugnsrostade rödbetor	rödbetor (1 st)	1.0	st	3.0	3.0	st		1
288248	Lövbiffsrullad med ugnsrostade rödbetor	olivolja (1 msk)	1.0	msk	0.5	0.5	msk		0
288248	Lövbiffsrullad med ugnsrostade rödbetor	örtagårdskrydda (1 krm)	1.0	krm	1.0	1.0	krm		0
288248	Lövbiffsrullad med ugnsrostade rödbetor	salt och svartpeppar	None	None	None	None	None		0
288248	Lövbiffsrullad med ugnsrostade rödbetor	lövbiff (100 g)	100.0	g	3.0	300.0	g		0
288248	Lövbiffsrullad med ugnsrostade rödbetor	getost (100 g)	100.0	g	0.6	60.0	g		1
288248	Lövbiffsrullad med ugnsrostade rödbetor	tomatmarmelad (1 msk)	1.0	msk	1.0	1.0	msk		0
288248	Lövbiffsrullad med ugnsrostade rödbetor	basilikablad (1 st)	1.0	st	8.0	8.0	st		0
288248	Lövbiffsrullad med ugnsrostade rödbetor	bladspenat (100 g)	100.0	g	0.3	30.0	g		0
288248	Lövbiffsrullad med ugnsrostade rödbetor	pinjenötter (1 msk)	1.0	msk	1.0	1.0	msk		1
288248	Lövbiffsrullad med ugnsrostade rödbetor	soltorkade tomater (100 g)	100.0	g	0.5	50.0	g		0
288248	Lövbiffsrullad med ugnsrostade rödbetor	färsk basilika (1 kvistar)	1.0	kvistar	2.0	2.0	kvistar		0
288246	Hamburgare med fetaostkräm och rostad sötpotatis	liten sötpotatis (1 st)	1.0	st	1.0	1.0	st		1
288246	Hamburgare med fetaostkräm och rostad sötpotatis	salt och svartpeppar	None	None	None	None	None		0
288246	Hamburgare med fetaostkräm och rostad sötpotatis	olivolja (1 tsk)	1.0	tsk	1.0	1.0	tsk		0
288246	Hamburgare med fetaostkräm och rostad sötpotatis	fetaost (100 g)	100.0	g	0.75	75.0	g		0
288246	Hamburgare med fetaostkräm och rostad sötpotatis	grekisk yoghurt (1 dl)	1.0	dl	0.5	0.5	dl		1
288246	Hamburgare med fetaostkräm och rostad sötpotatis	grön pesto (1 tsk)	1.0	tsk	1.0	1.0	tsk		0
288246	Hamburgare med fetaostkräm och rostad sötpotatis	rödlök (1 st)	1.0	st	0.25	0.25	st		0
288246	Hamburgare med fetaostkräm och rostad sötpotatis	tomat (1 st)	1.0	st	0.5	0.5	st		0
288246	Hamburgare med fetaostkräm och rostad sötpotatis	smör (1 tsk)	1.0	tsk	1.0	1.0	tsk		0
288246	Hamburgare med fetaostkräm och rostad sötpotatis	högrevsburgare (150 g)	150.0	g	2.0	300.0	g		0
288246	Hamburgare med fetaostkräm och rostad sötpotatis	rucola (100 g)	100.0	g	0.3	30.0	g		1
288246	Hamburgare med fetaostkräm och rostad sötpotatis	färsk basilika (1 kvistar)	1.0	kvistar	2.0	2.0	kvistar		0
288244	Halstrad tonfisk med grönsaker och sesamdressing	tonfiskfile (100 g)	100.0	g	3.0	300.0	g		1
288244	Halstrad tonfisk med grönsaker och sesamdressing	salt och svartpeppar	None	None	None	None	None		0
288244	Halstrad tonfisk med grönsaker och sesamdressing	broccolistånd (1 st)	1.0	st	0.5	0.5	st		1
288244	Halstrad tonfisk med grönsaker och sesamdressing	paprika (1 st)	1.0	st	0.5	0.5	st		0
288244	Halstrad tonfisk med grönsaker och sesamdressing	gurka (1 st)	1.0	st	0.25	0.25	st		0
288244	Halstrad tonfisk med grönsaker och sesamdressing	purjolök (1 cm)	1.0	cm	3.0	3.0	cm		0
288244	Halstrad tonfisk med grönsaker och sesamdressing	olivolja (1 tsk)	1.0	tsk	1.0	1.0	tsk		0
288244	Halstrad tonfisk med grönsaker och sesamdressing	vitlök (1 klyfta)	1.0	klyfta	0.5	0.5	klyfta		0
288244	Halstrad tonfisk med grönsaker och sesamdressing	färsk ingefära (1 tsk)	1.0	tsk	1.0	1.0	tsk		0
288244	Halstrad tonfisk med grönsaker och sesamdressing	lime (1 st)	1.0	st	0.5	0.5	st		0
288244	Halstrad tonfisk med grönsaker och sesamdressing	ketjap manis (1 msk)	1.0	msk	2.0	2.0	msk		0
288244	Halstrad tonfisk med grönsaker och sesamdressing	srirachasås (1 tsk)	1.0	tsk	0.5	0.5	tsk		0
288244	Halstrad tonfisk med grönsaker och sesamdressing	soja (1 tsk)	1.0	tsk	1.0	1.0	tsk		0
288244	Halstrad tonfisk med grönsaker och sesamdressing	sesamolja (1 msk)	1.0	msk	0.5	0.5	msk		0
288244	Halstrad tonfisk med grönsaker och sesamdressing	sesamfrön (1 msk)	1.0	msk	2.0	2.0	msk		1
288244	Halstrad tonfisk med grönsaker och sesamdressing	färsk koriander (1 msk)	1.0	msk	2.0	2.0	msk		0
288244	Halstrad tonfisk med grönsaker och sesamdressing	furikake fröblandning (1 tsk)	1.0	tsk	1.0	1.0	tsk		0
288242	Tacokyckling med blomkålssallad	tacokrydda (1 påse)	1.0	påse	1.0	1.0	påse		0
288242	Tacokyckling med blomkålssallad	olivolja (1 msk)	1.0	msk	0.5	0.5	msk		0
288242	Tacokyckling med blomkålssallad	kycklingklubbor (100 g)	100.0	g	6.0	600.0	g		1
288242	Tacokyckling med blomkålssallad	blomkålshuvud (1 st)	1.0	st	0.5	0.5	st		0
288242	Tacokyckling med blomkålssallad	paprika (1 st)	1.0	st	0.5	0.5	st		1
288242	Tacokyckling med blomkålssallad	rödlök (1 st)	1.0	st	0.5	0.5	st		0
288242	Tacokyckling med blomkålssallad	olivolja (1 tsk)	1.0	tsk	1.0	1.0	tsk		0
288242	Tacokyckling med blomkålssallad	salt och svartpeppar	None	None	None	None	None		0
288242	Tacokyckling med blomkålssallad	färsk gräslök (1 msk)	1.0	msk	2.0	2.0	msk		0
288242	Tacokyckling med blomkålssallad	grekisk yoghurt (1 dl)	1.0	dl	1.0	1.0	dl		0
288242	Tacokyckling med blomkålssallad	majonäs (1 msk)	1.0	msk	1.0	1.0	msk		0
288242	Tacokyckling med blomkålssallad	mango chutney (1 msk)	1.0	msk	2.0	2.0	msk		0
288242	Tacokyckling med blomkålssallad	avokado (1 st)	1.0	st	1.0	1.0	st		1
288242	Tacokyckling med blomkålssallad	majs (100 g)	100.0	g	0.7	70.0	g		0
288242	Tacokyckling med blomkålssallad	lime (1 st)	1.0	st	0.5	0.5	st		0
288242	Tacokyckling med blomkålssallad	salladslök (1 st)	1.0	st	1.0	1.0	st		0
288242	Tacokyckling med blomkålssallad	bladspenat (100 g)	100.0	g	0.3	30.0	g		0
288240	Kalkonbolognese med morotspasta	gul lök (1 st)	1.0	st	0.5	0.5	st		0
288240	Kalkonbolognese med morotspasta	vitlök (1 klyfta)	1.0	klyfta	1.0	1.0	klyfta		0
288240	Kalkonbolognese med morotspasta	färska champinjoner (1 st)	1.0	st	6.0	6.0	st		1
288240	Kalkonbolognese med morotspasta	olivolja (1 msk)	1.0	msk	0.5	0.5	msk		0
288240	Kalkonbolognese med morotspasta	bacon (100 g)	100.0	g	0.3	30.0	g		0
288240	Kalkonbolognese med morotspasta	kalkonfärs (100 g)	100.0	g	3.0	300.0	g		1
288240	Kalkonbolognese med morotspasta	tomatpuré (1 msk)	1.0	msk	2.0	2.0	msk		0
288240	Kalkonbolognese med morotspasta	torkad timjan (1 tsk)	1.0	tsk	0.5	0.5	tsk		0
288240	Kalkonbolognese med morotspasta	torkad oregano (1 tsk)	1.0	tsk	0.5	0.5	tsk		0
288240	Kalkonbolognese med morotspasta	torkad basilika (1 tsk)	1.0	tsk	0.5	0.5	tsk		0
288240	Kalkonbolognese med morotspasta	salt och svartpeppar	None	None	None	None	None		0
288240	Kalkonbolognese med morotspasta	krossade tomater (100 g)	100.0	g	4.0	400.0	g		0
288240	Kalkonbolognese med morotspasta	vatten (1 dl)	1.0	dl	0.5	0.5	dl		0
288240	Kalkonbolognese med morotspasta	köttbuljongtärning (1 st)	1.0	st	1.0	1.0	st		0
288240	Kalkonbolognese med morotspasta	grädde (1 msk)	1.0	msk	2.0	2.0	msk		0
288240	Kalkonbolognese med morotspasta	morötter (1 st)	1.0	st	2.0	2.0	st		1
288240	Kalkonbolognese med morotspasta	färsk basilika (1 msk)	1.0	msk	1.0	1.0	msk		0
288240	Kalkonbolognese med morotspasta	riven parmesanost (1 msk)	1.0	msk	1.0	1.0	msk		0
288240	Kalkonbolognese med morotspasta	färsk timjan (1 msk)	1.0	msk	2.0	2.0	msk		0
288238	Minestronesoppa	vitlök (1 klyfta)	1.0	klyfta	1.0	1.0	klyfta		0
288238	Minestronesoppa	gul lök (1 st)	1.0	st	0.5	0.5	st		0
288238	Minestronesoppa	morot (1 st)	1.0	st	1.0	1.0	st		0
288238	Minestronesoppa	paprika (1 st)	1.0	st	0.5	0.5	st		1
288238	Minestronesoppa	squash (1 st)	1.0	st	0.25	0.25	st		0
288238	Minestronesoppa	olivolja (1 tsk)	1.0	tsk	2.0	2.0	tsk		0
288238	Minestronesoppa	salt och svartpeppar	None	None	None	None	None		0
288238	Minestronesoppa	torkad basilika (1 tsk)	1.0	tsk	1.0	1.0	tsk		0
288238	Minestronesoppa	kycklingbuljongtärning (1 st)	1.0	st	1.0	1.0	st		0
288238	Minestronesoppa	tomatpuré (1 msk)	1.0	msk	1.0	1.0	msk		0
288238	Minestronesoppa	vatten (1 dl)	1.0	dl	8.0	8.0	dl		0
288238	Minestronesoppa	bönpasta (100 g)	100.0	g	0.5	50.0	g		1
288238	Minestronesoppa	färsk persilja (1 msk)	1.0	msk	2.0	2.0	msk		0
288238	Minestronesoppa	srirachasås (1 tsk)	1.0	tsk	0.5	0.5	tsk		0
288238	Minestronesoppa	färsk persilja (1 kvistar)	1.0	kvistar	2.0	2.0	kvistar		1
288236	Linssallad med fetaost och pekannötter	gröna linser (1 dl)	1.0	dl	1.5	1.5	dl		1
288236	Linssallad med fetaost och pekannötter	paprika (1 st)	1.0	st	0.5	0.5	st		1
288236	Linssallad med fetaost och pekannötter	färsk persilja (1 dl)	1.0	dl	1.0	1.0	dl		0
288236	Linssallad med fetaost och pekannötter	vitlök (1 klyfta)	1.0	klyfta	0.5	0.5	klyfta		0
288236	Linssallad med fetaost och pekannötter	olivolja (1 msk)	1.0	msk	1.0	1.0	msk		0
288236	Linssallad med fetaost och pekannötter	balsamvinäger (1 msk)	1.0	msk	0.5	0.5	msk		0
288236	Linssallad med fetaost och pekannötter	flytande honung (1 tsk)	1.0	tsk	1.0	1.0	tsk		0
288236	Linssallad med fetaost och pekannötter	örtagårdskrydda (1 tsk)	1.0	tsk	0.5	0.5	tsk		0
288236	Linssallad med fetaost och pekannötter	salt och svartpeppar	None	None	None	None	None		0
288236	Linssallad med fetaost och pekannötter	fetaost (100 g)	100.0	g	0.75	75.0	g		0
288236	Linssallad med fetaost och pekannötter	cocktailtomater (1 st)	1.0	st	8.0	8.0	st		0
288236	Linssallad med fetaost och pekannötter	pekannötter (1 st)	1.0	st	8.0	8.0	st		1
288236	Linssallad med fetaost och pekannötter	morot (1 st)	1.0	st	1.0	1.0	st		0
288236	Linssallad med fetaost och pekannötter	rucola (100 g)	100.0	g	0.4	40.0	g		0
288234	Bananpannkaka med keso, blåbär och mango	banan (1 st)	1.0	st	0.5	0.5	st		1
288234	Bananpannkaka med keso, blåbär och mango	ägg (1 st)	1.0	st	1.0	1.0	st		0
288234	Bananpannkaka med keso, blåbär och mango	vaniljpulver (1 krm)	1.0	krm	0.5	0.5	krm		0
288234	Bananpannkaka med keso, blåbär och mango	smör (1 tsk)	1.0	tsk	0.5	0.5	tsk		0
288234	Bananpannkaka med keso, blåbär och mango	färska blåbär (1 dl)	1.0	dl	0.5	0.5	dl		1
288234	Bananpannkaka med keso, blåbär och mango	färsk mango (100 g)	100.0	g	0.35	35.0	g		0
288234	Bananpannkaka med keso, blåbär och mango	keso (1 dl)	1.0	dl	0.5	0.5	dl		0
288234	Bananpannkaka med keso, blåbär och mango	pumpakärnor (1 msk)	1.0	msk	0.5	0.5	msk		1
288232	Ugnsbakad gröt	havregryn (1 dl)	1.0	dl	2.0	2.0	dl		1
288232	Ugnsbakad gröt	havremjölk (1 dl)	1.0	dl	2.0	2.0	dl		0
288232	Ugnsbakad gröt	vatten (1 dl)	1.0	dl	1.5	1.5	dl		0
288232	Ugnsbakad gröt	ägg (1 st)	1.0	st	1.0	1.0	st		0
288232	Ugnsbakad gröt	salt (1 krm)	1.0	krm	1.0	1.0	krm		0
288232	Ugnsbakad gröt	vaniljpulver (1 krm)	1.0	krm	1.0	1.0	krm		0
288232	Ugnsbakad gröt	päron (1 st)	1.0	st	1.0	1.0	st		1
288232	Ugnsbakad gröt	flytande honung (1 tsk)	1.0	tsk	2.0	2.0	tsk		0
288232	Ugnsbakad gröt	valnötter (1 msk)	1.0	msk	2.0	2.0	msk		1
288230	Äggröra med kalkon och granatäpple	granatäpple (1 st)	1.0	st	0.25	0.25	st		1
288230	Äggröra med kalkon och granatäpple	ägg (1 st)	1.0	st	2.0	2.0	st		1
288230	Äggröra med kalkon och granatäpple	grädde (1 msk)	1.0	msk	0.5	0.5	msk		0
288230	Äggröra med kalkon och granatäpple	smör (1 tsk)	1.0	tsk	1.0	1.0	tsk		0
288230	Äggröra med kalkon och granatäpple	salt och svartpeppar	None	None	None	None	None		0
288230	Äggröra med kalkon och granatäpple	bladspenat (100 g)	100.0	g	0.2	20.0	g		1
288230	Äggröra med kalkon och granatäpple	rökt kalkon (1 skivor)	1.0	skivor	3.0	3.0	skivor		0
288230	Äggröra med kalkon och granatäpple	färsk persilja (1 kvist)	1.0	kvist	1.0	1.0	kvist		0
288228	Yoghurt med bovetegranola och aprikos	grekisk yoghurt (1 dl)	1.0	dl	1.0	1.0	dl		1
288228	Yoghurt med bovetegranola och aprikos	bovetegranola med apelsin och kardemumma (1 dl)	1.0	dl	0.75	0.75	dl		1
288228	Yoghurt med bovetegranola och aprikos	aprikos (1 st)	1.0	st	1.0	1.0	st		1
288226	Kesofralla med ost och paprika	kesofralla med äpple och pumpafrön (1 st)	1.0	st	1.0	1.0	st		1
288226	Kesofralla med ost och paprika	paprika (100 g)	100.0	g	0.15	15.0	g		1
288226	Kesofralla med ost och paprika	smör (100 g)	100.0	g	0.05	5.0	g		0
288226	Kesofralla med ost och paprika	ost (1 skiva)	1.0	skiva	2.0	2.0	skiva		0
288221	Varm tacosallad	vitlök (1 klyfta)	1.0	klyfta	1.0	1.0	klyfta		0
288221	Varm tacosallad	gul lök (1 st)	1.0	st	0.5	0.5	st		0
288221	Varm tacosallad	blomkål (100 g)	100.0	g	1.0	100.0	g		1
288221	Varm tacosallad	haricots verts (100 g)	100.0	g	1.0	100.0	g		1
288221	Varm tacosallad	paprika (1 st)	1.0	st	0.5	0.5	st		0
288221	Varm tacosallad	färsk persilja (1 msk)	1.0	msk	2.0	2.0	msk		0
288221	Varm tacosallad	nötfärs (100 g)	100.0	g	3.0	300.0	g		0
288221	Varm tacosallad	olivolja (1 tsk)	1.0	tsk	1.0	1.0	tsk		0
288221	Varm tacosallad	tacokrydda (1 påse)	1.0	påse	0.5	0.5	påse		0
288221	Varm tacosallad	vatten (1 dl)	1.0	dl	0.5	0.5	dl		0
288221	Varm tacosallad	salt och svartpeppar	None	None	None	None	None		0
288221	Varm tacosallad	cocktailtomater (1 st)	1.0	st	10.0	10.0	st		0
288221	Varm tacosallad	bladspenat (100 g)	100.0	g	0.3	30.0	g		0
288221	Varm tacosallad	grekisk yoghurt (1 dl)	1.0	dl	0.5	0.5	dl		1
288221	Varm tacosallad	skivade jalapenos (1 msk)	1.0	msk	1.0	1.0	msk		0
288221	Varm tacosallad	färsk persilja (1 kvistar)	1.0	kvistar	2.0	2.0	kvistar		0
288187	Yoghurt med bär och bovetegranola	grekisk yoghurt (1 dl)	1.0	dl	1.0	1.0	dl		1
288187	Yoghurt med bär och bovetegranola	bovetegranola med apelsin och kardemumma (1 dl)	1.0	dl	0.75	0.75	dl		1
288187	Yoghurt med bär och bovetegranola	färska hallon (1 dl)	1.0	dl	0.5	0.5	dl		0
288187	Yoghurt med bär och bovetegranola	färska blåbär (1 dl)	1.0	dl	0.5	0.5	dl		1
288223	Pistagekakor	pistagenötter (1 dl)	1.0	dl	1.0	1.0	dl		1
288223	Pistagekakor	pumpafrön (1 dl)	1.0	dl	0.5	0.5	dl		1
288223	Pistagekakor	urkärnade dadlar (1 st)	1.0	st	12.0	12.0	st		0
288223	Pistagekakor	havregryn (1 dl)	1.0	dl	2.0	2.0	dl		0
288223	Pistagekakor	jordnötssmör (1 dl)	1.0	dl	1.0	1.0	dl		1
288223	Pistagekakor	mörk choklad (100 g)	100.0	g	1.5	150.0	g		0
288223	Pistagekakor	pistagenötter (1 msk)	1.0	msk	2.0	2.0	msk		0
288223	Pistagekakor	pumpakärnor (1 msk)	1.0	msk	2.0	2.0	msk		0
288211	Lövbiffsrullader med cheddar och coleslaw	grillad paprika (100 g)	100.0	g	0.5	50.0	g		0
288211	Lövbiffsrullader med cheddar och coleslaw	saltgurka (100 g)	100.0	g	0.6	60.0	g		0
288211	Lövbiffsrullader med cheddar och coleslaw	lövbiff (100 g)	100.0	g	3.0	300.0	g		1
288211	Lövbiffsrullader med cheddar och coleslaw	salt och svartpeppar	None	None	None	None	None		0
288211	Lövbiffsrullader med cheddar och coleslaw	olivolja (1 tsk)	1.0	tsk	1.0	1.0	tsk		0
288211	Lövbiffsrullader med cheddar och coleslaw	cheddarost (10 g)	10.0	g	8.0	80.0	g		1
288211	Lövbiffsrullader med cheddar och coleslaw	vitkål (100 g)	100.0	g	1.5	150.0	g		1
288211	Lövbiffsrullader med cheddar och coleslaw	paprika (1 st)	1.0	st	0.5	0.5	st		0
288211	Lövbiffsrullader med cheddar och coleslaw	rödlök (1 st)	1.0	st	0.5	0.5	st		0
288211	Lövbiffsrullader med cheddar och coleslaw	färsk persilja (1 msk)	1.0	msk	1.0	1.0	msk		0
288211	Lövbiffsrullader med cheddar och coleslaw	majonäs (1 dl)	1.0	dl	0.25	0.25	dl		0
288211	Lövbiffsrullader med cheddar och coleslaw	créme fraiche (1 dl)	1.0	dl	0.75	0.75	dl		0
288211	Lövbiffsrullader med cheddar och coleslaw	saltgurka (1 msk)	1.0	msk	1.0	1.0	msk		0
288211	Lövbiffsrullader med cheddar och coleslaw	kikärtor (1 dl)	1.0	dl	0.5	0.5	dl		0
288211	Lövbiffsrullader med cheddar och coleslaw	färsk persilja (1 kvistar)	1.0	kvistar	2.0	2.0	kvistar		0
288209	Lax- och broccolipaj	mandelmjöl (1 dl)	1.0	dl	3.0	3.0	dl		0
288209	Lax- och broccolipaj	sesamfrön (1 dl)	1.0	dl	0.5	0.5	dl		0
288209	Lax- och broccolipaj	fiberhusk (1 msk)	1.0	msk	1.0	1.0	msk		0
288209	Lax- och broccolipaj	salt (1 tsk)	1.0	tsk	1.0	1.0	tsk		0
288209	Lax- och broccolipaj	smör (100 g)	100.0	g	0.25	25.0	g		0
288209	Lax- och broccolipaj	ägg (1 st)	1.0	st	1.0	1.0	st		0
288209	Lax- och broccolipaj	laxfilé (100 g)	100.0	g	3.0	300.0	g		1
288209	Lax- och broccolipaj	broccolistånd (1 st)	1.0	st	1.0	1.0	st		0
288209	Lax- och broccolipaj	spenat (100 g)	100.0	g	0.4	40.0	g		1
288209	Lax- och broccolipaj	jalapeno (1 st)	1.0	st	1.0	1.0	st		0
288209	Lax- och broccolipaj	purjolök (1 cm)	1.0	cm	10.0	10.0	cm		0
288209	Lax- och broccolipaj	riven ost (1 dl)	1.0	dl	2.0	2.0	dl		0
288209	Lax- och broccolipaj	mjölk (1 dl)	1.0	dl	1.0	1.0	dl		0
288209	Lax- och broccolipaj	grädde (1 dl)	1.0	dl	2.0	2.0	dl		0
288209	Lax- och broccolipaj	salt och svartpeppar	None	None	None	None	None		0
288209	Lax- och broccolipaj	örtagårdskrydda (1 tsk)	1.0	tsk	0.5	0.5	tsk		0
288209	Lax- och broccolipaj	grönsallad (50 g)	50.0	g	1.2	60.0	g		0
288205	Panerad torsk med blomkålsris	blomkålshuvud (1 st)	1.0	st	0.5	0.5	st		1
288205	Panerad torsk med blomkålsris	färsk mynta (1 dl)	1.0	dl	0.5	0.5	dl		0
288205	Panerad torsk med blomkålsris	sesamolja (1 msk)	1.0	msk	1.0	1.0	msk		0
288205	Panerad torsk med blomkålsris	salt och svartpeppar	None	None	None	None	None		0
288205	Panerad torsk med blomkålsris	grapefrukt (1 st)	1.0	st	1.0	1.0	st		1
288205	Panerad torsk med blomkålsris	lime (1 st)	1.0	st	0.5	0.5	st		0
288205	Panerad torsk med blomkålsris	grekisk yoghurt (1 dl)	1.0	dl	0.75	0.75	dl		0
288205	Panerad torsk med blomkålsris	färsk mynta (1 msk)	1.0	msk	0.5	0.5	msk		0
288205	Panerad torsk med blomkålsris	honung (1 tsk)	1.0	tsk	0.5	0.5	tsk		0
288205	Panerad torsk med blomkålsris	torskrygg (100 g)	100.0	g	3.0	300.0	g		1
288205	Panerad torsk med blomkålsris	ägg (1 st)	1.0	st	1.0	1.0	st		0
288205	Panerad torsk med blomkålsris	Panko Crunchy Crumbs (glutenfritt ströbröd) (1 dl)	1.0	dl	1.0	1.0	dl		0
288205	Panerad torsk med blomkålsris	olivolja (1 msk)	1.0	msk	0.5	0.5	msk		0
288205	Panerad torsk med blomkålsris	bladspenat (100 g)	100.0	g	0.2	20.0	g		0
288205	Panerad torsk med blomkålsris	citron (1 st)	1.0	st	0.5	0.5	st		0
288205	Panerad torsk med blomkålsris	färsk mynta (1 kvistar)	1.0	kvistar	2.0	2.0	kvistar		0
288203	Italiensk kycklinggratäng med mozzarella	gul lök (1 st)	1.0	st	0.5	0.5	st		0
288203	Italiensk kycklinggratäng med mozzarella	vitlök (1 klyfta)	1.0	klyfta	1.0	1.0	klyfta		0
288203	Italiensk kycklinggratäng med mozzarella	färsk basilika (1 msk)	1.0	msk	2.0	2.0	msk		0
288203	Italiensk kycklinggratäng med mozzarella	olivolja (1 tsk)	1.0	tsk	1.0	1.0	tsk		0
288203	Italiensk kycklinggratäng med mozzarella	krossade tomater (100 g)	100.0	g	2.0	200.0	g		0
288203	Italiensk kycklinggratäng med mozzarella	flytande honung (1 tsk)	1.0	tsk	0.5	0.5	tsk		0
288203	Italiensk kycklinggratäng med mozzarella	örtagårdskrydda (1 tsk)	1.0	tsk	0.5	0.5	tsk		0
288203	Italiensk kycklinggratäng med mozzarella	salt och svartpeppar	None	None	None	None	None		0
288203	Italiensk kycklinggratäng med mozzarella	kycklinglårfilé (100 g)	100.0	g	3.0	300.0	g		1
288203	Italiensk kycklinggratäng med mozzarella	mozzarella (100 g)	100.0	g	1.2	120.0	g		1
288203	Italiensk kycklinggratäng med mozzarella	soltorkade tomater (1 st)	1.0	st	2.0	2.0	st		0
288203	Italiensk kycklinggratäng med mozzarella	rödlök (1 st)	1.0	st	0.25	0.25	st		0
288203	Italiensk kycklinggratäng med mozzarella	cocktailtomater (1 st)	1.0	st	10.0	10.0	st		1
288203	Italiensk kycklinggratäng med mozzarella	rucola (100 g)	100.0	g	0.4	40.0	g		0
288201	Kycklingwok med teriyakisås och cashewnötter	kycklinglårfilé (100 g)	100.0	g	3.0	300.0	g		1
288201	Kycklingwok med teriyakisås och cashewnötter	gul lök (1 st)	1.0	st	0.5	0.5	st		0
288201	Kycklingwok med teriyakisås och cashewnötter	vitlök (1 klyfta)	1.0	klyfta	1.0	1.0	klyfta		0
288201	Kycklingwok med teriyakisås och cashewnötter	morot (1 st)	1.0	st	1.0	1.0	st		1
288201	Kycklingwok med teriyakisås och cashewnötter	paprika (1 st)	1.0	st	0.5	0.5	st		1
288201	Kycklingwok med teriyakisås och cashewnötter	squash (1 cm)	1.0	cm	5.0	5.0	cm		0
288201	Kycklingwok med teriyakisås och cashewnötter	olivolja (1 tsk)	1.0	tsk	2.0	2.0	tsk		0
288201	Kycklingwok med teriyakisås och cashewnötter	teriyakisås (1 dl)	1.0	dl	1.0	1.0	dl		0
288201	Kycklingwok med teriyakisås och cashewnötter	lime (1 st)	1.0	st	0.5	0.5	st		0
288201	Kycklingwok med teriyakisås och cashewnötter	salt och svartpeppar	None	None	None	None	None		0
288201	Kycklingwok med teriyakisås och cashewnötter	färsk koriander (1 msk)	1.0	msk	2.0	2.0	msk		0
288201	Kycklingwok med teriyakisås och cashewnötter	purjolök (1 msk)	1.0	msk	2.0	2.0	msk		0
288201	Kycklingwok med teriyakisås och cashewnötter	saltade cashewnötter (1 dl)	1.0	dl	0.25	0.25	dl		0
288199	Tofugryta med blomkålsris	tofu (100 g)	100.0	g	2.5	250.0	g		1
288199	Tofugryta med blomkålsris	majsmjöl (1 tsk)	1.0	tsk	1.0	1.0	tsk		0
288199	Tofugryta med blomkålsris	olivolja (1 tsk)	1.0	tsk	1.0	1.0	tsk		0
288199	Tofugryta med blomkålsris	salt och svartpeppar	None	None	None	None	None		0
288199	Tofugryta med blomkålsris	blomkålshuvud (1 st)	1.0	st	0.5	0.5	st		1
288199	Tofugryta med blomkålsris	färsk mynta (1 dl)	1.0	dl	0.5	0.5	dl		0
288199	Tofugryta med blomkålsris	sesamolja (1 msk)	1.0	msk	0.5	0.5	msk		0
288199	Tofugryta med blomkålsris	gul lök (1 st)	1.0	st	1.0	1.0	st		0
288199	Tofugryta med blomkålsris	vitlök (1 klyftor)	1.0	klyftor	2.0	2.0	klyftor		0
288199	Tofugryta med blomkålsris	färsk ingefära (1 tsk)	1.0	tsk	0.5	0.5	tsk		1
288199	Tofugryta med blomkålsris	röd currypasta (1 msk)	1.0	msk	1.0	1.0	msk		0
288199	Tofugryta med blomkålsris	srirachasås (1 tsk)	1.0	tsk	1.0	1.0	tsk		0
288199	Tofugryta med blomkålsris	kokosmjölk (100 ml)	100.0	ml	4.0	400.0	ml		0
288199	Tofugryta med blomkålsris	honung (1 msk)	1.0	msk	0.5	0.5	msk		0
288199	Tofugryta med blomkålsris	soja (1 msk)	1.0	msk	1.0	1.0	msk		0
288199	Tofugryta med blomkålsris	lime (1 st)	1.0	st	0.5	0.5	st		0
288199	Tofugryta med blomkålsris	salladslök (1 st)	1.0	st	0.5	0.5	st		0
288199	Tofugryta med blomkålsris	svarta sesamfrön (1 tsk)	1.0	tsk	2.0	2.0	tsk		0
288199	Tofugryta med blomkålsris	färsk mynta (1 kvistar)	1.0	kvistar	2.0	2.0	kvistar		0
288193	Kesotortilla med tomat, pesto och kalkon	keso (100 g)	100.0	g	2.5	250.0	g		1
288193	Kesotortilla med tomat, pesto och kalkon	ägg (1 st)	1.0	st	2.0	2.0	st		1
288193	Kesotortilla med tomat, pesto och kalkon	salt och svartpeppar	None	None	None	None	None		0
288193	Kesotortilla med tomat, pesto och kalkon	tomat (1 st)	1.0	st	1.0	1.0	st		1
288193	Kesotortilla med tomat, pesto och kalkon	rökt kalkon (1 skivor)	1.0	skivor	2.0	2.0	skivor		0
288193	Kesotortilla med tomat, pesto och kalkon	grön pesto (1 msk)	1.0	msk	1.0	1.0	msk		0
288193	Kesotortilla med tomat, pesto och kalkon	färsk basilika (1 kvistar)	1.0	kvistar	2.0	2.0	kvistar		0
288197	Rökt lax med ägghack	ägg (1 st)	1.0	st	2.0	2.0	st		1
288197	Rökt lax med ägghack	majonäs (1 msk)	1.0	msk	0.5	0.5	msk		0
288197	Rökt lax med ägghack	salt och svartpeppar	None	None	None	None	None		0
288197	Rökt lax med ägghack	rökt lax (100 g)	100.0	g	0.3	30.0	g		1
288197	Rökt lax med ägghack	cocktailtomater (1 st)	1.0	st	2.0	2.0	st		1
288197	Rökt lax med ägghack	färsk persilja (1 kvist)	1.0	kvist	1.0	1.0	kvist		0
288191	Tropisk smoothie med kokosmjölk	ananas (100 g)	100.0	g	2.0	200.0	g		1
288191	Tropisk smoothie med kokosmjölk	banan (1 st)	1.0	st	1.0	1.0	st		0
288191	Tropisk smoothie med kokosmjölk	färsk ingefära (1 tsk)	1.0	tsk	1.0	1.0	tsk		1
288191	Tropisk smoothie med kokosmjölk	kokosmjölk light (100 ml)	100.0	ml	2.0	200.0	ml		1
288191	Tropisk smoothie med kokosmjölk	lime (1 st)	1.0	st	0.5	0.5	st		0
288189	Smoothiebowl med spirulina och havre	banan (1 st)	1.0	st	0.5	0.5	st		0
288189	Smoothiebowl med spirulina och havre	fryst mango (1 dl)	1.0	dl	1.0	1.0	dl		0
288189	Smoothiebowl med spirulina och havre	mandelmjölk (1 dl)	1.0	dl	1.0	1.0	dl		0
288189	Smoothiebowl med spirulina och havre	havregryn (1 dl)	1.0	dl	0.5	0.5	dl		1
288189	Smoothiebowl med spirulina och havre	jordnötssmör (1 msk)	1.0	msk	1.0	1.0	msk		0
288189	Smoothiebowl med spirulina och havre	agavesirap (1 tsk)	1.0	tsk	0.5	0.5	tsk		0
288189	Smoothiebowl med spirulina och havre	spirulinapulver (1 tsk)	1.0	tsk	1.0	1.0	tsk		1
288189	Smoothiebowl med spirulina och havre	havregryn (1 msk)	1.0	msk	0.5	0.5	msk		0
288189	Smoothiebowl med spirulina och havre	hampafrön (1 krm)	1.0	krm	1.0	1.0	krm		1
288189	Smoothiebowl med spirulina och havre	papaya (1 st)	1.0	st	0.2	0.2	st		0
288189	Smoothiebowl med spirulina och havre	granatäppelkärnor (1 msk)	1.0	msk	1.0	1.0	msk		0
288185	Kesofralla med färskost och gurka	kesofralla med äpple och pumpafrön (1 st)	1.0	st	1.0	1.0	st		1
288185	Kesofralla med färskost och gurka	philadelphiaost (100 g)	100.0	g	0.15	15.0	g		0
288185	Kesofralla med färskost och gurka	gurka (1 cm)	1.0	cm	2.0	2.0	cm		0
288185	Kesofralla med färskost och gurka	färsk persilja (1 kvist)	1.0	kvist	1.0	1.0	kvist		1
288180	Köttfärswrap med röd curry och äpple	gul lök (1 st)	1.0	st	0.5	0.5	st		0
288180	Köttfärswrap med röd curry och äpple	purjolök (1 cm)	1.0	cm	5.0	5.0	cm		0
288180	Köttfärswrap med röd curry och äpple	rött äpple (1 st)	1.0	st	1.0	1.0	st		1
288180	Köttfärswrap med röd curry och äpple	röd chili (1 st)	1.0	st	0.25	0.25	st		1
288180	Köttfärswrap med röd curry och äpple	nötfärs (100 g)	100.0	g	2.0	200.0	g		0
288180	Köttfärswrap med röd curry och äpple	olivolja (1 tsk)	1.0	tsk	1.0	1.0	tsk		0
288180	Köttfärswrap med röd curry och äpple	röd currypasta (1 tsk)	1.0	tsk	1.0	1.0	tsk		0
288180	Köttfärswrap med röd curry och äpple	tomatpuré (1 msk)	1.0	msk	0.5	0.5	msk		0
288180	Köttfärswrap med röd curry och äpple	sweet chilisås (1 msk)	1.0	msk	0.5	0.5	msk		0
288180	Köttfärswrap med röd curry och äpple	vatten (1 dl)	1.0	dl	0.5	0.5	dl		0
288180	Köttfärswrap med röd curry och äpple	salt och svartpeppar	None	None	None	None	None		0
288180	Köttfärswrap med röd curry och äpple	jordnötter (1 dl)	1.0	dl	0.5	0.5	dl		0
288180	Köttfärswrap med röd curry och äpple	grekisk yoghurt (1 dl)	1.0	dl	0.5	0.5	dl		1
288180	Köttfärswrap med röd curry och äpple	hjärtsalladsblad (1 st)	1.0	st	4.0	4.0	st		0
288180	Köttfärswrap med röd curry och äpple	tomat (1 st)	1.0	st	0.5	0.5	st		0
288180	Köttfärswrap med röd curry och äpple	små tortillabröd (1 st)	1.0	st	4.0	4.0	st		0
288180	Köttfärswrap med röd curry och äpple	färsk persilja (1 kvistar)	1.0	kvistar	4.0	4.0	kvistar		0
288178	Biff med sötpotatis	sötpotatis (1 st)	1.0	st	0.5	0.5	st		1
288178	Biff med sötpotatis	olivolja (1 tsk)	1.0	tsk	0.5	0.5	tsk		0
288178	Biff med sötpotatis	örtagårdskrydda (1 krm)	1.0	krm	1.0	1.0	krm		0
288178	Biff med sötpotatis	salt och svartpeppar	None	None	None	None	None		0
288178	Biff med sötpotatis	ryggbiff (100 g)	100.0	g	3.0	300.0	g		1
288178	Biff med sötpotatis	smör (1 tsk)	1.0	tsk	1.0	1.0	tsk		0
288178	Biff med sötpotatis	rucola (100 g)	100.0	g	0.15	15.0	g		1
288178	Biff med sötpotatis	rödlök (1 st)	1.0	st	0.25	0.25	st		0
288178	Biff med sötpotatis	cocktailtomater (1 st)	1.0	st	8.0	8.0	st		0
288178	Biff med sötpotatis	bearnaisesås (1 msk)	1.0	msk	2.0	2.0	msk		0
288176	Tonfiskröra med rödbetor	rödlök (1 st)	1.0	st	0.5	0.5	st		0
288176	Tonfiskröra med rödbetor	skivade och inlagda rödbetor (100 g)	100.0	g	1.0	100.0	g		0
288176	Tonfiskröra med rödbetor	gurka (1 st)	1.0	st	0.5	0.5	st		0
288176	Tonfiskröra med rödbetor	färsk persilja (1 msk)	1.0	msk	2.0	2.0	msk		0
288176	Tonfiskröra med rödbetor	tonfisk i vatten (100 g)	100.0	g	1.5	150.0	g		1
288176	Tonfiskröra med rödbetor	grekisk yoghurt (1 dl)	1.0	dl	0.5	0.5	dl		1
288176	Tonfiskröra med rödbetor	majonäs (1 msk)	1.0	msk	1.0	1.0	msk		0
288176	Tonfiskröra med rödbetor	salt och svartpeppar	None	None	None	None	None		0
288176	Tonfiskröra med rödbetor	rödbetsskivor (1 st)	1.0	st	2.0	2.0	st		0
288176	Tonfiskröra med rödbetor	gurka (1 cm)	1.0	cm	4.0	4.0	cm		0
288176	Tonfiskröra med rödbetor	hjärtsalladsblad (1 st)	1.0	st	4.0	4.0	st		0
288176	Tonfiskröra med rödbetor	kapris (1 msk)	1.0	msk	1.0	1.0	msk		0
288176	Tonfiskröra med rödbetor	färsk persilja (1 kvistar)	1.0	kvistar	2.0	2.0	kvistar		1
287044	Vegetarisk currygryta med panéer	gul lök (1 st)	1.0	st	1.0	1.0	st		0
287044	Vegetarisk currygryta med panéer	vitlök (1 klyfta)	1.0	klyfta	1.0	1.0	klyfta		1
287044	Vegetarisk currygryta med panéer	Apetina panéer (100 g)	100.0	g	2.25	225.0	g		0
287044	Vegetarisk currygryta med panéer	olivolja (1 msk)	1.0	msk	0.5	0.5	msk		0
287044	Vegetarisk currygryta med panéer	kerala curry kryddmix (100 g)	100.0	g	0.2	20.0	g		0
287044	Vegetarisk currygryta med panéer	kokosmjölk light (100 ml)	100.0	ml	4.0	400.0	ml		0
287044	Vegetarisk currygryta med panéer	salt och svartpeppar	None	None	None	None	None		0
287044	Vegetarisk currygryta med panéer	morot (1 st)	1.0	st	1.0	1.0	st		0
287044	Vegetarisk currygryta med panéer	paprika (1 st)	1.0	st	1.0	1.0	st		0
287044	Vegetarisk currygryta med panéer	broccolistånd (1 st)	1.0	st	0.5	0.5	st		0
287044	Vegetarisk currygryta med panéer	blomkål (100 g)	100.0	g	2.0	200.0	g		1
287044	Vegetarisk currygryta med panéer	purjolök (1 dl)	1.0	dl	0.5	0.5	dl		0
287044	Vegetarisk currygryta med panéer	granatäpple (1 st)	1.0	st	0.5	0.5	st		1
287042	Omelett med hallon	ägg (1 st)	1.0	st	2.0	2.0	st		0
287042	Omelett med hallon	salt och svartpeppar	None	None	None	None	None		0
287042	Omelett med hallon	frysta hallon (1 dl)	1.0	dl	2.0	2.0	dl		0
287042	Omelett med hallon	grekisk yoghurt (1 msk)	1.0	msk	1.0	1.0	msk		0
287042	Omelett med hallon	färsk mynta (1 kvist)	1.0	kvist	1.0	1.0	kvist		0
287042	Omelett med hallon	smör (1 tsk)	1.0	tsk	1.0	1.0	tsk		0
287038	Äggröra med lax	ägg (1 st)	1.0	st	2.0	2.0	st		1
287038	Äggröra med lax	grädde (1 msk)	1.0	msk	1.0	1.0	msk		0
287038	Äggröra med lax	salt och svartpeppar	None	None	None	None	None		0
287038	Äggröra med lax	smör (1 tsk)	1.0	tsk	1.0	1.0	tsk		0
287038	Äggröra med lax	salladsblad (1 st)	1.0	st	1.0	1.0	st		0
287038	Äggröra med lax	rökt lax (100 g)	100.0	g	0.3	30.0	g		1
287038	Äggröra med lax	citronklyfta (1 st)	1.0	st	1.0	1.0	st		1
287038	Äggröra med lax	färska dillkvistar (1 st)	1.0	st	2.0	2.0	st		0
287036	Havrefralla med morötter och torkade aprikoser	havrefralla med morötter och aprikoser (1 st)	1.0	st	1.0	1.0	st		0
287036	Havrefralla med morötter och torkade aprikoser	valfritt pålägg	None	None	1.0	None	None		0
286972	Havrefrallor med morötter och aprikoser	havregryn (1 dl)	1.0	dl	4.0	4.0	dl		1
286972	Havrefrallor med morötter och aprikoser	torkade aprikoser (1 st)	1.0	st	4.0	4.0	st		0
286972	Havrefrallor med morötter och aprikoser	morot (1 st)	1.0	st	1.0	1.0	st		1
286972	Havrefrallor med morötter och aprikoser	keso (1 dl)	1.0	dl	3.0	3.0	dl		0
286972	Havrefrallor med morötter och aprikoser	ägg (1 st)	1.0	st	4.0	4.0	st		0
286972	Havrefrallor med morötter och aprikoser	solroskärnor (1 dl)	1.0	dl	1.0	1.0	dl		1
286972	Havrefrallor med morötter och aprikoser	pumpafrön (1 dl)	1.0	dl	1.0	1.0	dl		0
286972	Havrefrallor med morötter och aprikoser	hampafrön (1 dl)	1.0	dl	1.0	1.0	dl		0
286972	Havrefrallor med morötter och aprikoser	sesamfrön (1 dl)	1.0	dl	1.0	1.0	dl		0
286972	Havrefrallor med morötter och aprikoser	bakpulver (1 tsk)	1.0	tsk	1.5	1.5	tsk		0
286972	Havrefrallor med morötter och aprikoser	salt (1 krm)	1.0	krm	1.0	1.0	krm		0
287033	Jordgubbar och mango med vit chokladkräm	färsk mango (1 st)	1.0	st	0.5	0.5	st		1
287033	Jordgubbar och mango med vit chokladkräm	färska jordgubbar (1 st)	1.0	st	6.0	6.0	st		1
287033	Jordgubbar och mango med vit chokladkräm	vit choklad (10 g)	10.0	g	3.0	30.0	g		0
287033	Jordgubbar och mango med vit chokladkräm	philadelphiaost (100 g)	100.0	g	0.5	50.0	g		0
287033	Jordgubbar och mango med vit chokladkräm	färsk mynta (1 msk)	1.0	msk	1.0	1.0	msk		1
287031	Asiatiska köttbullar med nudelsallad	nötfärs (100 g)	100.0	g	3.5	350.0	g		0
287031	Asiatiska köttbullar med nudelsallad	chili (1 st)	1.0	st	0.25	0.25	st		0
287031	Asiatiska köttbullar med nudelsallad	färsk ingefära (1 msk)	1.0	msk	0.5	0.5	msk		0
287031	Asiatiska köttbullar med nudelsallad	vitlök (1 klyfta)	1.0	klyfta	1.0	1.0	klyfta		0
287031	Asiatiska köttbullar med nudelsallad	purjolök (1 dl)	1.0	dl	0.5	0.5	dl		0
287031	Asiatiska köttbullar med nudelsallad	salt och svartpeppar	None	None	None	None	None		0
287031	Asiatiska köttbullar med nudelsallad	teriyakisås (1 msk)	1.0	msk	1.0	1.0	msk		0
287031	Asiatiska köttbullar med nudelsallad	rapsolja (1 tsk)	1.0	tsk	2.0	2.0	tsk		0
287031	Asiatiska köttbullar med nudelsallad	glasnudlar (100 g)	100.0	g	0.8	80.0	g		0
287031	Asiatiska köttbullar med nudelsallad	paprika (1 st)	1.0	st	0.5	0.5	st		0
287031	Asiatiska köttbullar med nudelsallad	sockerärtor (100 g)	100.0	g	1.0	100.0	g		1
287031	Asiatiska köttbullar med nudelsallad	morot (1 st)	1.0	st	1.0	1.0	st		0
287031	Asiatiska köttbullar med nudelsallad	färsk koriander (1 msk)	1.0	msk	1.0	1.0	msk		0
287029	Turkiska lammfärsspett med raita och sallad	lammfärs (100 g)	100.0	g	3.0	300.0	g		0
287029	Turkiska lammfärsspett med raita och sallad	gul lök (1 st)	1.0	st	0.5	0.5	st		0
287029	Turkiska lammfärsspett med raita och sallad	vitlök (1 klyfta)	1.0	klyfta	1.0	1.0	klyfta		0
287029	Turkiska lammfärsspett med raita och sallad	salt och svartpeppar	None	None	None	None	None		0
287029	Turkiska lammfärsspett med raita och sallad	färsk persilja (1 msk)	1.0	msk	2.0	2.0	msk		1
287029	Turkiska lammfärsspett med raita och sallad	köftekrydda (1 msk)	1.0	msk	0.5	0.5	msk		0
287029	Turkiska lammfärsspett med raita och sallad	träspett (1 st)	1.0	st	4.0	4.0	st		0
287029	Turkiska lammfärsspett med raita och sallad	olivolja (1 tsk)	1.0	tsk	1.0	1.0	tsk		0
287029	Turkiska lammfärsspett med raita och sallad	gurka (1 cm)	1.0	cm	5.0	5.0	cm		0
287029	Turkiska lammfärsspett med raita och sallad	morot (1 st)	1.0	st	0.5	0.5	st		0
287029	Turkiska lammfärsspett med raita och sallad	grekisk yoghurt (1 dl)	1.0	dl	1.0	1.0	dl		1
287029	Turkiska lammfärsspett med raita och sallad	torkad oregano (1 krm)	1.0	krm	1.0	1.0	krm		0
287029	Turkiska lammfärsspett med raita och sallad	bulgur (1 dl)	1.0	dl	1.0	1.0	dl		1
287029	Turkiska lammfärsspett med raita och sallad	rödlök (1 st)	1.0	st	0.25	0.25	st		0
287029	Turkiska lammfärsspett med raita och sallad	citron (1 st)	1.0	st	0.5	0.5	st		0
287029	Turkiska lammfärsspett med raita och sallad	cocktailtomater (1 st)	1.0	st	10.0	10.0	st		0
287029	Turkiska lammfärsspett med raita och sallad	fetaost (100 g)	100.0	g	0.5	50.0	g		0
287029	Turkiska lammfärsspett med raita och sallad	citronklyftor (1 st)	1.0	st	2.0	2.0	st		0
287029	Turkiska lammfärsspett med raita och sallad	färsk persilja (1 kvistar)	1.0	kvistar	2.0	2.0	kvistar		0
287027	Lax med fetaost och rostade rotfrukter	laxfilé (100 g)	100.0	g	6.0	600.0	g		1
287027	Lax med fetaost och rostade rotfrukter	salt och svartpeppar	None	None	None	None	None		0
287027	Lax med fetaost och rostade rotfrukter	fetaost (100 g)	100.0	g	1.0	100.0	g		0
287027	Lax med fetaost och rostade rotfrukter	pumpafrön (1 msk)	1.0	msk	3.0	3.0	msk		1
287027	Lax med fetaost och rostade rotfrukter	örtagårdskrydda (1 krm)	1.0	krm	1.0	1.0	krm		0
287027	Lax med fetaost och rostade rotfrukter	sötpotatis (1 st)	1.0	st	1.0	1.0	st		0
287027	Lax med fetaost och rostade rotfrukter	palsternacka (1 st)	1.0	st	1.0	1.0	st		0
287027	Lax med fetaost och rostade rotfrukter	brysselkål (100 g)	100.0	g	2.5	250.0	g		1
287027	Lax med fetaost och rostade rotfrukter	olivolja (1 tsk)	1.0	tsk	2.0	2.0	tsk		0
287027	Lax med fetaost och rostade rotfrukter	färsk timjan (1 msk)	1.0	msk	2.0	2.0	msk		0
287025	Torskrygg med ägghack och sparris	torskrygg (100 g)	100.0	g	3.0	300.0	g		1
287025	Torskrygg med ägghack och sparris	salt och svartpeppar	None	None	None	None	None		0
287025	Torskrygg med ägghack och sparris	kokta ägg (1 st)	1.0	st	2.0	2.0	st		0
287025	Torskrygg med ägghack och sparris	majonäs (1 msk)	1.0	msk	1.0	1.0	msk		0
287025	Torskrygg med ägghack och sparris	grön sparris (100 g)	100.0	g	2.5	250.0	g		1
287025	Torskrygg med ägghack och sparris	granatäppelkärnor (1 dl)	1.0	dl	1.0	1.0	dl		1
287025	Torskrygg med ägghack och sparris	kokt ägg (1 st)	1.0	st	1.0	1.0	st		0
287025	Torskrygg med ägghack och sparris	färska dillkvistar (1 st)	1.0	st	2.0	2.0	st		0
287023	Kycklingröra med örter och tomat	grillad kyckling (1 st)	1.0	st	0.5	0.5	st		0
287023	Kycklingröra med örter och tomat	rödlök (1 st)	1.0	st	0.5	0.5	st		0
287023	Kycklingröra med örter och tomat	vitlök (1 klyfta)	1.0	klyfta	0.5	0.5	klyfta		0
287023	Kycklingröra med örter och tomat	tomat (1 st)	1.0	st	2.0	2.0	st		1
287023	Kycklingröra med örter och tomat	soltorkade tomater (1 st)	1.0	st	3.0	3.0	st		0
287023	Kycklingröra med örter och tomat	färsk basilika (1 kruka)	1.0	kruka	1.0	1.0	kruka		1
287023	Kycklingröra med örter och tomat	färsk persilja (1 kruka)	1.0	kruka	1.0	1.0	kruka		0
287023	Kycklingröra med örter och tomat	örtagårdskrydda (1 tsk)	1.0	tsk	0.5	0.5	tsk		0
287023	Kycklingröra med örter och tomat	grekisk yoghurt (1 dl)	1.0	dl	1.0	1.0	dl		1
287023	Kycklingröra med örter och tomat	majonäs (1 msk)	1.0	msk	1.0	1.0	msk		0
287023	Kycklingröra med örter och tomat	salt och svartpeppar	None	None	None	None	None		0
287023	Kycklingröra med örter och tomat	hjärtsallad (1 st)	1.0	st	1.0	1.0	st		0
287023	Kycklingröra med örter och tomat	färsk persilja (1 msk)	1.0	msk	1.0	1.0	msk		0
287018	Päronsallad med chevréost	paprika (1 st)	1.0	st	0.5	0.5	st		0
287018	Päronsallad med chevréost	rödlök (1 st)	1.0	st	0.25	0.25	st		0
287018	Päronsallad med chevréost	morot (1 st)	1.0	st	0.5	0.5	st		0
287018	Päronsallad med chevréost	päron (1 st)	1.0	st	1.0	1.0	st		1
287018	Päronsallad med chevréost	bladspenat (100 g)	100.0	g	0.2	20.0	g		1
287018	Päronsallad med chevréost	chevreost (100 g)	100.0	g	0.75	75.0	g		0
287018	Päronsallad med chevréost	pekannötter (1 st)	1.0	st	4.0	4.0	st		1
287018	Päronsallad med chevréost	torkade tranbär (1 msk)	1.0	msk	1.0	1.0	msk		0
287018	Päronsallad med chevréost	balsamvinäger (1 tsk)	1.0	tsk	1.0	1.0	tsk		0
286970	Tropisk Smoothiebowl	fryst mango (100 g)	100.0	g	1.0	100.0	g		0
286970	Tropisk Smoothiebowl	fryst ananas (100 g)	100.0	g	1.0	100.0	g		1
286970	Tropisk Smoothiebowl	banan (1 st)	1.0	st	1.0	1.0	st		1
286970	Tropisk Smoothiebowl	mandelmjölk (1 dl)	1.0	dl	1.0	1.0	dl		0
286970	Tropisk Smoothiebowl	färsk mango (1 st)	1.0	st	0.5	0.5	st		0
286970	Tropisk Smoothiebowl	passionsfrukt (1 st)	1.0	st	1.0	1.0	st		0
286970	Tropisk Smoothiebowl	kokosskivor (1 msk)	1.0	msk	2.0	2.0	msk		0
286970	Tropisk Smoothiebowl	pistagenötter (1 msk)	1.0	msk	2.0	2.0	msk		1
286991	Kycklinggryta med bakad spetskål	spetskålshuvud (1 st)	1.0	st	1.0	1.0	st		1
286991	Kycklinggryta med bakad spetskål	olivolja (1 msk)	1.0	msk	1.0	1.0	msk		0
286991	Kycklinggryta med bakad spetskål	salt och svartpeppar	None	None	None	None	None		0
286991	Kycklinggryta med bakad spetskål	gul lök (1 st)	1.0	st	0.5	0.5	st		0
286991	Kycklinggryta med bakad spetskål	rödlök (1 st)	1.0	st	0.5	0.5	st		0
286991	Kycklinggryta med bakad spetskål	vitlök (1 klyftor)	1.0	klyftor	2.0	2.0	klyftor		1
286991	Kycklinggryta med bakad spetskål	paprika (1 st)	1.0	st	1.0	1.0	st		0
286991	Kycklinggryta med bakad spetskål	tomat (1 st)	1.0	st	2.0	2.0	st		1
286991	Kycklinggryta med bakad spetskål	kycklinglårfilé (100 g)	100.0	g	8.0	800.0	g		0
286991	Kycklinggryta med bakad spetskål	kabanoss (100 g)	100.0	g	2.5	250.0	g		0
286991	Kycklinggryta med bakad spetskål	örtagårdskrydda (1 krm)	1.0	krm	1.0	1.0	krm		0
286991	Kycklinggryta med bakad spetskål	hönsbuljongtärning (1 st)	1.0	st	1.0	1.0	st		0
286991	Kycklinggryta med bakad spetskål	ajvar relish (1 dl)	1.0	dl	0.5	0.5	dl		0
286991	Kycklinggryta med bakad spetskål	oliver (1 dl)	1.0	dl	1.0	1.0	dl		0
286991	Kycklinggryta med bakad spetskål	färsk timjan (1 msk)	1.0	msk	2.0	2.0	msk		0
286991	Kycklinggryta med bakad spetskål	vatten (1 dl)	1.0	dl	4.0	4.0	dl		0
286991	Kycklinggryta med bakad spetskål	rostad lök (1 dl)	1.0	dl	1.0	1.0	dl		0
286991	Kycklinggryta med bakad spetskål	grekisk yoghurt (1 dl)	1.0	dl	1.0	1.0	dl		0
287000	Laxburgare med krämig grönsaksröra	laxfilé (100 g)	100.0	g	2.5	250.0	g		1
287000	Laxburgare med krämig grönsaksröra	salladslök (1 st)	1.0	st	1.0	1.0	st		0
287000	Laxburgare med krämig grönsaksröra	färsk ingefära (1 msk)	1.0	msk	1.0	1.0	msk		1
287000	Laxburgare med krämig grönsaksröra	vitlök (1 klyfta)	1.0	klyfta	1.0	1.0	klyfta		0
287000	Laxburgare med krämig grönsaksröra	salt och svartpeppar	None	None	None	None	None		0
287000	Laxburgare med krämig grönsaksröra	lime (1 st)	1.0	st	0.5	0.5	st		0
287000	Laxburgare med krämig grönsaksröra	sesamfrön (1 msk)	1.0	msk	2.0	2.0	msk		0
287000	Laxburgare med krämig grönsaksröra	olivolja (1 msk)	1.0	msk	0.5	0.5	msk		0
287000	Laxburgare med krämig grönsaksröra	furikakekrydda (1 msk)	1.0	msk	1.0	1.0	msk		0
287000	Laxburgare med krämig grönsaksröra	frysta sojabönor (100 g)	100.0	g	2.0	200.0	g		1
287000	Laxburgare med krämig grönsaksröra	sockerärtor (100 g)	100.0	g	1.0	100.0	g		0
287000	Laxburgare med krämig grönsaksröra	kräftstjärtar i lag (100 g)	100.0	g	1.0	100.0	g		0
287000	Laxburgare med krämig grönsaksröra	gräddfil (1 dl)	1.0	dl	0.5	0.5	dl		0
287000	Laxburgare med krämig grönsaksröra	majonäs (1 msk)	1.0	msk	2.0	2.0	msk		0
287000	Laxburgare med krämig grönsaksröra	curry (1 msk)	1.0	msk	0.5	0.5	msk		0
287000	Laxburgare med krämig grönsaksröra	bladspenat (100 g)	100.0	g	0.15	15.0	g		0
287000	Laxburgare med krämig grönsaksröra	granatäppelkärnor (1 dl)	1.0	dl	0.5	0.5	dl		0
287016	Nudelsoppa med grönsaker	vitlök (1 klyfta)	1.0	klyfta	0.5	0.5	klyfta		1
287016	Nudelsoppa med grönsaker	salladslök (1 st)	1.0	st	1.0	1.0	st		0
287016	Nudelsoppa med grönsaker	morot (1 st)	1.0	st	1.0	1.0	st		0
287016	Nudelsoppa med grönsaker	broccoli (100 g)	100.0	g	1.0	100.0	g		1
287016	Nudelsoppa med grönsaker	blomkål (100 g)	100.0	g	1.0	100.0	g		0
287016	Nudelsoppa med grönsaker	röd chili (1 st)	1.0	st	0.5	0.5	st		0
287016	Nudelsoppa med grönsaker	olivolja (1 tsk)	1.0	tsk	0.5	0.5	tsk		0
287016	Nudelsoppa med grönsaker	färsk ingefära (1 msk)	1.0	msk	0.5	0.5	msk		1
287016	Nudelsoppa med grönsaker	curry mango krydda (1 msk)	1.0	msk	0.5	0.5	msk		0
287016	Nudelsoppa med grönsaker	hönsbuljongtärning (1 st)	1.0	st	0.5	0.5	st		0
287016	Nudelsoppa med grönsaker	ketjap manis (1 msk)	1.0	msk	0.5	0.5	msk		0
287016	Nudelsoppa med grönsaker	vatten (1 dl)	1.0	dl	3.0	3.0	dl		0
287016	Nudelsoppa med grönsaker	ramennudlar (100 g)	100.0	g	1.0	100.0	g		0
287016	Nudelsoppa med grönsaker	sockerärtor (100 g)	100.0	g	1.0	100.0	g		0
287016	Nudelsoppa med grönsaker	färsk koriander (1 msk)	1.0	msk	1.0	1.0	msk		0
287016	Nudelsoppa med grönsaker	saltade jordnötter (1 dl)	1.0	dl	0.25	0.25	dl		0
287014	Omelett med champinjoner	skogschampinjon (1 st)	1.0	st	4.0	4.0	st		1
287014	Omelett med champinjoner	smör (1 tsk)	1.0	tsk	1.0	1.0	tsk		0
287014	Omelett med champinjoner	salt och svartpeppar	None	None	None	None	None		0
287014	Omelett med champinjoner	ägg (1 st)	1.0	st	2.0	2.0	st		1
287014	Omelett med champinjoner	färsk gräslök (1 msk)	1.0	msk	1.0	1.0	msk		1
287009	Mangoglass	fryst mango (100 g)	100.0	g	2.5	250.0	g		1
287009	Mangoglass	grekisk yoghurt (1 dl)	1.0	dl	1.0	1.0	dl		1
287009	Mangoglass	flytande honung (1 tsk)	1.0	tsk	0.5	0.5	tsk		1
287007	Köttfärsbiffar med stekt blomkål	blomkål (100 g)	100.0	g	2.5	250.0	g		1
287007	Köttfärsbiffar med stekt blomkål	olivolja (1 tsk)	1.0	tsk	2.0	2.0	tsk		1
287007	Köttfärsbiffar med stekt blomkål	gul lök (1 st)	1.0	st	0.25	0.25	st		0
287007	Köttfärsbiffar med stekt blomkål	vitlök (1 klyfta)	1.0	klyfta	1.0	1.0	klyfta		1
287007	Köttfärsbiffar med stekt blomkål	nötfärs (100 g)	100.0	g	2.5	250.0	g		0
287007	Köttfärsbiffar med stekt blomkål	ketjap manis (1 tsk)	1.0	tsk	1.0	1.0	tsk		0
287007	Köttfärsbiffar med stekt blomkål	salt och svartpeppar	None	None	None	None	None		0
287007	Köttfärsbiffar med stekt blomkål	örtagårdskrydda (1 krm)	1.0	krm	1.0	1.0	krm		0
287007	Köttfärsbiffar med stekt blomkål	smör (1 tsk)	1.0	tsk	2.0	2.0	tsk		0
287007	Köttfärsbiffar med stekt blomkål	vatten (1 dl)	1.0	dl	0.75	0.75	dl		0
287007	Köttfärsbiffar med stekt blomkål	cocktailtomater (1 st)	1.0	st	4.0	4.0	st		0
287007	Köttfärsbiffar med stekt blomkål	färsk persilja (1 kvist)	1.0	kvist	2.0	2.0	kvist		0
287007	Köttfärsbiffar med stekt blomkål	grekisk yoghurt (1 msk)	1.0	msk	3.0	3.0	msk		0
287007	Köttfärsbiffar med stekt blomkål	röd pesto (1 tsk)	1.0	tsk	1.0	1.0	tsk		0
287005	Squashspagetti med köttfärssås	olivolja (1 tsk)	1.0	tsk	1.0	1.0	tsk		0
287005	Squashspagetti med köttfärssås	salt och svartpeppar	None	None	None	None	None		0
287005	Squashspagetti med köttfärssås	nötfärs (100 g)	100.0	g	3.0	300.0	g		0
287005	Squashspagetti med köttfärssås	gul lök (1 st)	1.0	st	0.5	0.5	st		0
287005	Squashspagetti med köttfärssås	vitlök (1 klyfta)	1.0	klyfta	1.0	1.0	klyfta		1
287005	Squashspagetti med köttfärssås	morot (1 st)	1.0	st	1.0	1.0	st		0
287005	Squashspagetti med köttfärssås	selleristjälk (1 st)	1.0	st	1.0	1.0	st		0
287005	Squashspagetti med köttfärssås	krossade tomater (100 g)	100.0	g	2.0	200.0	g		1
287005	Squashspagetti med köttfärssås	stark chilisås (1 msk)	1.0	msk	0.5	0.5	msk		0
287005	Squashspagetti med köttfärssås	torkade örter (1 krm)	1.0	krm	1.0	1.0	krm		0
287005	Squashspagetti med köttfärssås	squash (1 st)	1.0	st	1.0	1.0	st		1
287005	Squashspagetti med köttfärssås	färsk basilika (1 kvist)	1.0	kvist	1.0	1.0	kvist		0
287003	Ugnsbakad tomat med köttfärs	bifftomat (1 st)	1.0	st	4.0	4.0	st		1
287003	Ugnsbakad tomat med köttfärs	gul lök (1 st)	1.0	st	0.5	0.5	st		0
287003	Ugnsbakad tomat med köttfärs	vitlök (1 klyftor)	1.0	klyftor	1.0	1.0	klyftor		1
287003	Ugnsbakad tomat med köttfärs	paprika (1 st)	1.0	st	0.5	0.5	st		0
287003	Ugnsbakad tomat med köttfärs	olivolja (1 tsk)	1.0	tsk	2.0	2.0	tsk		1
287003	Ugnsbakad tomat med köttfärs	nötfärs (100 g)	100.0	g	2.5	250.0	g		0
287003	Ugnsbakad tomat med köttfärs	salt och svartpeppar	None	None	None	None	None		0
287003	Ugnsbakad tomat med köttfärs	örtagårdskrydda (1 tsk)	1.0	tsk	0.5	0.5	tsk		0
287003	Ugnsbakad tomat med köttfärs	röd pesto (1 msk)	1.0	msk	1.0	1.0	msk		0
287003	Ugnsbakad tomat med köttfärs	grädde (1 msk)	1.0	msk	4.0	4.0	msk		0
287003	Ugnsbakad tomat med köttfärs	färsk persilja (1 msk)	1.0	msk	2.0	2.0	msk		0
287003	Ugnsbakad tomat med köttfärs	fetaost (100 g)	100.0	g	0.25	25.0	g		0
287003	Ugnsbakad tomat med köttfärs	rucola (1 dl)	1.0	dl	4.0	4.0	dl		0
286984	Grön smoothie	bladspenat (100 g)	100.0	g	0.25	25.0	g		1
286984	Grön smoothie	selleristjälk (1 st)	1.0	st	1.0	1.0	st		0
286984	Grön smoothie	gurka (1 st)	1.0	st	0.5	0.5	st		0
286984	Grön smoothie	apelsin (1 st)	1.0	st	1.0	1.0	st		1
286984	Grön smoothie	färsk ingefära (1 msk)	1.0	msk	1.0	1.0	msk		1
286984	Grön smoothie	lime (1 st)	1.0	st	1.0	1.0	st		0
286984	Grön smoothie	vatten (1 dl)	1.0	dl	1.5	1.5	dl		0
286976	Omelett med tomat	ägg (1 st)	1.0	st	2.0	2.0	st		1
286976	Omelett med tomat	salt och svartpeppar	None	None	None	None	None		0
286976	Omelett med tomat	olivolja (1 tsk)	1.0	tsk	1.0	1.0	tsk		1
286976	Omelett med tomat	tomat (1 st)	1.0	st	1.0	1.0	st		1
286976	Omelett med tomat	färsk persilja (1 msk)	1.0	msk	1.0	1.0	msk		0
286974	Stekt ägg med lax	smör (1 tsk)	1.0	tsk	1.0	1.0	tsk		0
286974	Stekt ägg med lax	ägg (1 st)	1.0	st	2.0	2.0	st		1
286974	Stekt ägg med lax	salt och svartpeppar	None	None	None	None	None		0
286974	Stekt ägg med lax	kallrökt lax (100 g)	100.0	g	0.5	50.0	g		1
286974	Stekt ägg med lax	färsk persilja (1 msk)	1.0	msk	1.0	1.0	msk		0
286974	Stekt ägg med lax	citronklyfta (1 st)	1.0	st	1.0	1.0	st		1
286959	Ketomüsli	paranötter (1 dl)	1.0	dl	1.0	1.0	dl		1
286959	Ketomüsli	valnötter (1 dl)	1.0	dl	1.0	1.0	dl		1
286959	Ketomüsli	hasselnötter (1 dl)	1.0	dl	1.0	1.0	dl		0
286959	Ketomüsli	mandel (1 dl)	1.0	dl	1.0	1.0	dl		0
286959	Ketomüsli	pekannötter (1 dl)	1.0	dl	1.0	1.0	dl		0
286959	Ketomüsli	mandelmjöl (1 dl)	1.0	dl	4.0	4.0	dl		0
286959	Ketomüsli	fiberhonung Nicks (1 msk)	1.0	msk	1.0	1.0	msk		0
286959	Ketomüsli	rapsolja (1 msk)	1.0	msk	1.0	1.0	msk		0
286959	Ketomüsli	kanel (1 msk)	1.0	msk	1.0	1.0	msk		1
286959	Ketomüsli	kardemumma (1 tsk)	1.0	tsk	1.0	1.0	tsk		0
286959	Ketomüsli	salt (1 krm)	1.0	krm	1.0	1.0	krm		0
286959	Ketomüsli	kokosflingor (1 dl)	1.0	dl	2.0	2.0	dl		0
286959	Ketomüsli	kokosskivor (1 dl)	1.0	dl	2.0	2.0	dl		0
288157	Fisk och skaldjursgryta från medelhavet	fryst scampi (100 g)	100.0	g	2.0	200.0	g		0
288157	Fisk och skaldjursgryta från medelhavet	torskrygg (100 g)	100.0	g	4.0	400.0	g		1
288157	Fisk och skaldjursgryta från medelhavet	laxfilé (100 g)	100.0	g	4.0	400.0	g		0
288157	Fisk och skaldjursgryta från medelhavet	salt och svartpeppar	None	None	None	None	None		0
288157	Fisk och skaldjursgryta från medelhavet	gul lök (1 st)	1.0	st	1.0	1.0	st		0
288157	Fisk och skaldjursgryta från medelhavet	vitlök (1 klyftor)	1.0	klyftor	2.0	2.0	klyftor		0
288157	Fisk och skaldjursgryta från medelhavet	fänkål (1 st)	1.0	st	0.5	0.5	st		1
288157	Fisk och skaldjursgryta från medelhavet	röd chili (1 st)	1.0	st	0.5	0.5	st		1
288157	Fisk och skaldjursgryta från medelhavet	morötter (1 st)	1.0	st	2.0	2.0	st		0
288157	Fisk och skaldjursgryta från medelhavet	färsk basilika (1 msk)	1.0	msk	1.0	1.0	msk		0
288157	Fisk och skaldjursgryta från medelhavet	olivolja (1 msk)	1.0	msk	0.5	0.5	msk		0
288157	Fisk och skaldjursgryta från medelhavet	vatten (1 dl)	1.0	dl	2.0	2.0	dl		0
288157	Fisk och skaldjursgryta från medelhavet	fiskbuljongtärning (1 st)	1.0	st	1.0	1.0	st		0
288157	Fisk och skaldjursgryta från medelhavet	krossade tomater (100 g)	100.0	g	4.0	400.0	g		0
288157	Fisk och skaldjursgryta från medelhavet	grädde (1 dl)	1.0	dl	1.0	1.0	dl		0
288157	Fisk och skaldjursgryta från medelhavet	cocktailtomater (100 g)	100.0	g	2.0	200.0	g		0
288155	Apelsinkyckling med blomkålsris	blomkålshuvud (1 st)	1.0	st	0.3	0.3	st		1
288155	Apelsinkyckling med blomkålsris	färsk mynta (1 msk)	1.0	msk	1.0	1.0	msk		0
288155	Apelsinkyckling med blomkålsris	salt och svartpeppar	None	None	None	None	None		0
288155	Apelsinkyckling med blomkålsris	gul lök (1 st)	1.0	st	1.0	1.0	st		0
288155	Apelsinkyckling med blomkålsris	olivolja (1 msk)	1.0	msk	1.0	1.0	msk		0
288155	Apelsinkyckling med blomkålsris	kycklinglårfilé (100 g)	100.0	g	4.0	400.0	g		0
288155	Apelsinkyckling med blomkålsris	vatten (1 dl)	1.0	dl	2.0	2.0	dl		0
288155	Apelsinkyckling med blomkålsris	kycklingbuljongtärning (1 st)	1.0	st	1.0	1.0	st		0
288155	Apelsinkyckling med blomkålsris	sambal oelek (1 tsk)	1.0	tsk	1.0	1.0	tsk		0
288155	Apelsinkyckling med blomkålsris	grädde (1 dl)	1.0	dl	1.0	1.0	dl		0
288155	Apelsinkyckling med blomkålsris	apelsin (1 st)	1.0	st	0.5	0.5	st		1
288155	Apelsinkyckling med blomkålsris	bladspenat (100 g)	100.0	g	0.2	20.0	g		1
288150	Kycklingburgare med mangosalsa och wasabi	kycklingfärs (100 g)	100.0	g	3.0	300.0	g		1
288150	Kycklingburgare med mangosalsa och wasabi	vitlök (1 klyfta)	1.0	klyfta	1.0	1.0	klyfta		0
288150	Kycklingburgare med mangosalsa och wasabi	salt och svartpeppar	None	None	None	None	None		0
288150	Kycklingburgare med mangosalsa och wasabi	färsk mango (1 st)	1.0	st	0.25	0.25	st		1
288150	Kycklingburgare med mangosalsa och wasabi	avokado (1 st)	1.0	st	0.25	0.25	st		1
288150	Kycklingburgare med mangosalsa och wasabi	cocktailtomater (1 st)	1.0	st	5.0	5.0	st		0
288150	Kycklingburgare med mangosalsa och wasabi	salladslök (1 st)	1.0	st	1.0	1.0	st		0
288150	Kycklingburgare med mangosalsa och wasabi	röd chili (1 st)	1.0	st	0.2	0.2	st		0
288150	Kycklingburgare med mangosalsa och wasabi	lime (1 st)	1.0	st	0.25	0.25	st		0
288150	Kycklingburgare med mangosalsa och wasabi	färsk koriander (1 msk)	1.0	msk	1.0	1.0	msk		0
288150	Kycklingburgare med mangosalsa och wasabi	färsk ingefära (1 tsk)	1.0	tsk	0.5	0.5	tsk		0
288150	Kycklingburgare med mangosalsa och wasabi	grekisk yoghurt (1 dl)	1.0	dl	0.5	0.5	dl		0
288150	Kycklingburgare med mangosalsa och wasabi	wasabipasta (1 tsk)	1.0	tsk	1.0	1.0	tsk		0
288150	Kycklingburgare med mangosalsa och wasabi	hjärtsallad (100 g)	100.0	g	0.4	40.0	g		0
288150	Kycklingburgare med mangosalsa och wasabi	färsk koriander (1 kvistar)	1.0	kvistar	2.0	2.0	kvistar		0
288148	Omelett med paprika och champinjoner	rödlök (1 msk)	1.0	msk	1.0	1.0	msk		0
288148	Omelett med paprika och champinjoner	vitlök (1 klyfta)	1.0	klyfta	0.25	0.25	klyfta		0
288148	Omelett med paprika och champinjoner	paprika (1 st)	1.0	st	0.5	0.5	st		1
288148	Omelett med paprika och champinjoner	färska champinjoner (1 st)	1.0	st	5.0	5.0	st		1
288148	Omelett med paprika och champinjoner	olivolja (1 tsk)	1.0	tsk	1.0	1.0	tsk		0
288148	Omelett med paprika och champinjoner	ägg (1 st)	1.0	st	2.0	2.0	st		1
288148	Omelett med paprika och champinjoner	salt och svartpeppar	None	None	None	None	None		0
288148	Omelett med paprika och champinjoner	färsk persilja (1 msk)	1.0	msk	1.0	1.0	msk		0
288146	Quinoasallad med halloumi	quinoa tricolore (1 dl)	1.0	dl	0.5	0.5	dl		0
288146	Quinoasallad med halloumi	ananas (100 g)	100.0	g	0.75	75.0	g		1
288146	Quinoasallad med halloumi	purjolök (1 cm)	1.0	cm	10.0	10.0	cm		0
288146	Quinoasallad med halloumi	cocktailtomater (1 st)	1.0	st	8.0	8.0	st		0
288146	Quinoasallad med halloumi	färsk mynta (1 msk)	1.0	msk	1.5	1.5	msk		0
288146	Quinoasallad med halloumi	citron (1 st)	1.0	st	0.5	0.5	st		1
288146	Quinoasallad med halloumi	olivolja (1 msk)	1.0	msk	0.5	0.5	msk		0
288146	Quinoasallad med halloumi	salt och svartpeppar	None	None	None	None	None		0
288146	Quinoasallad med halloumi	halloumi (100 g)	100.0	g	1.25	125.0	g		1
288146	Quinoasallad med halloumi	olivolja (1 tsk)	1.0	tsk	0.5	0.5	tsk		0
288146	Quinoasallad med halloumi	majonäs (1 msk)	1.0	msk	2.0	2.0	msk		0
288146	Quinoasallad med halloumi	creme fraiche (1 msk)	1.0	msk	2.0	2.0	msk		0
288146	Quinoasallad med halloumi	srirachasås (1 tsk)	1.0	tsk	1.0	1.0	tsk		0
288146	Quinoasallad med halloumi	ananas (1 dl)	1.0	dl	0.5	0.5	dl		0
288140	Champinjonomelett	färska champinjoner (1 st)	1.0	st	6.0	6.0	st		1
288140	Champinjonomelett	smör (1 msk)	1.0	msk	1.0	1.0	msk		0
288140	Champinjonomelett	salt och svartpeppar	None	None	None	None	None		0
288140	Champinjonomelett	färsk persilja (1 msk)	1.0	msk	2.0	2.0	msk		1
288140	Champinjonomelett	ägg (1 st)	1.0	st	2.0	2.0	st		1
288140	Champinjonomelett	färsk persilja (1 kvist)	1.0	kvist	1.0	1.0	kvist		0
288144	Keso med melon och ananas	keso (100 g)	100.0	g	1.25	125.0	g		1
288144	Keso med melon och ananas	vattenmelon (100 g)	100.0	g	0.8	80.0	g		1
288144	Keso med melon och ananas	ananas (100 g)	100.0	g	0.7	70.0	g		1
288142	Bananpannkakor med pistagenötter och bär	banan (1 st)	1.0	st	0.5	0.5	st		1
288142	Bananpannkakor med pistagenötter och bär	ägg (1 st)	1.0	st	1.0	1.0	st		0
288142	Bananpannkakor med pistagenötter och bär	vaniljpulver (1 krm)	1.0	krm	0.5	0.5	krm		0
288142	Bananpannkakor med pistagenötter och bär	smör (1 tsk)	1.0	tsk	0.5	0.5	tsk		0
288142	Bananpannkakor med pistagenötter och bär	grekisk yoghurt (1 dl)	1.0	dl	0.5	0.5	dl		0
288142	Bananpannkakor med pistagenötter och bär	pistagenötter (1 msk)	1.0	msk	1.0	1.0	msk		1
288142	Bananpannkakor med pistagenötter och bär	färska hallon (1 dl)	1.0	dl	0.25	0.25	dl		1
288142	Bananpannkakor med pistagenötter och bär	färska björnbär (1 dl)	1.0	dl	0.25	0.25	dl		0
288142	Bananpannkakor med pistagenötter och bär	kardemumma (1 krm)	1.0	krm	0.5	0.5	krm		0
288138	Slät havregrynsgröt med vaniljprotein	havregryn (1 dl)	1.0	dl	1.0	1.0	dl		1
288138	Slät havregrynsgröt med vaniljprotein	vatten (1 dl)	1.0	dl	2.0	2.0	dl		0
288138	Slät havregrynsgröt med vaniljprotein	salt (1 krm)	1.0	krm	0.5	0.5	krm		0
288138	Slät havregrynsgröt med vaniljprotein	proteinpulver vanilj (1 msk)	1.0	msk	1.0	1.0	msk		0
288138	Slät havregrynsgröt med vaniljprotein	jordnötssmör (1 msk)	1.0	msk	0.5	0.5	msk		1
288138	Slät havregrynsgröt med vaniljprotein	jordnötter (1 msk)	1.0	msk	0.5	0.5	msk		0
288138	Slät havregrynsgröt med vaniljprotein	färska jordgubbar (1 st)	1.0	st	2.0	2.0	st		1
288136	Stekt ägg med tomat	olivolja (1 tsk)	1.0	tsk	1.0	1.0	tsk		1
288136	Stekt ägg med tomat	ägg (1 st)	1.0	st	2.0	2.0	st		1
288136	Stekt ägg med tomat	salt och svartpeppar	None	None	None	None	None		0
288136	Stekt ägg med tomat	stor tomat (1 st)	1.0	st	1.0	1.0	st		1
288136	Stekt ägg med tomat	färsk basilika (1 kvist)	1.0	kvist	1.0	1.0	kvist		0
288134	Kesofralla med skinka och tomat	kesofralla med äpple och pumpafrön (1 st)	1.0	st	1.0	1.0	st		1
288134	Kesofralla med skinka och tomat	smör (100 g)	100.0	g	0.04	4.0	g		0
288134	Kesofralla med skinka och tomat	rökt skinka (1 skiva)	1.0	skiva	1.0	1.0	skiva		0
288134	Kesofralla med skinka och tomat	cocktailtomater (1 st)	1.0	st	2.0	2.0	st		1
288132	Kesofrallor med äpple och pumpafrön	keso (100 g)	100.0	g	2.5	250.0	g		0
288132	Kesofrallor med äpple och pumpafrön	havremjöl (1 dl)	1.0	dl	5.0	5.0	dl		1
288132	Kesofrallor med äpple och pumpafrön	ägg (1 st)	1.0	st	4.0	4.0	st		0
288132	Kesofrallor med äpple och pumpafrön	bakpulver (1 tsk)	1.0	tsk	1.0	1.0	tsk		0
288132	Kesofrallor med äpple och pumpafrön	salt (1 tsk)	1.0	tsk	0.5	0.5	tsk		0
288132	Kesofrallor med äpple och pumpafrön	pumpafrön (1 msk)	1.0	msk	2.0	2.0	msk		0
288132	Kesofrallor med äpple och pumpafrön	linfrön (1 msk)	1.0	msk	1.0	1.0	msk		0
288132	Kesofrallor med äpple och pumpafrön	äpple (1 st)	1.0	st	1.0	1.0	st		0
288129	Yoghurt med apelsin- och bovetegranola	grekisk yoghurt (1 dl)	1.0	dl	1.0	1.0	dl		1
288129	Yoghurt med apelsin- och bovetegranola	bovetegranola med apelsin och kardemumma (1 dl)	1.0	dl	0.75	0.75	dl		1
288126	Bovetegranola med apelsin och kardemumma	hel bovete (1 dl)	1.0	dl	5.0	5.0	dl		1
288126	Bovetegranola med apelsin och kardemumma	kokande vatten (1 liter)	1.0	liter	1.0	1.0	liter		0
288126	Bovetegranola med apelsin och kardemumma	blandade nötter (1 dl)	1.0	dl	2.0	2.0	dl		0
288126	Bovetegranola med apelsin och kardemumma	solrosfrön (1 dl)	1.0	dl	1.0	1.0	dl		0
288126	Bovetegranola med apelsin och kardemumma	vaniljsocker (1 msk)	1.0	msk	1.0	1.0	msk		0
288126	Bovetegranola med apelsin och kardemumma	kardemumma (1 krm)	1.0	krm	1.0	1.0	krm		1
288126	Bovetegranola med apelsin och kardemumma	apelsin (1 st)	1.0	st	1.0	1.0	st		1
288126	Bovetegranola med apelsin och kardemumma	kokosolja (1 dl)	1.0	dl	1.0	1.0	dl		0
288126	Bovetegranola med apelsin och kardemumma	honung (1 msk)	1.0	msk	3.0	3.0	msk		0
288126	Bovetegranola med apelsin och kardemumma	torkad mango i tärningar (1 dl)	1.0	dl	1.0	1.0	dl		0
288126	Bovetegranola med apelsin och kardemumma	russin (1 dl)	1.0	dl	1.0	1.0	dl		0
287758	Äggröra med champinjoner	färska champinjoner (1 st)	1.0	st	6.0	6.0	st		1
287758	Äggröra med champinjoner	smör (1 tsk)	1.0	tsk	1.0	1.0	tsk		0
287758	Äggröra med champinjoner	salt och vitpeppar	None	None	None	None	None		0
287758	Äggröra med champinjoner	ägg (1 st)	1.0	st	2.0	2.0	st		1
287758	Äggröra med champinjoner	havregrädde (1 msk)	1.0	msk	1.0	1.0	msk		0
287758	Äggröra med champinjoner	purjolök (1 cm)	1.0	cm	4.0	4.0	cm		1
288065	Blomkål- och saffranssoppa	blomkålshuvud (1 st)	1.0	st	0.5	0.5	st		1
288065	Blomkål- och saffranssoppa	gul lök (1 st)	1.0	st	0.5	0.5	st		0
288065	Blomkål- och saffranssoppa	vitlök (1 klyfta)	1.0	klyfta	1.0	1.0	klyfta		0
288065	Blomkål- och saffranssoppa	olivolja (1 msk)	1.0	msk	0.5	0.5	msk		0
288065	Blomkål- och saffranssoppa	saffran (0.1 g)	0.1	g	5.0	0.5	g		1
288065	Blomkål- och saffranssoppa	vatten (1 dl)	1.0	dl	5.0	5.0	dl		0
288065	Blomkål- och saffranssoppa	kycklingbuljongtärning (1 st)	1.0	st	0.5	0.5	st		0
288065	Blomkål- och saffranssoppa	salt och svartpeppar	None	None	None	None	None		0
288065	Blomkål- och saffranssoppa	olivolja (1 tsk)	1.0	tsk	1.0	1.0	tsk		0
288065	Blomkål- och saffranssoppa	kallrökt lax (100 g)	100.0	g	1.0	100.0	g		1
288065	Blomkål- och saffranssoppa	färsk dill (1 kvistar)	1.0	kvistar	2.0	2.0	kvistar		0
288063	Kesoplättar med bär och yoghurt	ägg (1 st)	1.0	st	1.0	1.0	st		0
288063	Kesoplättar med bär och yoghurt	keso (100 g)	100.0	g	1.25	125.0	g		1
288063	Kesoplättar med bär och yoghurt	havregryn (1 dl)	1.0	dl	0.5	0.5	dl		1
288063	Kesoplättar med bär och yoghurt	mandelmjöl (1 msk)	1.0	msk	1.0	1.0	msk		0
288063	Kesoplättar med bär och yoghurt	salt (1 krm)	1.0	krm	1.0	1.0	krm		0
288063	Kesoplättar med bär och yoghurt	rapsolja (1 msk)	1.0	msk	1.0	1.0	msk		0
288063	Kesoplättar med bär och yoghurt	grekisk yoghurt (1 dl)	1.0	dl	0.5	0.5	dl		0
288063	Kesoplättar med bär och yoghurt	färsk jordgubbe (1 st)	1.0	st	4.0	4.0	st		0
288063	Kesoplättar med bär och yoghurt	färska blåbär (1 dl)	1.0	dl	0.5	0.5	dl		0
288063	Kesoplättar med bär och yoghurt	valnötter (1 msk)	1.0	msk	1.5	1.5	msk		1
288063	Kesoplättar med bär och yoghurt	flytande honung (1 tsk)	1.0	tsk	2.0	2.0	tsk		0
288063	Kesoplättar med bär och yoghurt	färsk mynta (1 kvist)	1.0	kvist	1.0	1.0	kvist		0
288061	Kesokaka med kardemumma och hallon	olivolja (1 tsk)	1.0	tsk	0.5	0.5	tsk		0
288061	Kesokaka med kardemumma och hallon	keso (1 dl)	1.0	dl	2.5	2.5	dl		1
288061	Kesokaka med kardemumma och hallon	grekisk yoghurt (1 dl)	1.0	dl	0.5	0.5	dl		0
288061	Kesokaka med kardemumma och hallon	ägg (1 st)	1.0	st	2.0	2.0	st		0
288061	Kesokaka med kardemumma och hallon	flytande honung (1 msk)	1.0	msk	2.0	2.0	msk		0
288061	Kesokaka med kardemumma och hallon	vaniljsocker (1 msk)	1.0	msk	0.25	0.25	msk		0
288061	Kesokaka med kardemumma och hallon	kardemumma (1 tsk)	1.0	tsk	1.0	1.0	tsk		0
288061	Kesokaka med kardemumma och hallon	havregryn (1 dl)	1.0	dl	1.0	1.0	dl		1
288061	Kesokaka med kardemumma och hallon	bakpulver (1 tsk)	1.0	tsk	1.0	1.0	tsk		0
288061	Kesokaka med kardemumma och hallon	färska hallon (1 dl)	1.0	dl	1.5	1.5	dl		1
288054	Äggröra med avokado och granatäpple	ägg (1 st)	1.0	st	2.0	2.0	st		1
288054	Äggröra med avokado och granatäpple	salt och svartpeppar	None	None	None	None	None		0
288054	Äggröra med avokado och granatäpple	smör (1 tsk)	1.0	tsk	1.0	1.0	tsk		0
288054	Äggröra med avokado och granatäpple	avokado (1 st)	1.0	st	0.5	0.5	st		1
288054	Äggröra med avokado och granatäpple	granatäppelkärnor (1 dl)	1.0	dl	0.5	0.5	dl		1
288054	Äggröra med avokado och granatäpple	färsk mynta (1 kvist)	1.0	kvist	1.0	1.0	kvist		0
288052	Overnightoats med banan och bär	havregryn (1 dl)	1.0	dl	1.0	1.0	dl		1
288052	Overnightoats med banan och bär	grekisk yoghurt (1 dl)	1.0	dl	0.5	0.5	dl		0
288052	Overnightoats med banan och bär	mjölk (1 dl)	1.0	dl	1.5	1.5	dl		0
288052	Overnightoats med banan och bär	solrosfrön (1 msk)	1.0	msk	1.0	1.0	msk		1
288052	Overnightoats med banan och bär	agavesirap (1 msk)	1.0	msk	0.5	0.5	msk		0
288052	Overnightoats med banan och bär	salt (1 krm)	1.0	krm	1.0	1.0	krm		0
288052	Overnightoats med banan och bär	vaniljpulver (1 tsk)	1.0	tsk	2.0	2.0	tsk		0
288052	Overnightoats med banan och bär	banan (1 st)	1.0	st	0.25	0.25	st		0
288052	Overnightoats med banan och bär	färsk mango (1 st)	1.0	st	0.25	0.25	st		0
288052	Overnightoats med banan och bär	färska jordgubbar (1 st)	1.0	st	2.0	2.0	st		0
288052	Overnightoats med banan och bär	färska hallon (1 dl)	1.0	dl	0.5	0.5	dl		0
288052	Overnightoats med banan och bär	färska blåbär (1 dl)	1.0	dl	0.5	0.5	dl		1
288052	Overnightoats med banan och bär	färsk mynta (1 msk)	1.0	msk	1.0	1.0	msk		0
288050	Energisjuice	apelsin (1 st)	1.0	st	1.0	1.0	st		0
288050	Energisjuice	kiwi (1 st)	1.0	st	1.0	1.0	st		1
288050	Energisjuice	gurka (1 st)	1.0	st	0.25	0.25	st		0
288050	Energisjuice	bladselleri (1 stjälkar)	1.0	stjälkar	1.0	1.0	stjälkar		1
288050	Energisjuice	lime (1 st)	1.0	st	0.5	0.5	st		0
288050	Energisjuice	färsk ingefära (1 tsk)	1.0	tsk	1.0	1.0	tsk		1
288050	Energisjuice	Isbitar (1 st)	1.0	st	4.0	4.0	st		0
288048	Frukostmuffin med ägg	frukostmuffin (1 st)	1.0	st	1.0	1.0	st		1
288048	Frukostmuffin med ägg	salladsblad (1 st)	1.0	st	1.0	1.0	st		1
288048	Frukostmuffin med ägg	kokt ägg (1 st)	1.0	st	1.0	1.0	st		1
288048	Frukostmuffin med ägg	majonäs (1 msk)	1.0	msk	0.5	0.5	msk		0
288046	Frukostmuffin med färskost och bär	frukostmuffin (1 st)	1.0	st	1.0	1.0	st		0
288046	Frukostmuffin med färskost och bär	philadelphiaost (1 msk)	1.0	msk	1.0	1.0	msk		1
288046	Frukostmuffin med färskost och bär	färska jordgubbar (1 st)	1.0	st	2.0	2.0	st		1
288046	Frukostmuffin med färskost och bär	färska blåbär (1 dl)	1.0	dl	1.0	1.0	dl		1
288043	Frukostmuffins	havregryn (1 dl)	1.0	dl	3.0	3.0	dl		1
288043	Frukostmuffins	mandelmjöl (1 dl)	1.0	dl	3.0	3.0	dl		0
288043	Frukostmuffins	pumpakärnor (1 dl)	1.0	dl	1.0	1.0	dl		1
288043	Frukostmuffins	bakpulver (1 tsk)	1.0	tsk	2.0	2.0	tsk		0
288043	Frukostmuffins	salt (1 tsk)	1.0	tsk	1.0	1.0	tsk		0
288043	Frukostmuffins	grekisk yoghurt (1 dl)	1.0	dl	2.5	2.5	dl		1
288043	Frukostmuffins	rapsolja (1 dl)	1.0	dl	0.5	0.5	dl		0
288043	Frukostmuffins	mjölk (1 dl)	1.0	dl	1.0	1.0	dl		0
288043	Frukostmuffins	ägg (1 st)	1.0	st	2.0	2.0	st		0
288043	Frukostmuffins	solrosfrön (1 dl)	1.0	dl	0.5	0.5	dl		0
288041	Omelett med jordgubbar och pistagenötter	ägg (1 st)	1.0	st	2.0	2.0	st		1
288041	Omelett med jordgubbar och pistagenötter	salt och svartpeppar	None	None	None	None	None		0
288041	Omelett med jordgubbar och pistagenötter	smör (1 tsk)	1.0	tsk	1.0	1.0	tsk		0
288041	Omelett med jordgubbar och pistagenötter	färska jordgubbar (1 st)	1.0	st	3.0	3.0	st		1
288041	Omelett med jordgubbar och pistagenötter	pistagenötter (1 msk)	1.0	msk	1.0	1.0	msk		1
288041	Omelett med jordgubbar och pistagenötter	färsk mynta (1 kvist)	1.0	kvist	1.0	1.0	kvist		0
288039	Tropisk chiapudding	chiafrön (1 msk)	1.0	msk	2.0	2.0	msk		1
288039	Tropisk chiapudding	mandelmjölk (1 dl)	1.0	dl	2.0	2.0	dl		0
288039	Tropisk chiapudding	vaniljpulver (1 tsk)	1.0	tsk	0.5	0.5	tsk		0
288039	Tropisk chiapudding	flytande honung (1 tsk)	1.0	tsk	1.0	1.0	tsk		0
288039	Tropisk chiapudding	färsk mango (1 st)	1.0	st	0.25	0.25	st		1
288039	Tropisk chiapudding	kiwi (1 st)	1.0	st	0.5	0.5	st		1
288039	Tropisk chiapudding	färska hallon (1 st)	1.0	st	1.0	1.0	st		0
288033	Äggröra med avokado	ägg (1 st)	1.0	st	2.0	2.0	st		1
288033	Äggröra med avokado	grädde (1 msk)	1.0	msk	1.0	1.0	msk		0
288033	Äggröra med avokado	salt och svartpeppar	None	None	None	None	None		0
288033	Äggröra med avokado	avokado (1 st)	1.0	st	1.0	1.0	st		1
288033	Äggröra med avokado	granatäppelkärnor (1 msk)	1.0	msk	2.0	2.0	msk		1
288033	Äggröra med avokado	böngroddar (1 dl)	1.0	dl	0.5	0.5	dl		0
288033	Äggröra med avokado	furikake fröblandning (1 tsk)	1.0	tsk	1.0	1.0	tsk		0
288031	Keso med grapefrukt	keso (100 g)	100.0	g	1.25	125.0	g		1
288031	Keso med grapefrukt	grapefrukt (1 st)	1.0	st	0.5	0.5	st		1
288031	Keso med grapefrukt	mandelspån (1 msk)	1.0	msk	2.0	2.0	msk		1
288029	Tropisk chiafrögröt	chiafrön (1 msk)	1.0	msk	2.0	2.0	msk		1
288029	Tropisk chiafrögröt	havremjölk (1 dl)	1.0	dl	1.5	1.5	dl		0
288029	Tropisk chiafrögröt	färsk mango (1 st)	1.0	st	0.25	0.25	st		1
288029	Tropisk chiafrögröt	färsk ingefära (1 msk)	1.0	msk	0.5	0.5	msk		1
288029	Tropisk chiafrögröt	kokosskivor (1 msk)	1.0	msk	2.0	2.0	msk		0
288029	Tropisk chiafrögröt	vaniljpulver (1 krm)	1.0	krm	1.0	1.0	krm		0
288029	Tropisk chiafrögröt	sesamfrön (1 msk)	1.0	msk	0.5	0.5	msk		0
288029	Tropisk chiafrögröt	granatäppelkärnor (1 msk)	1.0	msk	1.0	1.0	msk		0
288027	Grekisk yoghurt med bovetemüsli	grekisk yoghurt (1 dl)	1.0	dl	1.0	1.0	dl		1
288027	Grekisk yoghurt med bovetemüsli	bovetemüsli med dadelsirap och nyponskal (1 dl)	1.0	dl	0.75	0.75	dl		1
288027	Grekisk yoghurt med bovetemüsli	färska björnbär (1 dl)	1.0	dl	0.5	0.5	dl		1
288025	Bovetemüsli med dadelsirap och nyponskal	hel bovete (100 g)	100.0	g	3.0	300.0	g		1
288025	Bovetemüsli med dadelsirap och nyponskal	linfrön (1 dl)	1.0	dl	0.5	0.5	dl		1
288025	Bovetemüsli med dadelsirap och nyponskal	solrosfrön (1 dl)	1.0	dl	1.0	1.0	dl		0
288025	Bovetemüsli med dadelsirap och nyponskal	paranötter (1 dl)	1.0	dl	1.0	1.0	dl		0
288025	Bovetemüsli med dadelsirap och nyponskal	pekannötter (1 dl)	1.0	dl	1.0	1.0	dl		0
288025	Bovetemüsli med dadelsirap och nyponskal	dadelsirap (1 msk)	1.0	msk	3.0	3.0	msk		0
288025	Bovetemüsli med dadelsirap och nyponskal	salt (1 krm)	1.0	krm	1.0	1.0	krm		0
288025	Bovetemüsli med dadelsirap och nyponskal	kanel (1 krm)	1.0	krm	1.0	1.0	krm		0
288025	Bovetemüsli med dadelsirap och nyponskal	vatten (1 dl)	1.0	dl	0.5	0.5	dl		0
288025	Bovetemüsli med dadelsirap och nyponskal	rapsolja (1 msk)	1.0	msk	2.0	2.0	msk		0
288025	Bovetemüsli med dadelsirap och nyponskal	gula russin (1 dl)	1.0	dl	1.0	1.0	dl		0
288025	Bovetemüsli med dadelsirap och nyponskal	nyponskal (1 dl)	1.0	dl	1.0	1.0	dl		1
288023	Rödbetssmoothie	apelsin (1 st)	1.0	st	1.0	1.0	st		1
288023	Rödbetssmoothie	rödkål (100 g)	100.0	g	1.5	150.0	g		1
288023	Rödbetssmoothie	färsk ingefära (1 msk)	1.0	msk	2.0	2.0	msk		0
288023	Rödbetssmoothie	rödbetsjuice (1 dl)	1.0	dl	6.0	6.0	dl		1
286982	Rödbetsjuice	rödbetor (1 kg)	1.0	kg	1.0	1.0	kg		1
286982	Rödbetsjuice	citron (1 st)	1.0	st	1.0	1.0	st		1
286982	Rödbetsjuice	färsk ingefära (1 msk)	1.0	msk	2.0	2.0	msk		1
288017	Grönkålsdrink	grönkål (100 g)	100.0	g	0.25	25.0	g		1
288017	Grönkålsdrink	selleristjälk (1 st)	1.0	st	2.0	2.0	st		1
288017	Grönkålsdrink	gurka (1 st)	1.0	st	0.5	0.5	st		0
288017	Grönkålsdrink	papaya (1 st)	1.0	st	0.25	0.25	st		0
288017	Grönkålsdrink	apelsin (1 st)	1.0	st	1.0	1.0	st		0
288017	Grönkålsdrink	fryst mango (1 dl)	1.0	dl	2.0	2.0	dl		0
288017	Grönkålsdrink	färsk ingefära (1 msk)	1.0	msk	1.0	1.0	msk		1
288017	Grönkålsdrink	citron (1 st)	1.0	st	0.5	0.5	st		0
288017	Grönkålsdrink	vatten (1 dl)	1.0	dl	3.0	3.0	dl		0
288015	Ägg i paprika	paprikaringar (1 st)	1.0	st	2.0	2.0	st		0
288015	Ägg i paprika	smör (1 tsk)	1.0	tsk	1.0	1.0	tsk		0
288015	Ägg i paprika	ägg (1 st)	1.0	st	2.0	2.0	st		1
288015	Ägg i paprika	salt och svartpeppar	None	None	None	None	None		0
288015	Ägg i paprika	spenat (1 dl)	1.0	dl	2.0	2.0	dl		1
288013	Yoghurt med kiwi och mandel	grekisk yoghurt (1 dl)	1.0	dl	1.0	1.0	dl		1
288013	Yoghurt med kiwi och mandel	kiwi (1 st)	1.0	st	1.0	1.0	st		1
288013	Yoghurt med kiwi och mandel	mandlar (1 st)	1.0	st	6.0	6.0	st		1
288009	Keso- och havrefrallor med tranbär	havregryn (1 dl)	1.0	dl	4.0	4.0	dl		1
288009	Keso- och havrefrallor med tranbär	keso (1 dl)	1.0	dl	2.0	2.0	dl		1
288009	Keso- och havrefrallor med tranbär	solrosfrön (1 dl)	1.0	dl	1.0	1.0	dl		0
288009	Keso- och havrefrallor med tranbär	torkade tranbär (1 dl)	1.0	dl	1.0	1.0	dl		0
288009	Keso- och havrefrallor med tranbär	bakpulver (1 tsk)	1.0	tsk	1.0	1.0	tsk		0
288009	Keso- och havrefrallor med tranbär	salt (1 krm)	1.0	krm	1.0	1.0	krm		0
288009	Keso- och havrefrallor med tranbär	ägg (1 st)	1.0	st	2.0	2.0	st		0
288009	Keso- och havrefrallor med tranbär	pumpafrön (1 dl)	1.0	dl	0.5	0.5	dl		1
288004	Yoghurt med äppelgranola	grekisk yoghurt (1 dl)	1.0	dl	1.0	1.0	dl		1
288004	Yoghurt med äppelgranola	äppelgranola (1 dl)	1.0	dl	0.75	0.75	dl		1
288004	Yoghurt med äppelgranola	äpple (1 st)	1.0	st	0.25	0.25	st		1
288000	Äppelgranola	äpple (1 st)	1.0	st	1.5	1.5	st		1
288000	Äppelgranola	havregryn (1 dl)	1.0	dl	5.0	5.0	dl		0
288000	Äppelgranola	solrosfrön (1 dl)	1.0	dl	1.0	1.0	dl		0
288000	Äppelgranola	linfrön (1 dl)	1.0	dl	0.5	0.5	dl		1
288000	Äppelgranola	paranötter (1 dl)	1.0	dl	1.0	1.0	dl		0
288000	Äppelgranola	valnötter (1 dl)	1.0	dl	1.0	1.0	dl		1
288000	Äppelgranola	salt (1 nypa)	1.0	nypa	1.0	1.0	nypa		0
288000	Äppelgranola	flytande honung (1 msk)	1.0	msk	1.0	1.0	msk		0
288000	Äppelgranola	vatten (1 dl)	1.0	dl	0.5	0.5	dl		0
288000	Äppelgranola	rapsolja (1 msk)	1.0	msk	2.0	2.0	msk		0
287997	Yoghurt med vaniljgranola och bär	grekisk yoghurt (1 dl)	1.0	dl	1.0	1.0	dl		1
287997	Yoghurt med vaniljgranola och bär	vaniljgranola med nötter och kokos (1 dl)	1.0	dl	1.0	1.0	dl		1
287997	Yoghurt med vaniljgranola och bär	färska hallon (1 dl)	1.0	dl	0.5	0.5	dl		0
287997	Yoghurt med vaniljgranola och bär	färska blåbär (1 dl)	1.0	dl	0.5	0.5	dl		1
287995	Vaniljgranola med nötter och kokos	havregryn (1 dl)	1.0	dl	5.0	5.0	dl		1
287995	Vaniljgranola med nötter och kokos	solrosfrön (1 dl)	1.0	dl	1.0	1.0	dl		0
287995	Vaniljgranola med nötter och kokos	cashewnötter (1 dl)	1.0	dl	2.0	2.0	dl		1
287995	Vaniljgranola med nötter och kokos	pekannötter (1 dl)	1.0	dl	2.0	2.0	dl		1
287995	Vaniljgranola med nötter och kokos	vaniljpulver (1 tsk)	1.0	tsk	2.0	2.0	tsk		0
287995	Vaniljgranola med nötter och kokos	salt (1 nypa)	1.0	nypa	1.0	1.0	nypa		0
287995	Vaniljgranola med nötter och kokos	rapsolja (1 msk)	1.0	msk	2.0	2.0	msk		0
287995	Vaniljgranola med nötter och kokos	fiberhonung Nicks (1 msk)	1.0	msk	1.0	1.0	msk		0
287995	Vaniljgranola med nötter och kokos	vatten (1 dl)	1.0	dl	0.5	0.5	dl		0
287995	Vaniljgranola med nötter och kokos	kokosskivor (1 dl)	1.0	dl	1.0	1.0	dl		0
286980	Morotsjuice	morötter (1 kg)	1.0	kg	1.0	1.0	kg		1
286980	Morotsjuice	äpple (1 st)	1.0	st	1.0	1.0	st		0
286980	Morotsjuice	apelsin (1 st)	1.0	st	1.0	1.0	st		1
286980	Morotsjuice	färsk ingefära (1 msk)	1.0	msk	2.0	2.0	msk		0
287993	Mandarin med kanelkräm	mandarin (1 st)	1.0	st	1.5	1.5	st		1
287993	Mandarin med kanelkräm	kokosgrädde (1 msk)	1.0	msk	1.0	1.0	msk		0
287993	Mandarin med kanelkräm	agavesirap (1 tsk)	1.0	tsk	0.5	0.5	tsk		0
287993	Mandarin med kanelkräm	kanel (1 krm)	1.0	krm	0.5	0.5	krm		1
287993	Mandarin med kanelkräm	rostade mandelspån (1 msk)	1.0	msk	1.0	1.0	msk		0
287991	Inkokta päron med chokladcréme och mandlar	päron (1 st)	1.0	st	2.0	2.0	st		1
287991	Inkokta päron med chokladcréme och mandlar	mörk choklad (100 g)	100.0	g	0.4	40.0	g		1
287991	Inkokta päron med chokladcréme och mandlar	grädde (1 msk)	1.0	msk	1.0	1.0	msk		0
287991	Inkokta päron med chokladcréme och mandlar	vatten (1 msk)	1.0	msk	1.0	1.0	msk		0
287991	Inkokta päron med chokladcréme och mandlar	mandelspån (1 msk)	1.0	msk	3.0	3.0	msk		0
287989	Snickersmuffins	smör (100 g)	100.0	g	1.0	100.0	g		0
287989	Snickersmuffins	mandelmjöl (1 dl)	1.0	dl	2.5	2.5	dl		1
287989	Snickersmuffins	sötströ (1 dl)	1.0	dl	0.5	0.5	dl		0
287989	Snickersmuffins	bakpulver (1 tsk)	1.0	tsk	1.0	1.0	tsk		0
287989	Snickersmuffins	kakao (1 tsk)	1.0	tsk	2.0	2.0	tsk		1
287989	Snickersmuffins	ägg (1 st)	1.0	st	2.0	2.0	st		0
287989	Snickersmuffins	muffinsformar (1 st)	1.0	st	6.0	6.0	st		0
287989	Snickersmuffins	jordnötssmör (1 msk)	1.0	msk	2.0	2.0	msk		1
287989	Snickersmuffins	chokladknappar (1 msk)	1.0	msk	2.0	2.0	msk		0
287989	Snickersmuffins	saltade jordnötter (1 msk)	1.0	msk	3.0	3.0	msk		0
287802	Mandelkaka med med choklad	smör (100 g)	100.0	g	2.0	200.0	g		0
287802	Mandelkaka med med choklad	mandelmjöl (1 dl)	1.0	dl	4.0	4.0	dl		1
287802	Mandelkaka med med choklad	agavesirap (1 dl)	1.0	dl	0.5	0.5	dl		0
287802	Mandelkaka med med choklad	bakpulver (1 tsk)	1.0	tsk	1.2	1.2	tsk		0
287802	Mandelkaka med med choklad	vaniljpulver (1 tsk)	1.0	tsk	0.5	0.5	tsk		0
287802	Mandelkaka med med choklad	kakaopulver (1 msk)	1.0	msk	2.0	2.0	msk		1
287802	Mandelkaka med med choklad	ägg (1 st)	1.0	st	4.0	4.0	st		0
287802	Mandelkaka med med choklad	salt (1 krm)	1.0	krm	0.5	0.5	krm		0
287802	Mandelkaka med med choklad	mörka chokladknappar (100 g)	100.0	g	0.75	75.0	g		0
287802	Mandelkaka med med choklad	färska hallon (100 g)	100.0	g	1.5	150.0	g		1
287800	Hamburgare med grekisk sallad	hamburgare (1 st)	1.0	st	4.0	4.0	st		0
287800	Hamburgare med grekisk sallad	salt och svartpeppar	None	None	None	None	None		0
287800	Hamburgare med grekisk sallad	paprikapulver (1 krm)	1.0	krm	1.0	1.0	krm		0
287800	Hamburgare med grekisk sallad	smör (1 msk)	1.0	msk	0.5	0.5	msk		0
287800	Hamburgare med grekisk sallad	paprika (1 st)	1.0	st	0.5	0.5	st		0
287800	Hamburgare med grekisk sallad	rödlök (1 st)	1.0	st	0.5	0.5	st		0
287800	Hamburgare med grekisk sallad	tomat (1 st)	1.0	st	1.0	1.0	st		0
287800	Hamburgare med grekisk sallad	gurka (1 st)	1.0	st	0.25	0.25	st		0
287800	Hamburgare med grekisk sallad	färsk persilja (1 msk)	1.0	msk	2.0	2.0	msk		1
287800	Hamburgare med grekisk sallad	olivolja (1 tsk)	1.0	tsk	1.0	1.0	tsk		0
287800	Hamburgare med grekisk sallad	torkade örter (1 tsk)	1.0	tsk	0.5	0.5	tsk		0
287800	Hamburgare med grekisk sallad	machesallad (100 g)	100.0	g	0.2	20.0	g		0
287800	Hamburgare med grekisk sallad	fetaost (100 g)	100.0	g	0.5	50.0	g		0
287800	Hamburgare med grekisk sallad	granatäpple (1 st)	1.0	st	0.5	0.5	st		1
287800	Hamburgare med grekisk sallad	färsk persilja (1 kvistar)	1.0	kvistar	2.0	2.0	kvistar		0
287800	Hamburgare med grekisk sallad	solrosfrön (1 msk)	1.0	msk	3.0	3.0	msk		1
287800	Hamburgare med grekisk sallad	flytande honung (1 krm)	1.0	krm	1.0	1.0	krm		0
287800	Hamburgare med grekisk sallad	salt (1 nypa)	1.0	nypa	1.0	1.0	nypa		0
287800	Hamburgare med grekisk sallad	citronklyftor (1 st)	1.0	st	2.0	2.0	st		0
287798	Stek torsk med bearnaisesås och haricot verts	olivolja (1 tsk)	1.0	tsk	1.0	1.0	tsk		0
287798	Stek torsk med bearnaisesås och haricot verts	torskfile (100 g)	100.0	g	4.0	400.0	g		1
287798	Stek torsk med bearnaisesås och haricot verts	salt och svartpeppar	None	None	None	None	None		0
287798	Stek torsk med bearnaisesås och haricot verts	vatten (1 dl)	1.0	dl	0.75	0.75	dl		0
287798	Stek torsk med bearnaisesås och haricot verts	haricots verts (100 g)	100.0	g	2.0	200.0	g		1
287798	Stek torsk med bearnaisesås och haricot verts	bearnaisesås (1 msk)	1.0	msk	2.0	2.0	msk		0
287798	Stek torsk med bearnaisesås och haricot verts	färsk persilja (1 kvistar)	1.0	kvistar	2.0	2.0	kvistar		0
287798	Stek torsk med bearnaisesås och haricot verts	citronklyftor (1 st)	1.0	st	2.0	2.0	st		1
287796	Lax med quinoasallad och grapefrukt	vit quinoa (1 dl)	1.0	dl	1.0	1.0	dl		1
287796	Lax med quinoasallad och grapefrukt	frysta ärtor (100 g)	100.0	g	0.5	50.0	g		0
287796	Lax med quinoasallad och grapefrukt	grapefrukt (1 st)	1.0	st	0.5	0.5	st		1
287796	Lax med quinoasallad och grapefrukt	purjolök (1 st)	1.0	st	0.25	0.25	st		0
287796	Lax med quinoasallad och grapefrukt	bladspenat (100 g)	100.0	g	0.4	40.0	g		0
287796	Lax med quinoasallad och grapefrukt	olivolja (1 tsk)	1.0	tsk	2.0	2.0	tsk		0
287796	Lax med quinoasallad och grapefrukt	vit balsamico (1 tsk)	1.0	tsk	2.0	2.0	tsk		0
287796	Lax med quinoasallad och grapefrukt	salt och svartpeppar	None	None	None	None	None		0
287796	Lax med quinoasallad och grapefrukt	laxfilé (100 g)	100.0	g	3.0	300.0	g		1
287796	Lax med quinoasallad och grapefrukt	grekisk yoghurt (1 dl)	1.0	dl	0.75	0.75	dl		0
287796	Lax med quinoasallad och grapefrukt	mango chutney (1 msk)	1.0	msk	1.5	1.5	msk		0
287796	Lax med quinoasallad och grapefrukt	färsk gräslök (1 msk)	1.0	msk	1.0	1.0	msk		0
287794	Asiatisk kycklingfärs med grönkål	paprika (1 st)	1.0	st	0.75	0.75	st		0
287794	Asiatisk kycklingfärs med grönkål	purjolök (1 cm)	1.0	cm	5.0	5.0	cm		0
287794	Asiatisk kycklingfärs med grönkål	grönkålsblad (1 st)	1.0	st	2.0	2.0	st		1
287794	Asiatisk kycklingfärs med grönkål	morot (1 st)	1.0	st	0.5	0.5	st		0
287794	Asiatisk kycklingfärs med grönkål	vitlök (1 klyfta)	1.0	klyfta	0.5	0.5	klyfta		0
287794	Asiatisk kycklingfärs med grönkål	färsk ingefära (1 tsk)	1.0	tsk	1.0	1.0	tsk		1
287794	Asiatisk kycklingfärs med grönkål	olivolja (1 tsk)	1.0	tsk	1.0	1.0	tsk		0
287794	Asiatisk kycklingfärs med grönkål	kycklingfärs (100 g)	100.0	g	3.0	300.0	g		0
287794	Asiatisk kycklingfärs med grönkål	salt och svartpeppar	None	None	None	None	None		0
287794	Asiatisk kycklingfärs med grönkål	teriyakisås (1 msk)	1.0	msk	2.0	2.0	msk		0
287794	Asiatisk kycklingfärs med grönkål	färsk koriander (1 msk)	1.0	msk	1.0	1.0	msk		0
287794	Asiatisk kycklingfärs med grönkål	granatäppelkärnor (1 msk)	1.0	msk	1.0	1.0	msk		1
287792	Kycklingfärsbiffar med vitlöksost	kycklingfärs (100 g)	100.0	g	3.0	300.0	g		1
287792	Kycklingfärsbiffar med vitlöksost	rödlök (1 st)	1.0	st	0.5	0.5	st		0
287792	Kycklingfärsbiffar med vitlöksost	vitlök (1 klyfta)	1.0	klyfta	1.0	1.0	klyfta		0
287792	Kycklingfärsbiffar med vitlöksost	örtagårdskrydda (1 tsk)	1.0	tsk	0.5	0.5	tsk		0
287792	Kycklingfärsbiffar med vitlöksost	salt och svartpeppar	None	None	None	None	None		0
287792	Kycklingfärsbiffar med vitlöksost	färskost med vitlök (100 g)	100.0	g	0.75	75.0	g		0
287792	Kycklingfärsbiffar med vitlöksost	pinjenötter (1 msk)	1.0	msk	2.0	2.0	msk		1
287792	Kycklingfärsbiffar med vitlöksost	körsbärstomater (100 g)	100.0	g	1.5	150.0	g		1
287792	Kycklingfärsbiffar med vitlöksost	salladskrydda (1 krm)	1.0	krm	1.0	1.0	krm		0
287792	Kycklingfärsbiffar med vitlöksost	olivolja (1 msk)	1.0	msk	0.5	0.5	msk		0
287792	Kycklingfärsbiffar med vitlöksost	balsamvinäger (1 msk)	1.0	msk	0.5	0.5	msk		0
287792	Kycklingfärsbiffar med vitlöksost	färsk timjan (1 msk)	1.0	msk	2.0	2.0	msk		0
287792	Kycklingfärsbiffar med vitlöksost	rucola (100 g)	100.0	g	0.2	20.0	g		0
287790	Varma grönsaker med halloumi	paprika (1 st)	1.0	st	0.5	0.5	st		0
287790	Varma grönsaker med halloumi	broccoli (100 g)	100.0	g	1.0	100.0	g		1
287790	Varma grönsaker med halloumi	squash (1 st)	1.0	st	0.25	0.25	st		0
287790	Varma grönsaker med halloumi	rödlök (1 st)	1.0	st	0.5	0.5	st		0
287790	Varma grönsaker med halloumi	halloumi (100 g)	100.0	g	1.5	150.0	g		1
287790	Varma grönsaker med halloumi	vitlök (1 klyfta)	1.0	klyfta	0.5	0.5	klyfta		0
287790	Varma grönsaker med halloumi	olivolja (1 tsk)	1.0	tsk	1.0	1.0	tsk		0
287790	Varma grönsaker med halloumi	cocktailtomater (1 st)	1.0	st	6.0	6.0	st		0
287790	Varma grönsaker med halloumi	salt och svartpeppar	None	None	None	None	None		0
287790	Varma grönsaker med halloumi	örtagårdskrydda (1 krm)	1.0	krm	1.0	1.0	krm		0
287790	Varma grönsaker med halloumi	solrosfrön (1 msk)	1.0	msk	2.0	2.0	msk		1
287790	Varma grönsaker med halloumi	färsk persilja (1 msk)	1.0	msk	1.0	1.0	msk		0
287788	Ägghack med kallrökt lax	ägg (1 st)	1.0	st	1.0	1.0	st		1
287788	Ägghack med kallrökt lax	majonäs (1 msk)	1.0	msk	1.0	1.0	msk		0
287788	Ägghack med kallrökt lax	purjolök (1 msk)	1.0	msk	0.5	0.5	msk		1
287788	Ägghack med kallrökt lax	salt och svartpeppar	None	None	None	None	None		0
287788	Ägghack med kallrökt lax	kallrökt lax (100 g)	100.0	g	0.5	50.0	g		1
287788	Ägghack med kallrökt lax	gurka (1 cm)	1.0	cm	2.0	2.0	cm		0
287788	Ägghack med kallrökt lax	hjärtsalladsblad (1 st)	1.0	st	2.0	2.0	st		0
287786	Yoghurt med bovetegranola och bär	grekisk yoghurt (1 dl)	1.0	dl	1.0	1.0	dl		1
287786	Yoghurt med bovetegranola och bär	bovetegranola (1 portion)	1.0	portion	1.0	1.0	portion		1
287786	Yoghurt med bovetegranola och bär	färska hallon (1 dl)	1.0	dl	0.5	0.5	dl		0
287786	Yoghurt med bovetegranola och bär	färska blåbär (1 dl)	1.0	dl	0.5	0.5	dl		1
287784	Varm chiagröt med äpple	havregryn (1 msk)	1.0	msk	4.0	4.0	msk		1
287784	Varm chiagröt med äpple	vatten (1 dl)	1.0	dl	1.0	1.0	dl		0
287784	Varm chiagröt med äpple	salt (1 krm)	1.0	krm	0.5	0.5	krm		0
287784	Varm chiagröt med äpple	chiafrön (1 msk)	1.0	msk	1.0	1.0	msk		1
287784	Varm chiagröt med äpple	havremjölk (1 dl)	1.0	dl	1.0	1.0	dl		0
287784	Varm chiagröt med äpple	kanel (1 krm)	1.0	krm	1.0	1.0	krm		0
287784	Varm chiagröt med äpple	äpple (1 st)	1.0	st	0.5	0.5	st		1
287784	Varm chiagröt med äpple	russin (1 msk)	1.0	msk	1.0	1.0	msk		0
287784	Varm chiagröt med äpple	hampafrön (1 krm)	1.0	krm	1.0	1.0	krm		0
287784	Varm chiagröt med äpple	havremjölk (1 msk)	1.0	msk	1.0	1.0	msk		0
287782	Smoothiebowl med blåbär och granola	frysta blåbär (1 dl)	1.0	dl	2.0	2.0	dl		1
287782	Smoothiebowl med blåbär och granola	banan (1 st)	1.0	st	0.5	0.5	st		0
287782	Smoothiebowl med blåbär och granola	havregryn (1 dl)	1.0	dl	0.5	0.5	dl		1
287782	Smoothiebowl med blåbär och granola	grekisk yoghurt (1 dl)	1.0	dl	1.0	1.0	dl		1
287782	Smoothiebowl med blåbär och granola	agavesirap (1 msk)	1.0	msk	0.5	0.5	msk		0
287782	Smoothiebowl med blåbär och granola	färska hallon (1 dl)	1.0	dl	0.5	0.5	dl		0
287782	Smoothiebowl med blåbär och granola	färska blåbär (1 dl)	1.0	dl	0.5	0.5	dl		0
287782	Smoothiebowl med blåbär och granola	bovetegranola (1 msk)	1.0	msk	3.0	3.0	msk		0
287782	Smoothiebowl med blåbär och granola	jordnötssmör (1 msk)	1.0	msk	0.5	0.5	msk		0
287782	Smoothiebowl med blåbär och granola	granatäppelkärnor (1 msk)	1.0	msk	1.0	1.0	msk		0
287782	Smoothiebowl med blåbär och granola	färsk mynta (1 kvist)	1.0	kvist	1.0	1.0	kvist		0
287704	Kokta ägg med kaviar	ägg (1 st)	1.0	st	2.0	2.0	st		1
287704	Kokta ägg med kaviar	kaviar (1 msk)	1.0	msk	1.0	1.0	msk		0
287775	Gino	banan (1 st)	1.0	st	1.0	1.0	st		1
287775	Gino	kiwi (1 st)	1.0	st	1.0	1.0	st		1
287775	Gino	färska jordgubbar (1 st)	1.0	st	10.0	10.0	st		0
287775	Gino	färska blåbär (1 dl)	1.0	dl	2.0	2.0	dl		1
287775	Gino	vit choklad (10 g)	10.0	g	5.0	50.0	g		0
287773	Nötgryta med rotfrukter	gul lök (1 st)	1.0	st	1.0	1.0	st		0
287773	Nötgryta med rotfrukter	vitlök (1 klyfta)	1.0	klyfta	1.0	1.0	klyfta		1
287773	Nötgryta med rotfrukter	palsternacka (1 st)	1.0	st	1.0	1.0	st		1
287773	Nötgryta med rotfrukter	rättika (1 st)	1.0	st	0.5	0.5	st		0
287773	Nötgryta med rotfrukter	morötter (1 st)	1.0	st	2.0	2.0	st		1
287773	Nötgryta med rotfrukter	grytbitar av nötkött (100 g)	100.0	g	7.0	700.0	g		0
287773	Nötgryta med rotfrukter	smör (1 msk)	1.0	msk	0.5	0.5	msk		0
287773	Nötgryta med rotfrukter	curry (1 msk)	1.0	msk	1.0	1.0	msk		0
287773	Nötgryta med rotfrukter	salt och svartpeppar	None	None	None	None	None		0
287773	Nötgryta med rotfrukter	ketjap manis (1 msk)	1.0	msk	1.0	1.0	msk		0
287773	Nötgryta med rotfrukter	vatten (1 dl)	1.0	dl	7.0	7.0	dl		0
287773	Nötgryta med rotfrukter	köttbuljongtärning (1 st)	1.0	st	1.0	1.0	st		0
287773	Nötgryta med rotfrukter	färsk persilja (1 msk)	1.0	msk	2.0	2.0	msk		0
287773	Nötgryta med rotfrukter	grekisk yoghurt (1 dl)	1.0	dl	2.0	2.0	dl		0
287773	Nötgryta med rotfrukter	färsk persilja (1 kvistar)	1.0	kvistar	4.0	4.0	kvistar		0
287771	Köttfärslimpa med tomat	gul lök (1 st)	1.0	st	1.0	1.0	st		0
287771	Köttfärslimpa med tomat	vitlök (1 klyfta)	1.0	klyfta	1.0	1.0	klyfta		1
287771	Köttfärslimpa med tomat	olivolja (1 tsk)	1.0	tsk	1.0	1.0	tsk		0
287771	Köttfärslimpa med tomat	krossade tomater (100 g)	100.0	g	4.0	400.0	g		0
287771	Köttfärslimpa med tomat	flytande honung (1 tsk)	1.0	tsk	1.0	1.0	tsk		0
287771	Köttfärslimpa med tomat	salt och svartpeppar	None	None	None	None	None		0
287771	Köttfärslimpa med tomat	torkade örter (1 tsk)	1.0	tsk	1.0	1.0	tsk		0
287771	Köttfärslimpa med tomat	srirachasås (1 tsk)	1.0	tsk	1.0	1.0	tsk		0
287771	Köttfärslimpa med tomat	nötfärs (100 g)	100.0	g	6.0	600.0	g		1
287771	Köttfärslimpa med tomat	färsk persilja (1 msk)	1.0	msk	2.0	2.0	msk		1
287771	Köttfärslimpa med tomat	mozzarella (100 g)	100.0	g	1.25	125.0	g		0
287771	Köttfärslimpa med tomat	färska champinjoner (1 st)	1.0	st	10.0	10.0	st		0
287771	Köttfärslimpa med tomat	olivolja (1 msk)	1.0	msk	0.5	0.5	msk		0
287771	Köttfärslimpa med tomat	crumbs glutenfritt ströbröd (1 msk)	1.0	msk	3.0	3.0	msk		0
287771	Köttfärslimpa med tomat	rucola (100 g)	100.0	g	0.4	40.0	g		0
287771	Köttfärslimpa med tomat	färsk persilja (1 kvistar)	1.0	kvistar	2.0	2.0	kvistar		0
287769	Quinoasallad med scampi och mango	vit quinoa (1 dl)	1.0	dl	1.0	1.0	dl		1
287769	Quinoasallad med scampi och mango	röd chili (1 st)	1.0	st	0.5	0.5	st		0
287769	Quinoasallad med scampi och mango	vitlök (1 klyfta)	1.0	klyfta	1.0	1.0	klyfta		0
287769	Quinoasallad med scampi och mango	färsk ingefära (1 tsk)	1.0	tsk	1.0	1.0	tsk		1
287769	Quinoasallad med scampi och mango	olivolja (1 msk)	1.0	msk	1.0	1.0	msk		0
287769	Quinoasallad med scampi och mango	salt och svartpeppar	None	None	None	None	None		0
287769	Quinoasallad med scampi och mango	scampi (100 g)	100.0	g	2.0	200.0	g		0
287769	Quinoasallad med scampi och mango	rödlök (1 st)	1.0	st	0.25	0.25	st		0
287769	Quinoasallad med scampi och mango	sockerärtor (1 st)	1.0	st	8.0	8.0	st		0
287769	Quinoasallad med scampi och mango	färsk mango (1 st)	1.0	st	0.5	0.5	st		1
287769	Quinoasallad med scampi och mango	färsk mynta (1 dl)	1.0	dl	0.5	0.5	dl		0
287769	Quinoasallad med scampi och mango	citron (1 st)	1.0	st	0.5	0.5	st		0
287769	Quinoasallad med scampi och mango	majonäs (1 msk)	1.0	msk	3.0	3.0	msk		0
287769	Quinoasallad med scampi och mango	srirachasås (1 tsk)	1.0	tsk	1.0	1.0	tsk		0
287769	Quinoasallad med scampi och mango	färsk mynta (1 kvistar)	1.0	kvistar	2.0	2.0	kvistar		0
287769	Quinoasallad med scampi och mango	citronklyftor (1 st)	1.0	st	2.0	2.0	st		0
287766	Pestotorsk med Capresesallad	olivolja (1 tsk)	1.0	tsk	1.0	1.0	tsk		0
287766	Pestotorsk med Capresesallad	torskfile (100 g)	100.0	g	3.5	350.0	g		1
287766	Pestotorsk med Capresesallad	salt och svartpeppar	None	None	None	None	None		0
287766	Pestotorsk med Capresesallad	grön pesto (1 msk)	1.0	msk	2.0	2.0	msk		0
287766	Pestotorsk med Capresesallad	mozzarella (100 g)	100.0	g	0.75	75.0	g		0
287766	Pestotorsk med Capresesallad	paprika (1 st)	1.0	st	0.25	0.25	st		0
287766	Pestotorsk med Capresesallad	rödlök (1 st)	1.0	st	0.25	0.25	st		0
287766	Pestotorsk med Capresesallad	valnötter (1 dl)	1.0	dl	0.5	0.5	dl		1
287766	Pestotorsk med Capresesallad	färsk oregano (1 msk)	1.0	msk	1.0	1.0	msk		0
287766	Pestotorsk med Capresesallad	hjärtsallad (1 st)	1.0	st	1.0	1.0	st		0
287766	Pestotorsk med Capresesallad	tomater (1 st)	1.0	st	2.0	2.0	st		1
287766	Pestotorsk med Capresesallad	balsamvinäger (1 msk)	1.0	msk	1.0	1.0	msk		0
287763	Kyckling med stekt blomkålsris och dillyoghurt	vitlök (1 klyfta)	1.0	klyfta	0.5	0.5	klyfta		0
287763	Kyckling med stekt blomkålsris och dillyoghurt	färsk ingefära (1 tsk)	1.0	tsk	1.0	1.0	tsk		0
287763	Kyckling med stekt blomkålsris och dillyoghurt	ketjap manis (1 msk)	1.0	msk	1.0	1.0	msk		0
287763	Kyckling med stekt blomkålsris och dillyoghurt	salt och svartpeppar	None	None	None	None	None		0
287763	Kyckling med stekt blomkålsris och dillyoghurt	kycklinglårfilé (100 g)	100.0	g	3.0	300.0	g		0
287763	Kyckling med stekt blomkålsris och dillyoghurt	gul lök (1 st)	1.0	st	0.25	0.25	st		0
287763	Kyckling med stekt blomkålsris och dillyoghurt	aubergine (1 st)	1.0	st	0.25	0.25	st		0
287763	Kyckling med stekt blomkålsris och dillyoghurt	paprika (1 st)	1.0	st	0.75	0.75	st		0
287763	Kyckling med stekt blomkålsris och dillyoghurt	blomkålshuvud (1 st)	1.0	st	0.25	0.25	st		1
287763	Kyckling med stekt blomkålsris och dillyoghurt	olivolja (1 msk)	1.0	msk	0.5	0.5	msk		0
287763	Kyckling med stekt blomkålsris och dillyoghurt	curry (1 tsk)	1.0	tsk	1.0	1.0	tsk		0
287763	Kyckling med stekt blomkålsris och dillyoghurt	gurkmeja (1 krm)	1.0	krm	0.5	0.5	krm		0
287763	Kyckling med stekt blomkålsris och dillyoghurt	färsk dill (1 msk)	1.0	msk	2.0	2.0	msk		0
287763	Kyckling med stekt blomkålsris och dillyoghurt	grekisk yoghurt (1 dl)	1.0	dl	1.0	1.0	dl		0
287763	Kyckling med stekt blomkålsris och dillyoghurt	citronklyfta (1 st)	1.0	st	1.0	1.0	st		0
287763	Kyckling med stekt blomkålsris och dillyoghurt	flytande honung (1 krm)	1.0	krm	1.0	1.0	krm		0
287761	Grönkålspaj med champinjoner	mandelmjöl (1 dl)	1.0	dl	3.0	3.0	dl		0
287761	Grönkålspaj med champinjoner	sesamfrön (1 dl)	1.0	dl	0.5	0.5	dl		0
287761	Grönkålspaj med champinjoner	fiberhusk (1 msk)	1.0	msk	1.0	1.0	msk		0
287761	Grönkålspaj med champinjoner	salt (1 tsk)	1.0	tsk	1.0	1.0	tsk		0
287761	Grönkålspaj med champinjoner	smör (100 g)	100.0	g	0.25	25.0	g		0
287761	Grönkålspaj med champinjoner	ägg (1 st)	1.0	st	1.0	1.0	st		1
287761	Grönkålspaj med champinjoner	grönkålsblad (1 st)	1.0	st	2.0	2.0	st		1
287761	Grönkålspaj med champinjoner	färska champinjoner (1 st)	1.0	st	8.0	8.0	st		0
287761	Grönkålspaj med champinjoner	rödlök (1 st)	1.0	st	0.5	0.5	st		0
287761	Grönkålspaj med champinjoner	grillad paprika (100 g)	100.0	g	1.0	100.0	g		0
287761	Grönkålspaj med champinjoner	färsk persilja (1 msk)	1.0	msk	2.0	2.0	msk		0
287761	Grönkålspaj med champinjoner	salt och svartpeppar	None	None	None	None	None		0
287761	Grönkålspaj med champinjoner	fetaost (100 g)	100.0	g	1.5	150.0	g		0
287761	Grönkålspaj med champinjoner	valnötter (1 st)	1.0	st	10.0	10.0	st		1
287761	Grönkålspaj med champinjoner	keso (100 g)	100.0	g	2.0	200.0	g		0
287761	Grönkålspaj med champinjoner	vitlök (1 klyfta)	1.0	klyfta	0.5	0.5	klyfta		0
287761	Grönkålspaj med champinjoner	örtagårdskrydda (1 tsk)	1.0	tsk	0.5	0.5	tsk		0
287759	Yoghurt med mango och apelsin	grekisk yoghurt (1 dl)	1.0	dl	1.0	1.0	dl		1
287759	Yoghurt med mango och apelsin	färsk mango (1 st)	1.0	st	0.2	0.2	st		0
287759	Yoghurt med mango och apelsin	apelsin (1 st)	1.0	st	1.0	1.0	st		1
287759	Yoghurt med mango och apelsin	pumpafrön (1 msk)	1.0	msk	1.0	1.0	msk		1
287756	Bananpannkaka	banan (1 st)	1.0	st	1.0	1.0	st		1
287756	Bananpannkaka	ägg (1 st)	1.0	st	2.0	2.0	st		1
287756	Bananpannkaka	smör (1 msk)	1.0	msk	0.5	0.5	msk		0
287756	Bananpannkaka	vaniljpulver (1 krm)	1.0	krm	1.0	1.0	krm		0
287756	Bananpannkaka	salt (1 krm)	1.0	krm	1.0	1.0	krm		0
287756	Bananpannkaka	grekisk yoghurt (1 msk)	1.0	msk	1.0	1.0	msk		1
287756	Bananpannkaka	färska jordgubbar (1 st)	1.0	st	2.0	2.0	st		0
287756	Bananpannkaka	granatäppelkärnor (1 msk)	1.0	msk	1.0	1.0	msk		0
287756	Bananpannkaka	färsk mango (1 st)	1.0	st	0.25	0.25	st		0
287754	Stekt ägg med parmaskinka	smör (1 tsk)	1.0	tsk	1.0	1.0	tsk		0
287754	Stekt ägg med parmaskinka	ägg (1 st)	1.0	st	2.0	2.0	st		1
287754	Stekt ägg med parmaskinka	salt och svartpeppar	None	None	None	None	None		0
287754	Stekt ägg med parmaskinka	parmaskinka (100 g)	100.0	g	0.25	25.0	g		0
287754	Stekt ägg med parmaskinka	färska jordgubbar (1 st)	1.0	st	3.0	3.0	st		1
287753	Bananmuffin	bananmuffin (1 st)	1.0	st	1.0	1.0	st		1
287701	Bananmuffins med mandel och kanel	banan (1 st)	1.0	st	1.5	1.5	st		1
287701	Bananmuffins med mandel och kanel	ägg (1 st)	1.0	st	1.0	1.0	st		0
287701	Bananmuffins med mandel och kanel	havregryn (1 dl)	1.0	dl	2.5	2.5	dl		1
287701	Bananmuffins med mandel och kanel	bakpulver (1 msk)	1.0	msk	0.5	0.5	msk		0
287701	Bananmuffins med mandel och kanel	mjölk (1 dl)	1.0	dl	1.0	1.0	dl		0
287701	Bananmuffins med mandel och kanel	vaniljpulver (1 tsk)	1.0	tsk	0.5	0.5	tsk		0
287701	Bananmuffins med mandel och kanel	salt (1 krm)	1.0	krm	1.0	1.0	krm		0
287701	Bananmuffins med mandel och kanel	kanel (1 tsk)	1.0	tsk	1.0	1.0	tsk		0
287701	Bananmuffins med mandel och kanel	agavesirap (1 tsk)	1.0	tsk	1.0	1.0	tsk		0
287701	Bananmuffins med mandel och kanel	kokosflingor (1 dl)	1.0	dl	0.5	0.5	dl		0
287701	Bananmuffins med mandel och kanel	mandlar (1 st)	1.0	st	10.0	10.0	st		1
287701	Bananmuffins med mandel och kanel	muffinsformar (1 st)	1.0	st	6.0	6.0	st		0
287750	Lövbiffsrullader med brie, pesto och rödbetor	rödbetor (1 st)	1.0	st	3.0	3.0	st		1
287750	Lövbiffsrullader med brie, pesto och rödbetor	olivolja (1 tsk)	1.0	tsk	1.0	1.0	tsk		0
287750	Lövbiffsrullader med brie, pesto och rödbetor	salt och svartpeppar	None	None	None	None	None		0
287750	Lövbiffsrullader med brie, pesto och rödbetor	örtagårdskrydda (1 krm)	1.0	krm	1.0	1.0	krm		0
287750	Lövbiffsrullader med brie, pesto och rödbetor	lövbiff (100 g)	100.0	g	3.0	300.0	g		0
287750	Lövbiffsrullader med brie, pesto och rödbetor	grön pesto (1 msk)	1.0	msk	1.5	1.5	msk		0
287750	Lövbiffsrullader med brie, pesto och rödbetor	brieost (100 g)	100.0	g	0.5	50.0	g		1
287750	Lövbiffsrullader med brie, pesto och rödbetor	torkade aprikoser (1 st)	1.0	st	4.0	4.0	st		0
287750	Lövbiffsrullader med brie, pesto och rödbetor	basilikablad (1 st)	1.0	st	10.0	10.0	st		0
287750	Lövbiffsrullader med brie, pesto och rödbetor	grekisk yoghurt (1 dl)	1.0	dl	0.5	0.5	dl		0
287750	Lövbiffsrullader med brie, pesto och rödbetor	rucola (100 g)	100.0	g	0.2	20.0	g		0
287750	Lövbiffsrullader med brie, pesto och rödbetor	färsk persilja (1 msk)	1.0	msk	2.0	2.0	msk		0
287748	Valnötslax med fetaostcreme	laxfilé (100 g)	100.0	g	3.0	300.0	g		1
287748	Valnötslax med fetaostcreme	salt och svartpeppar	None	None	None	None	None		0
287748	Valnötslax med fetaostcreme	honung (1 msk)	1.0	msk	1.0	1.0	msk		0
287748	Valnötslax med fetaostcreme	valnötter (1 msk)	1.0	msk	2.0	2.0	msk		1
287748	Valnötslax med fetaostcreme	sockerärtor (100 g)	100.0	g	3.0	300.0	g		1
287748	Valnötslax med fetaostcreme	rödlök (1 st)	1.0	st	0.25	0.25	st		0
287748	Valnötslax med fetaostcreme	torkade aprikoser (1 st)	1.0	st	3.0	3.0	st		0
287748	Valnötslax med fetaostcreme	olivolja (1 msk)	1.0	msk	1.0	1.0	msk		0
287748	Valnötslax med fetaostcreme	grekisk yoghurt (1 dl)	1.0	dl	1.0	1.0	dl		0
287748	Valnötslax med fetaostcreme	fetaost (100 g)	100.0	g	0.5	50.0	g		0
287748	Valnötslax med fetaostcreme	färsk mynta (1 msk)	1.0	msk	1.0	1.0	msk		0
287746	Torsk med saffranssås	broccoli (100 g)	100.0	g	2.0	200.0	g		1
287746	Torsk med saffranssås	olivolja (1 tsk)	1.0	tsk	1.0	1.0	tsk		0
287746	Torsk med saffranssås	salt och svartpeppar	None	None	None	None	None		0
287746	Torsk med saffranssås	torskfile (100 g)	100.0	g	3.5	350.0	g		1
287746	Torsk med saffranssås	salt och vitpeppar	None	None	None	None	None		0
287746	Torsk med saffranssås	vatten (1 dl)	1.0	dl	0.5	0.5	dl		0
287746	Torsk med saffranssås	gul lök (1 st)	1.0	st	0.25	0.25	st		0
287746	Torsk med saffranssås	vitlök (1 klyfta)	1.0	klyfta	0.25	0.25	klyfta		0
287746	Torsk med saffranssås	smör (1 tsk)	1.0	tsk	1.0	1.0	tsk		0
287746	Torsk med saffranssås	saffran (0.1 g)	0.1	g	3.0	0.3	g		1
287746	Torsk med saffranssås	havregrädde (1 dl)	1.0	dl	1.0	1.0	dl		0
287746	Torsk med saffranssås	mjölk (1 dl)	1.0	dl	0.5	0.5	dl		0
287746	Torsk med saffranssås	granatäppelkärnor (1 dl)	1.0	dl	0.5	0.5	dl		0
287746	Torsk med saffranssås	pistagenötter (1 msk)	1.0	msk	2.0	2.0	msk		0
287746	Torsk med saffranssås	citronskiva (1 st)	1.0	st	2.0	2.0	st		0
287746	Torsk med saffranssås	färsk dill (1 kvistar)	1.0	kvistar	2.0	2.0	kvistar		0
287744	Grönsakswok med kycklingfärs	gul lök (1 st)	1.0	st	0.5	0.5	st		0
287744	Grönsakswok med kycklingfärs	vitlök (1 klyfta)	1.0	klyfta	1.0	1.0	klyfta		0
287744	Grönsakswok med kycklingfärs	röd chili (1 st)	1.0	st	0.5	0.5	st		0
287744	Grönsakswok med kycklingfärs	olivolja (1 tsk)	1.0	tsk	1.0	1.0	tsk		0
287744	Grönsakswok med kycklingfärs	färsk ingefära (1 msk)	1.0	msk	0.5	0.5	msk		1
287744	Grönsakswok med kycklingfärs	kycklingfärs (100 g)	100.0	g	3.0	300.0	g		1
287744	Grönsakswok med kycklingfärs	salt och svartpeppar	None	None	None	None	None		0
287744	Grönsakswok med kycklingfärs	sesamolja (1 tsk)	1.0	tsk	1.0	1.0	tsk		0
287744	Grönsakswok med kycklingfärs	ljus soja (1 tsk)	1.0	tsk	1.0	1.0	tsk		0
287744	Grönsakswok med kycklingfärs	ketjap manis (1 msk)	1.0	msk	1.0	1.0	msk		0
287744	Grönsakswok med kycklingfärs	stark chilisås (1 msk)	1.0	msk	0.5	0.5	msk		0
287744	Grönsakswok med kycklingfärs	paprika (1 st)	1.0	st	1.0	1.0	st		0
287744	Grönsakswok med kycklingfärs	broccoli (100 g)	100.0	g	1.0	100.0	g		1
287744	Grönsakswok med kycklingfärs	blomkål (100 g)	100.0	g	1.0	100.0	g		0
287744	Grönsakswok med kycklingfärs	lime (1 st)	1.0	st	0.5	0.5	st		0
287744	Grönsakswok med kycklingfärs	purjolök (1 dl)	1.0	dl	0.5	0.5	dl		0
287744	Grönsakswok med kycklingfärs	färsk koriander (1 msk)	1.0	msk	2.0	2.0	msk		0
287744	Grönsakswok med kycklingfärs	lime (1 klyfta)	1.0	klyfta	1.0	1.0	klyfta		0
287741	Kycklingrullader med gorgonzola	vitlök (1 klyfta)	1.0	klyfta	0.5	0.5	klyfta		0
287741	Kycklingrullader med gorgonzola	rödlök (1 st)	1.0	st	0.25	0.25	st		0
287741	Kycklingrullader med gorgonzola	tomat (1 st)	1.0	st	1.0	1.0	st		1
287741	Kycklingrullader med gorgonzola	squash (1 cm)	1.0	cm	5.0	5.0	cm		0
287741	Kycklingrullader med gorgonzola	färska champinjoner (1 st)	1.0	st	4.0	4.0	st		1
287741	Kycklingrullader med gorgonzola	tunnskivad kycklingfilé (100 g)	100.0	g	3.0	300.0	g		0
287741	Kycklingrullader med gorgonzola	sötstark senap (1 msk)	1.0	msk	1.0	1.0	msk		0
287741	Kycklingrullader med gorgonzola	salt och svartpeppar	None	None	None	None	None		0
287741	Kycklingrullader med gorgonzola	örtagårdskrydda (1 krm)	1.0	krm	1.0	1.0	krm		0
287741	Kycklingrullader med gorgonzola	gorgonzola (10 g)	10.0	g	7.5	75.0	g		0
287741	Kycklingrullader med gorgonzola	cocktailtomater (1 st)	1.0	st	10.0	10.0	st		0
287741	Kycklingrullader med gorgonzola	squash (1 st)	1.0	st	0.2	0.2	st		0
287741	Kycklingrullader med gorgonzola	olivolja (1 tsk)	1.0	tsk	1.0	1.0	tsk		1
287741	Kycklingrullader med gorgonzola	balsamvinäger (1 msk)	1.0	msk	0.5	0.5	msk		0
287741	Kycklingrullader med gorgonzola	färsk persilja (1 kvistar)	1.0	kvistar	4.0	4.0	kvistar		0
287739	Zucchiniplättar med yoghurtsås	vit quinoa (1 dl)	1.0	dl	0.5	0.5	dl		1
287739	Zucchiniplättar med yoghurtsås	zucchini (1 st)	1.0	st	0.5	0.5	st		1
287739	Zucchiniplättar med yoghurtsås	purjolök (1 cm)	1.0	cm	10.0	10.0	cm		0
287739	Zucchiniplättar med yoghurtsås	vitlök (1 klyfta)	1.0	klyfta	0.5	0.5	klyfta		0
287739	Zucchiniplättar med yoghurtsås	fetaost (100 g)	100.0	g	0.3	30.0	g		0
287739	Zucchiniplättar med yoghurtsås	riven parmesanost (1 dl)	1.0	dl	0.25	0.25	dl		0
287739	Zucchiniplättar med yoghurtsås	Panko Crunchy Crumbs (glutenfritt ströbröd) (1 dl)	1.0	dl	0.5	0.5	dl		0
287739	Zucchiniplättar med yoghurtsås	ägg (1 st)	1.0	st	1.0	1.0	st		0
287739	Zucchiniplättar med yoghurtsås	färsk persilja (1 msk)	1.0	msk	1.0	1.0	msk		1
287739	Zucchiniplättar med yoghurtsås	torkad oregano (1 krm)	1.0	krm	1.0	1.0	krm		0
287739	Zucchiniplättar med yoghurtsås	chiliflakes (1 krm)	1.0	krm	1.0	1.0	krm		0
287739	Zucchiniplättar med yoghurtsås	salt och svartpeppar	None	None	None	None	None		0
287739	Zucchiniplättar med yoghurtsås	olivolja (1 msk)	1.0	msk	0.5	0.5	msk		0
287739	Zucchiniplättar med yoghurtsås	färsk gräslök (1 msk)	1.0	msk	1.0	1.0	msk		0
287739	Zucchiniplättar med yoghurtsås	färsk dill (1 kvistar)	1.0	kvistar	2.0	2.0	kvistar		0
287739	Zucchiniplättar med yoghurtsås	grekisk yoghurt (1 dl)	1.0	dl	0.75	0.75	dl		0
287739	Zucchiniplättar med yoghurtsås	citronjuice (1 msk)	1.0	msk	1.0	1.0	msk		0
287739	Zucchiniplättar med yoghurtsås	färsk dill (1 tsk)	1.0	tsk	1.0	1.0	tsk		0
287739	Zucchiniplättar med yoghurtsås	morot (1 dl)	1.0	dl	2.0	2.0	dl		0
287739	Zucchiniplättar med yoghurtsås	rucola (100 g)	100.0	g	0.2	20.0	g		0
287737	Ugnsbakad blomkål med ratatouille	blomkålshuvud (1 st)	1.0	st	1.0	1.0	st		1
287737	Ugnsbakad blomkål med ratatouille	gul lök (1 st)	1.0	st	0.5	0.5	st		0
287737	Ugnsbakad blomkål med ratatouille	vitlök (1 klyfta)	1.0	klyfta	1.0	1.0	klyfta		0
287737	Ugnsbakad blomkål med ratatouille	aubergine (1 st)	1.0	st	0.25	0.25	st		0
287737	Ugnsbakad blomkål med ratatouille	squash (1 st)	1.0	st	0.25	0.25	st		0
287737	Ugnsbakad blomkål med ratatouille	paprika (1 st)	1.0	st	0.5	0.5	st		0
287737	Ugnsbakad blomkål med ratatouille	olivolja (1 msk)	1.0	msk	2.0	2.0	msk		0
287737	Ugnsbakad blomkål med ratatouille	salt och svartpeppar	None	None	None	None	None		0
287737	Ugnsbakad blomkål med ratatouille	curry (1 tsk)	1.0	tsk	0.5	0.5	tsk		0
287737	Ugnsbakad blomkål med ratatouille	kanel (1 tsk)	1.0	tsk	0.5	0.5	tsk		0
287737	Ugnsbakad blomkål med ratatouille	spiskummin (1 tsk)	1.0	tsk	0.5	0.5	tsk		0
287737	Ugnsbakad blomkål med ratatouille	torkad oregano (1 tsk)	1.0	tsk	0.5	0.5	tsk		0
287737	Ugnsbakad blomkål med ratatouille	srirachasås (1 tsk)	1.0	tsk	0.5	0.5	tsk		0
287737	Ugnsbakad blomkål med ratatouille	honung (1 tsk)	1.0	tsk	0.5	0.5	tsk		0
287737	Ugnsbakad blomkål med ratatouille	krossade tomater (100 g)	100.0	g	4.0	400.0	g		0
287737	Ugnsbakad blomkål med ratatouille	fetaost (100 g)	100.0	g	0.5	50.0	g		1
287737	Ugnsbakad blomkål med ratatouille	russin (1 dl)	1.0	dl	0.5	0.5	dl		0
287737	Ugnsbakad blomkål med ratatouille	valnötter (1 dl)	1.0	dl	0.5	0.5	dl		1
287737	Ugnsbakad blomkål med ratatouille	torkad oregano (1 krm)	1.0	krm	1.0	1.0	krm		0
287737	Ugnsbakad blomkål med ratatouille	färsk persilja (1 kvistar)	1.0	kvistar	2.0	2.0	kvistar		0
287735	Äggröra med fetaost och spenat	ägg (1 st)	1.0	st	2.0	2.0	st		1
287735	Äggröra med fetaost och spenat	havregrädde (1 msk)	1.0	msk	0.5	0.5	msk		0
287735	Äggröra med fetaost och spenat	salt och svartpeppar	None	None	None	None	None		0
287735	Äggröra med fetaost och spenat	smör (1 tsk)	1.0	tsk	1.0	1.0	tsk		0
287735	Äggröra med fetaost och spenat	cocktailtomater (1 st)	1.0	st	2.0	2.0	st		0
287735	Äggröra med fetaost och spenat	bladspenat (100 g)	100.0	g	0.2	20.0	g		1
287735	Äggröra med fetaost och spenat	fetaost (100 g)	100.0	g	0.3	30.0	g		1
287735	Äggröra med fetaost och spenat	färsk persilja (1 kvist)	1.0	kvist	1.0	1.0	kvist		0
287733	Blåbärssmoothie	fryst mango (100 g)	100.0	g	1.5	150.0	g		1
287733	Blåbärssmoothie	frysta blåbär (1 dl)	1.0	dl	3.0	3.0	dl		1
287733	Blåbärssmoothie	proteinpulver (1 msk)	1.0	msk	1.5	1.5	msk		0
287733	Blåbärssmoothie	grekisk yoghurt (1 dl)	1.0	dl	1.0	1.0	dl		1
287733	Blåbärssmoothie	vatten (1 dl)	1.0	dl	5.0	5.0	dl		0
287730	Omelett med keso och bär	ägg (1 st)	1.0	st	2.0	2.0	st		1
287730	Omelett med keso och bär	salt och svartpeppar	None	None	None	None	None		0
287730	Omelett med keso och bär	smör (1 tsk)	1.0	tsk	1.0	1.0	tsk		0
287730	Omelett med keso och bär	keso (1 msk)	1.0	msk	2.0	2.0	msk		1
287730	Omelett med keso och bär	färska jordgubbar (1 st)	1.0	st	3.0	3.0	st		0
287730	Omelett med keso och bär	färska blåbär (1 dl)	1.0	dl	1.0	1.0	dl		1
287728	Yoghurt med bovetegranola	grekisk yoghurt (1 dl)	1.0	dl	1.0	1.0	dl		1
287728	Yoghurt med bovetegranola	bovetegranola (1 portion)	1.0	portion	1.0	1.0	portion		1
287725	Chokladbars med majskakor	majskakor (100 g)	100.0	g	1.3	130.0	g		0
287725	Chokladbars med majskakor	jordnötssmör (1 dl)	1.0	dl	1.0	1.0	dl		1
287725	Chokladbars med majskakor	flytande honung (1 msk)	1.0	msk	2.0	2.0	msk		0
287725	Chokladbars med majskakor	salt (1 nypa)	1.0	nypa	1.0	1.0	nypa		0
287725	Chokladbars med majskakor	mörk choklad (100 g)	100.0	g	2.0	200.0	g		1
287723	Nötfärstimbaler med chèvreost och soltorkad tomat	muffinsformar (1 st)	1.0	st	6.0	6.0	st		0
287723	Nötfärstimbaler med chèvreost och soltorkad tomat	nötfärs (100 g)	100.0	g	3.0	300.0	g		0
287723	Nötfärstimbaler med chèvreost och soltorkad tomat	olivolja (1 msk)	1.0	msk	1.0	1.0	msk		0
287723	Nötfärstimbaler med chèvreost och soltorkad tomat	salt och svartpeppar	None	None	None	None	None		0
287723	Nötfärstimbaler med chèvreost och soltorkad tomat	örtagårdskrydda (1 tsk)	1.0	tsk	0.5	0.5	tsk		0
287723	Nötfärstimbaler med chèvreost och soltorkad tomat	ägg (1 st)	1.0	st	1.0	1.0	st		0
287723	Nötfärstimbaler med chèvreost och soltorkad tomat	soltorkade tomater (1 st)	1.0	st	4.0	4.0	st		0
287723	Nötfärstimbaler med chèvreost och soltorkad tomat	chevreost (100 g)	100.0	g	0.4	40.0	g		1
287723	Nötfärstimbaler med chèvreost och soltorkad tomat	färsk basilika (1 msk)	1.0	msk	2.0	2.0	msk		0
287723	Nötfärstimbaler med chèvreost och soltorkad tomat	palsternacka (1 st)	1.0	st	1.0	1.0	st		1
287723	Nötfärstimbaler med chèvreost och soltorkad tomat	fänkål (1 st)	1.0	st	1.0	1.0	st		1
287723	Nötfärstimbaler med chèvreost och soltorkad tomat	vitlök (1 klyfta)	1.0	klyfta	0.5	0.5	klyfta		0
287723	Nötfärstimbaler med chèvreost och soltorkad tomat	rucola (100 g)	100.0	g	0.25	25.0	g		0
287723	Nötfärstimbaler med chèvreost och soltorkad tomat	färsk basilika (1 kvist)	1.0	kvist	1.0	1.0	kvist		0
287721	Biff med nudelsallad och jordnötssås	äggnudlar (100 g)	100.0	g	1.0	100.0	g		0
287721	Biff med nudelsallad och jordnötssås	paprika (1 st)	1.0	st	0.5	0.5	st		0
287721	Biff med nudelsallad och jordnötssås	rödkål (100 g)	100.0	g	1.0	100.0	g		1
287721	Biff med nudelsallad och jordnötssås	färsk koriander (1 msk)	1.0	msk	2.0	2.0	msk		1
287721	Biff med nudelsallad och jordnötssås	ryggbiff (100 g)	100.0	g	3.0	300.0	g		0
287721	Biff med nudelsallad och jordnötssås	salt och svartpeppar	None	None	None	None	None		0
287721	Biff med nudelsallad och jordnötssås	smör (1 tsk)	1.0	tsk	1.0	1.0	tsk		0
287721	Biff med nudelsallad och jordnötssås	röd chili (1 st)	1.0	st	0.25	0.25	st		0
287721	Biff med nudelsallad och jordnötssås	sesamolja (1 msk)	1.0	msk	0.5	0.5	msk		0
287721	Biff med nudelsallad och jordnötssås	ketjap manis (1 msk)	1.0	msk	1.0	1.0	msk		0
287721	Biff med nudelsallad och jordnötssås	sweet chilisås (1 msk)	1.0	msk	1.0	1.0	msk		0
287721	Biff med nudelsallad och jordnötssås	risvinäger (1 tsk)	1.0	tsk	1.0	1.0	tsk		0
287721	Biff med nudelsallad och jordnötssås	lime (1 st)	1.0	st	0.25	0.25	st		0
287721	Biff med nudelsallad och jordnötssås	gul lök (1 st)	1.0	st	0.25	0.25	st		0
287721	Biff med nudelsallad och jordnötssås	vitlök (1 klyfta)	1.0	klyfta	0.25	0.25	klyfta		0
287721	Biff med nudelsallad och jordnötssås	jordnötter (1 dl)	1.0	dl	0.5	0.5	dl		0
287721	Biff med nudelsallad och jordnötssås	olivolja (1 tsk)	1.0	tsk	1.0	1.0	tsk		0
287721	Biff med nudelsallad och jordnötssås	kokosgrädde (1 msk)	1.0	msk	3.0	3.0	msk		0
287721	Biff med nudelsallad och jordnötssås	ketjap manis (1 tsk)	1.0	tsk	0.5	0.5	tsk		0
287721	Biff med nudelsallad och jordnötssås	jordnötssmör (1 msk)	1.0	msk	1.0	1.0	msk		0
287721	Biff med nudelsallad och jordnötssås	vatten (1 dl)	1.0	dl	0.5	0.5	dl		0
287721	Biff med nudelsallad och jordnötssås	färsk koriander (1 kvistar)	1.0	kvistar	2.0	2.0	kvistar		0
287721	Biff med nudelsallad och jordnötssås	jordnötter (1 msk)	1.0	msk	2.0	2.0	msk		1
287718	Laxsallad med fetaost	laxfilé (100 g)	100.0	g	2.5	250.0	g		1
287718	Laxsallad med fetaost	olivolja (1 tsk)	1.0	tsk	0.5	0.5	tsk		0
287718	Laxsallad med fetaost	salt och svartpeppar	None	None	None	None	None		0
287718	Laxsallad med fetaost	tomater (1 st)	1.0	st	3.0	3.0	st		0
287718	Laxsallad med fetaost	rödlök (1 st)	1.0	st	0.25	0.25	st		0
287718	Laxsallad med fetaost	grön pesto (1 msk)	1.0	msk	1.0	1.0	msk		0
287718	Laxsallad med fetaost	balsamvinäger (1 msk)	1.0	msk	1.0	1.0	msk		0
287718	Laxsallad med fetaost	tärnad fetaost (100 g)	100.0	g	0.5	50.0	g		0
287718	Laxsallad med fetaost	färsk basilika (1 kruka)	1.0	kruka	0.5	0.5	kruka		1
287718	Laxsallad med fetaost	pinjenötter (1 msk)	1.0	msk	2.0	2.0	msk		1
287714	Torsk med guacamole och sötpotatis	sötpotatis (1 st)	1.0	st	1.0	1.0	st		1
287714	Torsk med guacamole och sötpotatis	olivolja (1 tsk)	1.0	tsk	1.0	1.0	tsk		0
287714	Torsk med guacamole och sötpotatis	salt och svartpeppar	None	None	None	None	None		0
287714	Torsk med guacamole och sötpotatis	örtagårdskrydda (1 krm)	1.0	krm	1.0	1.0	krm		0
287714	Torsk med guacamole och sötpotatis	torskrygg (100 g)	100.0	g	4.0	400.0	g		1
287714	Torsk med guacamole och sötpotatis	bladspenat (100 g)	100.0	g	0.6	60.0	g		0
287714	Torsk med guacamole och sötpotatis	avokado (1 st)	1.0	st	1.0	1.0	st		1
287714	Torsk med guacamole och sötpotatis	vitlök (1 klyfta)	1.0	klyfta	0.25	0.25	klyfta		0
287714	Torsk med guacamole och sötpotatis	rödlök (1 st)	1.0	st	0.25	0.25	st		0
287714	Torsk med guacamole och sötpotatis	lime (1 st)	1.0	st	0.5	0.5	st		0
287714	Torsk med guacamole och sötpotatis	färsk koriander (1 msk)	1.0	msk	1.0	1.0	msk		0
287714	Torsk med guacamole och sötpotatis	röd chili (1 st)	1.0	st	0.25	0.25	st		0
287714	Torsk med guacamole och sötpotatis	färsk koriander (1 kvistar)	1.0	kvistar	2.0	2.0	kvistar		0
287714	Torsk med guacamole och sötpotatis	lime (1 klyfta)	1.0	klyfta	1.0	1.0	klyfta		0
287712	Morotssoppa med ingefära och rostade kikärtor	torkade kikärtor (1 dl)	1.0	dl	1.0	1.0	dl		0
287712	Morotssoppa med ingefära och rostade kikärtor	smoked paprikapulver (1 tsk)	1.0	tsk	0.5	0.5	tsk		0
287712	Morotssoppa med ingefära och rostade kikärtor	salt och svartpeppar	None	None	None	None	None		0
287712	Morotssoppa med ingefära och rostade kikärtor	färsk chili (1 tsk)	1.0	tsk	1.0	1.0	tsk		1
287712	Morotssoppa med ingefära och rostade kikärtor	färsk ingefära (1 msk)	1.0	msk	1.0	1.0	msk		1
287712	Morotssoppa med ingefära och rostade kikärtor	morötter (1 st)	1.0	st	3.0	3.0	st		1
287712	Morotssoppa med ingefära och rostade kikärtor	olivolja (1 msk)	1.0	msk	1.0	1.0	msk		0
287712	Morotssoppa med ingefära och rostade kikärtor	vatten (1 liter)	1.0	liter	1.0	1.0	liter		0
287712	Morotssoppa med ingefära och rostade kikärtor	grönsaksbuljongtärning (1 st)	1.0	st	1.0	1.0	st		0
287712	Morotssoppa med ingefära och rostade kikärtor	kokosmjölk (100 ml)	100.0	ml	2.0	200.0	ml		0
287712	Morotssoppa med ingefära och rostade kikärtor	färsk chili (1 msk)	1.0	msk	0.5	0.5	msk		0
287712	Morotssoppa med ingefära och rostade kikärtor	basilikablad (1 st)	1.0	st	2.0	2.0	st		0
287710	Färgstark fetaostsallad	bladspenat (100 g)	100.0	g	0.3	30.0	g		1
287710	Färgstark fetaostsallad	paprika (1 st)	1.0	st	0.5	0.5	st		0
287710	Färgstark fetaostsallad	avokado (1 st)	1.0	st	1.0	1.0	st		1
287710	Färgstark fetaostsallad	sockerärtor (100 g)	100.0	g	1.0	100.0	g		0
287710	Färgstark fetaostsallad	cocktailtomater (1 st)	1.0	st	10.0	10.0	st		0
287710	Färgstark fetaostsallad	fetaost (100 g)	100.0	g	1.5	150.0	g		0
287710	Färgstark fetaostsallad	granatäppelkärnor (1 dl)	1.0	dl	1.0	1.0	dl		1
287708	Omelettrulle	ägg (1 st)	1.0	st	3.0	3.0	st		1
287708	Omelettrulle	salt och svartpeppar	None	None	None	None	None		0
287708	Omelettrulle	paprika (1 st)	1.0	st	0.5	0.5	st		1
287708	Omelettrulle	kalkon (1 skivor)	1.0	skivor	3.0	3.0	skivor		0
287708	Omelettrulle	cheddarost (1 skivor)	1.0	skivor	2.0	2.0	skivor		0
287708	Omelettrulle	bladspenat (100 g)	100.0	g	0.2	20.0	g		1
287708	Omelettrulle	färsk basilika (1 kvist)	1.0	kvist	1.0	1.0	kvist		0
287699	Chiapudding med jordgubbar och hallon	frysta jordgubbar (1 dl)	1.0	dl	2.0	2.0	dl		0
287699	Chiapudding med jordgubbar och hallon	banan (1 st)	1.0	st	1.0	1.0	st		0
287699	Chiapudding med jordgubbar och hallon	havregryn (1 msk)	1.0	msk	2.0	2.0	msk		1
287699	Chiapudding med jordgubbar och hallon	honung (1 msk)	1.0	msk	0.5	0.5	msk		0
287699	Chiapudding med jordgubbar och hallon	mandelmjölk (1 dl)	1.0	dl	1.5	1.5	dl		0
287699	Chiapudding med jordgubbar och hallon	chiafrön (1 msk)	1.0	msk	3.0	3.0	msk		1
287699	Chiapudding med jordgubbar och hallon	färska hallon (1 st)	1.0	st	6.0	6.0	st		1
287699	Chiapudding med jordgubbar och hallon	grekisk yoghurt (1 dl)	1.0	dl	0.5	0.5	dl		0
287699	Chiapudding med jordgubbar och hallon	kokosskivor (1 msk)	1.0	msk	1.0	1.0	msk		0
287697	Keso med bovetegranola och frukt	keso (1 dl)	1.0	dl	1.0	1.0	dl		0
287697	Keso med bovetegranola och frukt	färsk mango (1 st)	1.0	st	0.25	0.25	st		0
287697	Keso med bovetegranola och frukt	färska hallon (1 st)	1.0	st	4.0	4.0	st		1
287697	Keso med bovetegranola och frukt	färska blåbär (1 dl)	1.0	dl	0.25	0.25	dl		0
287697	Keso med bovetegranola och frukt	bovetegranola (1 portion)	1.0	portion	1.0	1.0	portion		1
287697	Keso med bovetegranola och frukt	grapefrukt (1 st)	1.0	st	0.5	0.5	st		1
287690	Stekta äpplen med vit chokladkräm	äpplen (1 st)	1.0	st	3.0	3.0	st		1
287690	Stekta äpplen med vit chokladkräm	smör (1 tsk)	1.0	tsk	1.0	1.0	tsk		0
287690	Stekta äpplen med vit chokladkräm	flytande honung (1 tsk)	1.0	tsk	1.0	1.0	tsk		0
287690	Stekta äpplen med vit chokladkräm	kardemumma (1 krm)	1.0	krm	1.0	1.0	krm		0
287690	Stekta äpplen med vit chokladkräm	kanel (1 krm)	1.0	krm	1.0	1.0	krm		1
287690	Stekta äpplen med vit chokladkräm	vit choklad (10 g)	10.0	g	3.0	30.0	g		0
287690	Stekta äpplen med vit chokladkräm	philadelphiaost (100 g)	100.0	g	0.5	50.0	g		0
287688	Chokladriskaka med jordnötssmör	jordnötssmör (1 msk)	1.0	msk	4.0	4.0	msk		1
287688	Chokladriskaka med jordnötssmör	riskakor (1 st)	1.0	st	4.0	4.0	st		0
287688	Chokladriskaka med jordnötssmör	mörk choklad (100 g)	100.0	g	0.5	50.0	g		1
287688	Chokladriskaka med jordnötssmör	flingsalt (1 krm)	1.0	krm	1.0	1.0	krm		0
287685	Burrata med tomatsallad	tomat (1 st)	1.0	st	1.0	1.0	st		1
287685	Burrata med tomatsallad	burrata (100 g)	100.0	g	1.25	125.0	g		0
287685	Burrata med tomatsallad	salt och svartpeppar	None	None	None	None	None		0
287685	Burrata med tomatsallad	torkad basilika (1 tsk)	1.0	tsk	1.0	1.0	tsk		0
287685	Burrata med tomatsallad	cocktailtomater (1 st)	1.0	st	5.0	5.0	st		0
287685	Burrata med tomatsallad	olivolja (1 tsk)	1.0	tsk	1.0	1.0	tsk		1
287685	Burrata med tomatsallad	balsamvinäger (1 tsk)	1.0	tsk	1.0	1.0	tsk		0
287685	Burrata med tomatsallad	färsk basilika (1 msk)	1.0	msk	1.0	1.0	msk		0
287685	Burrata med tomatsallad	grön pesto (1 msk)	1.0	msk	0.5	0.5	msk		0
287685	Burrata med tomatsallad	pinjenötter (1 msk)	1.0	msk	1.0	1.0	msk		1
287683	Rotfruktssoppa	palsternacka (1 st)	1.0	st	1.0	1.0	st		1
287683	Rotfruktssoppa	kålrot (1 st)	1.0	st	0.25	0.25	st		1
287683	Rotfruktssoppa	morot (1 st)	1.0	st	1.0	1.0	st		0
287683	Rotfruktssoppa	gul lök (1 st)	1.0	st	0.5	0.5	st		0
287683	Rotfruktssoppa	vitlök (1 klyfta)	1.0	klyfta	1.0	1.0	klyfta		1
287683	Rotfruktssoppa	olivolja (1 tsk)	1.0	tsk	1.0	1.0	tsk		0
287683	Rotfruktssoppa	spiskummin (1 tsk)	1.0	tsk	1.0	1.0	tsk		0
287683	Rotfruktssoppa	cayennepeppar (1 tsk)	1.0	tsk	0.5	0.5	tsk		0
287683	Rotfruktssoppa	torkad basilika (1 tsk)	1.0	tsk	1.0	1.0	tsk		0
287683	Rotfruktssoppa	lagerblad (1 st)	1.0	st	1.0	1.0	st		0
287683	Rotfruktssoppa	tomatpuré (1 msk)	1.0	msk	0.5	0.5	msk		0
287683	Rotfruktssoppa	vatten (1 dl)	1.0	dl	5.0	5.0	dl		0
287683	Rotfruktssoppa	grönsaksbuljongtärning (1 st)	1.0	st	1.0	1.0	st		0
287683	Rotfruktssoppa	salt och svartpeppar	None	None	None	None	None		0
287683	Rotfruktssoppa	färsk persilja (1 msk)	1.0	msk	1.0	1.0	msk		0
287681	Glasnudellsalad med grönsaker	glasnudlar (100 g)	100.0	g	1.0	100.0	g		0
287681	Glasnudellsalad med grönsaker	morot (1 st)	1.0	st	1.0	1.0	st		0
287681	Glasnudellsalad med grönsaker	paprika (1 st)	1.0	st	0.5	0.5	st		0
287681	Glasnudellsalad med grönsaker	salladslök (1 st)	1.0	st	1.0	1.0	st		0
287681	Glasnudellsalad med grönsaker	broccoli (100 g)	100.0	g	1.0	100.0	g		1
287681	Glasnudellsalad med grönsaker	rödkål (1 dl)	1.0	dl	2.0	2.0	dl		1
287681	Glasnudellsalad med grönsaker	pak choi (1 st)	1.0	st	1.0	1.0	st		0
287681	Glasnudellsalad med grönsaker	vitlök (1 klyfta)	1.0	klyfta	0.5	0.5	klyfta		0
287681	Glasnudellsalad med grönsaker	färsk ingefära (1 msk)	1.0	msk	0.5	0.5	msk		1
287681	Glasnudellsalad med grönsaker	sambal oelek (1 tsk)	1.0	tsk	1.0	1.0	tsk		0
287681	Glasnudellsalad med grönsaker	ketjap manis (1 msk)	1.0	msk	1.0	1.0	msk		0
287681	Glasnudellsalad med grönsaker	soja (1 msk)	1.0	msk	1.0	1.0	msk		0
287681	Glasnudellsalad med grönsaker	färsk koriander (1 msk)	1.0	msk	2.0	2.0	msk		0
287681	Glasnudellsalad med grönsaker	lime (1 st)	1.0	st	0.25	0.25	st		0
287681	Glasnudellsalad med grönsaker	salt och svartpeppar	None	None	None	None	None		0
287679	Spenatsoppa med ägg	gul lök (1 st)	1.0	st	0.5	0.5	st		0
287679	Spenatsoppa med ägg	vitlök (1 klyfta)	1.0	klyfta	1.0	1.0	klyfta		1
287679	Spenatsoppa med ägg	olivolja (1 tsk)	1.0	tsk	1.0	1.0	tsk		0
287679	Spenatsoppa med ägg	fryst bladspenat (100 g)	100.0	g	2.5	250.0	g		1
287679	Spenatsoppa med ägg	grönsaksbuljongtärning (1 st)	1.0	st	1.0	1.0	st		0
287679	Spenatsoppa med ägg	vatten (1 dl)	1.0	dl	5.0	5.0	dl		0
287679	Spenatsoppa med ägg	salt och svartpeppar	None	None	None	None	None		0
287679	Spenatsoppa med ägg	muskot (1 krm)	1.0	krm	1.0	1.0	krm		0
287679	Spenatsoppa med ägg	havregrädde (1 dl)	1.0	dl	0.5	0.5	dl		0
287679	Spenatsoppa med ägg	kokta ägg (1 st)	1.0	st	2.0	2.0	st		1
287679	Spenatsoppa med ägg	färsk timjan (1 msk)	1.0	msk	1.0	1.0	msk		0
287677	Tomatsoppa med halloumi	gul lök (1 st)	1.0	st	0.5	0.5	st		0
287677	Tomatsoppa med halloumi	vitlök (1 klyfta)	1.0	klyfta	1.0	1.0	klyfta		1
287677	Tomatsoppa med halloumi	olivolja (1 tsk)	1.0	tsk	1.0	1.0	tsk		0
287677	Tomatsoppa med halloumi	krossade tomater (100 g)	100.0	g	3.0	300.0	g		1
287677	Tomatsoppa med halloumi	örtagårdskrydda (1 tsk)	1.0	tsk	1.0	1.0	tsk		0
287677	Tomatsoppa med halloumi	hönsbuljongtärning (1 st)	1.0	st	1.0	1.0	st		0
287677	Tomatsoppa med halloumi	flytande honung (1 tsk)	1.0	tsk	1.0	1.0	tsk		0
287677	Tomatsoppa med halloumi	vatten (1 dl)	1.0	dl	3.0	3.0	dl		0
287677	Tomatsoppa med halloumi	salt och svartpeppar	None	None	None	None	None		0
287677	Tomatsoppa med halloumi	halloumi (100 g)	100.0	g	1.0	100.0	g		0
287677	Tomatsoppa med halloumi	cocktailtomater (1 st)	1.0	st	6.0	6.0	st		0
287677	Tomatsoppa med halloumi	färsk basilika (1 msk)	1.0	msk	1.0	1.0	msk		1
287671	Kryddmjölk med apelsin	dadlar (färska) (1 st)	1.0	st	3.0	3.0	st		1
287671	Kryddmjölk med apelsin	salt (1 krm)	1.0	krm	0.5	0.5	krm		0
287671	Kryddmjölk med apelsin	kanel (1 tsk)	1.0	tsk	1.0	1.0	tsk		1
287671	Kryddmjölk med apelsin	kardemumma (1 tsk)	1.0	tsk	1.0	1.0	tsk		0
287671	Kryddmjölk med apelsin	vaniljpulver (1 tsk)	1.0	tsk	1.0	1.0	tsk		0
287671	Kryddmjölk med apelsin	mandelmjölk (1 dl)	1.0	dl	3.5	3.5	dl		0
287671	Kryddmjölk med apelsin	apelsin (1 st)	1.0	st	0.5	0.5	st		1
287665	Passionsfrukts- och mangosmoothie	apelsin (1 st)	1.0	st	1.0	1.0	st		0
287665	Passionsfrukts- och mangosmoothie	banan (1 st)	1.0	st	1.0	1.0	st		0
287665	Passionsfrukts- och mangosmoothie	fryst mango (100 g)	100.0	g	1.5	150.0	g		0
287665	Passionsfrukts- och mangosmoothie	fryst passionsfrukt (100 g)	100.0	g	1.0	100.0	g		1
287665	Passionsfrukts- och mangosmoothie	färsk ingefära (1 msk)	1.0	msk	0.5	0.5	msk		1
287665	Passionsfrukts- och mangosmoothie	lime (1 st)	1.0	st	1.0	1.0	st		0
287665	Passionsfrukts- och mangosmoothie	sötmandel (100 g)	100.0	g	1.0	100.0	g		1
287665	Passionsfrukts- och mangosmoothie	vatten (1 dl)	1.0	dl	2.0	2.0	dl		0
287665	Passionsfrukts- och mangosmoothie	färska blåbär (1 dl)	1.0	dl	0.25	0.25	dl		0
287663	Jordgubbs- och granatäppelsmoothie	frysta jordgubbar (100 g)	100.0	g	1.5	150.0	g		1
287663	Jordgubbs- och granatäppelsmoothie	fryst mango (100 g)	100.0	g	1.5	150.0	g		1
287663	Jordgubbs- och granatäppelsmoothie	granatäpple (1 st)	1.0	st	1.0	1.0	st		1
287663	Jordgubbs- och granatäppelsmoothie	banan (1 st)	1.0	st	1.0	1.0	st		0
287663	Jordgubbs- och granatäppelsmoothie	mandelmjölk (1 dl)	1.0	dl	2.0	2.0	dl		0
287663	Jordgubbs- och granatäppelsmoothie	vatten (1 dl)	1.0	dl	1.0	1.0	dl		0
287661	Grön smoothie	grönkål (100 g)	100.0	g	0.35	35.0	g		1
287661	Grön smoothie	spenat (100 g)	100.0	g	0.35	35.0	g		0
287661	Grön smoothie	selleristjälkar (1 st)	1.0	st	2.0	2.0	st		1
287661	Grön smoothie	gurka (1 st)	1.0	st	0.5	0.5	st		0
287661	Grön smoothie	kiwi (1 st)	1.0	st	1.0	1.0	st		0
287661	Grön smoothie	päron (1 st)	1.0	st	0.5	0.5	st		0
287661	Grön smoothie	äpple (1 st)	1.0	st	0.5	0.5	st		0
287661	Grön smoothie	färsk ingefära (1 msk)	1.0	msk	1.0	1.0	msk		1
287661	Grön smoothie	lime (1 st)	1.0	st	1.0	1.0	st		0
287661	Grön smoothie	vatten (1 dl)	1.0	dl	1.5	1.5	dl		0
287657	Blåbär- och hallonsmoothie	apelsin (1 st)	1.0	st	1.0	1.0	st		0
287657	Blåbär- och hallonsmoothie	banan (1 st)	1.0	st	1.0	1.0	st		0
287657	Blåbär- och hallonsmoothie	frysta blåbär (1 dl)	1.0	dl	2.0	2.0	dl		1
287657	Blåbär- och hallonsmoothie	frysta hallon (1 dl)	1.0	dl	2.0	2.0	dl		1
287657	Blåbär- och hallonsmoothie	citron (1 st)	1.0	st	1.0	1.0	st		1
287657	Blåbär- och hallonsmoothie	mandelmjölk (1 dl)	1.0	dl	2.0	2.0	dl		0
287657	Blåbär- och hallonsmoothie	vatten (1 dl)	1.0	dl	1.0	1.0	dl		0
287655	Tropisk smoothie	apelsin (1 st)	1.0	st	1.0	1.0	st		1
287655	Tropisk smoothie	banan (1 st)	1.0	st	1.0	1.0	st		0
287655	Tropisk smoothie	fryst mango (100 g)	100.0	g	1.5	150.0	g		1
287655	Tropisk smoothie	lime (1 st)	1.0	st	1.0	1.0	st		0
287655	Tropisk smoothie	färsk mynta (1 msk)	1.0	msk	1.0	1.0	msk		1
287655	Tropisk smoothie	mandelmjölk (1 dl)	1.0	dl	2.0	2.0	dl		0
287655	Tropisk smoothie	vatten (1 dl)	1.0	dl	1.0	1.0	dl		0
287636	Zucchinikaka med kardemumma	smör (100 g)	100.0	g	0.5	50.0	g		0
287636	Zucchinikaka med kardemumma	zucchini (1 st)	1.0	st	1.0	1.0	st		1
287636	Zucchinikaka med kardemumma	ägg (1 st)	1.0	st	2.0	2.0	st		0
287636	Zucchinikaka med kardemumma	kokossocker (1 dl)	1.0	dl	1.0	1.0	dl		0
287636	Zucchinikaka med kardemumma	mandelmjöl (1 dl)	1.0	dl	1.0	1.0	dl		0
287636	Zucchinikaka med kardemumma	kokosmjöl (1 dl)	1.0	dl	1.0	1.0	dl		0
287636	Zucchinikaka med kardemumma	majsmjöl (1 dl)	1.0	dl	1.0	1.0	dl		0
287636	Zucchinikaka med kardemumma	kardemumma (1 msk)	1.0	msk	1.5	1.5	msk		1
287636	Zucchinikaka med kardemumma	bakpulver (1 tsk)	1.0	tsk	1.5	1.5	tsk		0
287636	Zucchinikaka med kardemumma	philadelphiaost (100 g)	100.0	g	2.0	200.0	g		0
287636	Zucchinikaka med kardemumma	agavesirap (1 dl)	1.0	dl	0.5	0.5	dl		0
287636	Zucchinikaka med kardemumma	apelsin (1 st)	1.0	st	1.0	1.0	st		1
287634	Lövbiffsgryta med champinjoner och grönsaksspagetti	gul lök (1 st)	1.0	st	0.5	0.5	st		0
287634	Lövbiffsgryta med champinjoner och grönsaksspagetti	vitlök (1 klyfta)	1.0	klyfta	0.5	0.5	klyfta		0
287634	Lövbiffsgryta med champinjoner och grönsaksspagetti	färska champinjoner (1 st)	1.0	st	8.0	8.0	st		1
287634	Lövbiffsgryta med champinjoner och grönsaksspagetti	paprika (1 st)	1.0	st	0.75	0.75	st		0
287634	Lövbiffsgryta med champinjoner och grönsaksspagetti	lövbiff (100 g)	100.0	g	3.0	300.0	g		1
287634	Lövbiffsgryta med champinjoner och grönsaksspagetti	salt och svartpeppar	None	None	None	None	None		0
287634	Lövbiffsgryta med champinjoner och grönsaksspagetti	olivolja (1 msk)	1.0	msk	0.5	0.5	msk		0
287634	Lövbiffsgryta med champinjoner och grönsaksspagetti	ketjap manis (1 tsk)	1.0	tsk	1.0	1.0	tsk		0
287634	Lövbiffsgryta med champinjoner och grönsaksspagetti	havregrädde (1 dl)	1.0	dl	1.0	1.0	dl		0
287634	Lövbiffsgryta med champinjoner och grönsaksspagetti	sötstark senap (1 msk)	1.0	msk	1.0	1.0	msk		0
287634	Lövbiffsgryta med champinjoner och grönsaksspagetti	dijonsenap (1 tsk)	1.0	tsk	1.0	1.0	tsk		0
287634	Lövbiffsgryta med champinjoner och grönsaksspagetti	färsk persilja (1 msk)	1.0	msk	1.0	1.0	msk		0
287634	Lövbiffsgryta med champinjoner och grönsaksspagetti	squash (1 st)	1.0	st	0.5	0.5	st		1
287634	Lövbiffsgryta med champinjoner och grönsaksspagetti	morot (1 st)	1.0	st	1.0	1.0	st		0
287634	Lövbiffsgryta med champinjoner och grönsaksspagetti	riven parmesanost (1 msk)	1.0	msk	3.0	3.0	msk		0
287634	Lövbiffsgryta med champinjoner och grönsaksspagetti	färsk persilja (1 kvistar)	1.0	kvistar	2.0	2.0	kvistar		0
287630	Lax med rödbetssallad	kokta rödbetor (1 st)	1.0	st	2.0	2.0	st		1
287630	Lax med rödbetssallad	rödlök (1 st)	1.0	st	0.25	0.25	st		0
287630	Lax med rödbetssallad	färsk basilika (1 msk)	1.0	msk	2.0	2.0	msk		1
287630	Lax med rödbetssallad	olivolja (1 tsk)	1.0	tsk	1.0	1.0	tsk		0
287630	Lax med rödbetssallad	balsamvinäger (1 msk)	1.0	msk	0.5	0.5	msk		0
287630	Lax med rödbetssallad	örtagårdskrydda (1 krm)	1.0	krm	1.0	1.0	krm		0
287630	Lax med rödbetssallad	salt och svartpeppar	None	None	None	None	None		0
287630	Lax med rödbetssallad	laxfilé (100 g)	100.0	g	3.0	300.0	g		1
287630	Lax med rödbetssallad	riven parmesanost (1 dl)	1.0	dl	1.0	1.0	dl		0
287630	Lax med rödbetssallad	creme fraiche (1 msk)	1.0	msk	0.5	0.5	msk		0
287630	Lax med rödbetssallad	lättmajonäs (1 msk)	1.0	msk	0.5	0.5	msk		0
287630	Lax med rödbetssallad	citronjuice (1 tsk)	1.0	tsk	0.5	0.5	tsk		0
287630	Lax med rödbetssallad	cayennepeppar (1 krm)	1.0	krm	0.5	0.5	krm		0
287630	Lax med rödbetssallad	rucola (100 g)	100.0	g	0.25	25.0	g		0
287630	Lax med rödbetssallad	kapris (1 msk)	1.0	msk	2.0	2.0	msk		0
287630	Lax med rödbetssallad	färsk basilika (1 kvist)	1.0	kvist	1.0	1.0	kvist		0
287630	Lax med rödbetssallad	citronklyfta (1 st)	1.0	st	1.0	1.0	st		0
287631	Fisktaco med mangosalsa och sesamsås	torskrygg (100 g)	100.0	g	3.0	300.0	g		1
287631	Fisktaco med mangosalsa och sesamsås	salt och svartpeppar	None	None	None	None	None		0
287631	Fisktaco med mangosalsa och sesamsås	ägg (1 st)	1.0	st	0.5	0.5	st		0
287631	Fisktaco med mangosalsa och sesamsås	panko ströbröd (1 dl)	1.0	dl	1.0	1.0	dl		0
287631	Fisktaco med mangosalsa och sesamsås	svarta sesamfrön (1 tsk)	1.0	tsk	1.0	1.0	tsk		0
287631	Fisktaco med mangosalsa och sesamsås	sesamolja (1 msk)	1.0	msk	0.5	0.5	msk		0
287631	Fisktaco med mangosalsa och sesamsås	soja (1 msk)	1.0	msk	0.5	0.5	msk		0
287631	Fisktaco med mangosalsa och sesamsås	majonäs (1 dl)	1.0	dl	0.5	0.5	dl		0
287631	Fisktaco med mangosalsa och sesamsås	färsk ingefära (1 tsk)	1.0	tsk	1.0	1.0	tsk		0
287631	Fisktaco med mangosalsa och sesamsås	avokado (1 st)	1.0	st	1.0	1.0	st		1
287631	Fisktaco med mangosalsa och sesamsås	färsk mango (1 st)	1.0	st	0.5	0.5	st		1
287631	Fisktaco med mangosalsa och sesamsås	rödlök (1 st)	1.0	st	0.25	0.25	st		0
287631	Fisktaco med mangosalsa och sesamsås	cocktailtomater (1 st)	1.0	st	3.0	3.0	st		0
287631	Fisktaco med mangosalsa och sesamsås	lime (1 st)	1.0	st	0.5	0.5	st		0
287631	Fisktaco med mangosalsa och sesamsås	färsk koriander (1 msk)	1.0	msk	1.0	1.0	msk		0
287631	Fisktaco med mangosalsa och sesamsås	romansallad (1 blad)	1.0	blad	4.0	4.0	blad		0
287631	Fisktaco med mangosalsa och sesamsås	citronklyftor (1 st)	1.0	st	2.0	2.0	st		0
287631	Fisktaco med mangosalsa och sesamsås	färsk koriander (1 kvistar)	1.0	kvistar	2.0	2.0	kvistar		0
287624	Pokébowl med lax	broccoli (1 dl)	1.0	dl	1.0	1.0	dl		1
287624	Pokébowl med lax	blomkål (1 dl)	1.0	dl	1.0	1.0	dl		0
287624	Pokébowl med lax	färsk koriander (1 msk)	1.0	msk	2.0	2.0	msk		0
287624	Pokébowl med lax	lime (1 st)	1.0	st	0.25	0.25	st		0
287624	Pokébowl med lax	salt och svartpeppar	None	None	None	None	None		0
287624	Pokébowl med lax	rödkål (1 dl)	1.0	dl	1.0	1.0	dl		0
287624	Pokébowl med lax	morot (1 st)	1.0	st	0.5	0.5	st		0
287624	Pokébowl med lax	avokado (1 st)	1.0	st	0.5	0.5	st		0
287624	Pokébowl med lax	sockerärtor (100 g)	100.0	g	0.3	30.0	g		0
287624	Pokébowl med lax	färsk mango (1 st)	1.0	st	0.25	0.25	st		0
287624	Pokébowl med lax	salladslök (1 st)	1.0	st	0.5	0.5	st		0
287624	Pokébowl med lax	frysta sojabönor (1 dl)	1.0	dl	1.0	1.0	dl		1
287624	Pokébowl med lax	granatäppelkärnor (1 dl)	1.0	dl	0.5	0.5	dl		0
287624	Pokébowl med lax	wasabi & sesamekrydda (1 msk)	1.0	msk	0.5	0.5	msk		0
287624	Pokébowl med lax	algsallad (1 msk)	1.0	msk	2.0	2.0	msk		0
287624	Pokébowl med lax	picklad rödlök (1 msk)	1.0	msk	2.0	2.0	msk		0
287624	Pokébowl med lax	salmalax (100 g)	100.0	g	1.0	100.0	g		1
287624	Pokébowl med lax	teriyakisås (1 msk)	1.0	msk	1.0	1.0	msk		0
287624	Pokébowl med lax	majonäs (1 msk)	1.0	msk	1.0	1.0	msk		0
287624	Pokébowl med lax	stark chilisås (1 tsk)	1.0	tsk	0.5	0.5	tsk		0
287624	Pokébowl med lax	vitlök (1 klyfta)	1.0	klyfta	0.25	0.25	klyfta		0
287624	Pokébowl med lax	lime (1 klyfta)	1.0	klyfta	1.0	1.0	klyfta		0
287624	Pokébowl med lax	ärtskott (100 g)	100.0	g	0.25	25.0	g		0
287626	Detox my morning	färsk ingefära (1 msk)	1.0	msk	1.0	1.0	msk		1
287626	Detox my morning	citron (1 st)	1.0	st	1.0	1.0	st		1
287626	Detox my morning	agavesirap (1 msk)	1.0	msk	1.0	1.0	msk		0
287626	Detox my morning	cayennepeppar (1 tsk)	1.0	tsk	0.5	0.5	tsk		1
287626	Detox my morning	vatten (1 dl)	1.0	dl	3.0	3.0	dl		0
287620	Halloumiburgare med rödbetor	rödbetor (1 st)	1.0	st	2.0	2.0	st		1
287620	Halloumiburgare med rödbetor	squash (1 cm)	1.0	cm	5.0	5.0	cm		0
287620	Halloumiburgare med rödbetor	morot (1 st)	1.0	st	1.0	1.0	st		0
287620	Halloumiburgare med rödbetor	olivolja (1 tsk)	1.0	tsk	1.0	1.0	tsk		0
287620	Halloumiburgare med rödbetor	halloumiburgare (100 g)	100.0	g	1.0	100.0	g		0
287620	Halloumiburgare med rödbetor	salt och svartpeppar	None	None	None	None	None		0
287620	Halloumiburgare med rödbetor	örtagårdskrydda (1 tsk)	1.0	tsk	0.5	0.5	tsk		0
287620	Halloumiburgare med rödbetor	spenat (100 g)	100.0	g	0.5	50.0	g		1
287620	Halloumiburgare med rödbetor	rödlök (1 msk)	1.0	msk	1.0	1.0	msk		0
287620	Halloumiburgare med rödbetor	valnötter (1 st)	1.0	st	5.0	5.0	st		1
287620	Halloumiburgare med rödbetor	grön pesto (1 tsk)	1.0	tsk	1.0	1.0	tsk		0
287620	Halloumiburgare med rödbetor	gräddfil (1 msk)	1.0	msk	1.0	1.0	msk		0
287620	Halloumiburgare med rödbetor	majonäs (1 msk)	1.0	msk	0.5	0.5	msk		0
287620	Halloumiburgare med rödbetor	vitlök (1 klyfta)	1.0	klyfta	0.5	0.5	klyfta		0
287620	Halloumiburgare med rödbetor	färsk persilja (1 kvist)	1.0	kvist	1.0	1.0	kvist		0
287622	Shitake med nudlar	risnudlar (100 g)	100.0	g	1.25	125.0	g		0
287622	Shitake med nudlar	shitakesvamp (100 g)	100.0	g	1.5	150.0	g		1
287622	Shitake med nudlar	vitlök (1 klyfta)	1.0	klyfta	1.0	1.0	klyfta		0
287622	Shitake med nudlar	gul lök (1 st)	1.0	st	0.5	0.5	st		0
287622	Shitake med nudlar	paprika (1 st)	1.0	st	0.25	0.25	st		1
287622	Shitake med nudlar	morot (1 st)	1.0	st	1.0	1.0	st		0
287622	Shitake med nudlar	salladslök (1 st)	1.0	st	1.0	1.0	st		0
287622	Shitake med nudlar	olivolja (1 msk)	1.0	msk	0.5	0.5	msk		0
287622	Shitake med nudlar	färsk ingefära (1 tsk)	1.0	tsk	1.0	1.0	tsk		1
287622	Shitake med nudlar	pokésås (1 dl)	1.0	dl	0.5	0.5	dl		0
287622	Shitake med nudlar	färsk koriander (1 msk)	1.0	msk	1.0	1.0	msk		0
287622	Shitake med nudlar	lime (1 klyfta)	1.0	klyfta	1.0	1.0	klyfta		0
287618	Sötpotatissallad	sötpotatis (1 st)	1.0	st	2.0	2.0	st		1
287618	Sötpotatissallad	vitlök (1 klyfta)	1.0	klyfta	1.0	1.0	klyfta		1
287618	Sötpotatissallad	olivolja (1 tsk)	1.0	tsk	1.0	1.0	tsk		0
287618	Sötpotatissallad	salt och svartpeppar	None	None	None	None	None		0
287618	Sötpotatissallad	örtagårdskrydda (1 tsk)	1.0	tsk	0.5	0.5	tsk		0
287618	Sötpotatissallad	konserverade kikärtor (100 ml)	100.0	ml	2.0	200.0	ml		1
287618	Sötpotatissallad	färsk timjan (1 msk)	1.0	msk	1.0	1.0	msk		0
287618	Sötpotatissallad	citronklyftor (1 st)	1.0	st	2.0	2.0	st		0
287615	Laxgryta med dill och citron	laxfilé (100 g)	100.0	g	3.0	300.0	g		1
287615	Laxgryta med dill och citron	salt och svartpeppar	None	None	None	None	None		0
287615	Laxgryta med dill och citron	vitlök (1 klyfta)	1.0	klyfta	0.5	0.5	klyfta		0
287615	Laxgryta med dill och citron	fänkål (1 st)	1.0	st	0.5	0.5	st		1
287615	Laxgryta med dill och citron	olivolja (1 tsk)	1.0	tsk	1.0	1.0	tsk		0
287615	Laxgryta med dill och citron	purjolök (1 dl)	1.0	dl	1.0	1.0	dl		0
287615	Laxgryta med dill och citron	vatten (1 dl)	1.0	dl	1.0	1.0	dl		0
287615	Laxgryta med dill och citron	fiskbuljong (1 tärning)	1.0	tärning	0.5	0.5	tärning		0
287615	Laxgryta med dill och citron	havregrädde (1 dl)	1.0	dl	1.0	1.0	dl		0
287615	Laxgryta med dill och citron	färsk dill (1 msk)	1.0	msk	2.0	2.0	msk		0
287615	Laxgryta med dill och citron	citron (1 st)	1.0	st	0.25	0.25	st		0
287615	Laxgryta med dill och citron	frysta sojabönor (1 dl)	1.0	dl	1.0	1.0	dl		1
287615	Laxgryta med dill och citron	sockerärtor (100 g)	100.0	g	0.75	75.0	g		0
287615	Laxgryta med dill och citron	citronskiva (1 st)	1.0	st	1.0	1.0	st		0
287615	Laxgryta med dill och citron	färsk dill (1 kvist)	1.0	kvist	1.0	1.0	kvist		0
287613	Laxfilé med broccolisallad	laxfilé (100 g)	100.0	g	3.0	300.0	g		1
287613	Laxfilé med broccolisallad	salt och svartpeppar	None	None	None	None	None		0
287613	Laxfilé med broccolisallad	olivolja (1 tsk)	1.0	tsk	1.0	1.0	tsk		0
287613	Laxfilé med broccolisallad	fryst broccoliris (100 g)	100.0	g	3.0	300.0	g		1
287613	Laxfilé med broccolisallad	färsk dill (1 msk)	1.0	msk	1.0	1.0	msk		0
287613	Laxfilé med broccolisallad	granatäppelkärnor (1 dl)	1.0	dl	1.0	1.0	dl		1
287613	Laxfilé med broccolisallad	gräddfil (1 msk)	1.0	msk	3.0	3.0	msk		0
287613	Laxfilé med broccolisallad	fetaost (100 g)	100.0	g	0.3	30.0	g		0
287613	Laxfilé med broccolisallad	citronklyfta (1 st)	1.0	st	1.0	1.0	st		0
287613	Laxfilé med broccolisallad	färsk dill (1 kvist)	1.0	kvist	1.0	1.0	kvist		0
287611	Ugnsbakad kyckling med tzatziki och sallad	kycklinglårfilé (100 g)	100.0	g	3.0	300.0	g		0
287611	Ugnsbakad kyckling med tzatziki och sallad	vitlök (1 klyfta)	1.0	klyfta	1.0	1.0	klyfta		0
287611	Ugnsbakad kyckling med tzatziki och sallad	ketjap manis (1 msk)	1.0	msk	1.0	1.0	msk		0
287611	Ugnsbakad kyckling med tzatziki och sallad	salt och svartpeppar	None	None	None	None	None		0
287611	Ugnsbakad kyckling med tzatziki och sallad	örtagårdskrydda (1 krm)	1.0	krm	1.0	1.0	krm		0
287611	Ugnsbakad kyckling med tzatziki och sallad	olivolja (1 tsk)	1.0	tsk	1.0	1.0	tsk		1
287611	Ugnsbakad kyckling med tzatziki och sallad	citron (1 st)	1.0	st	0.25	0.25	st		0
287611	Ugnsbakad kyckling med tzatziki och sallad	paprika (1 st)	1.0	st	1.5	1.5	st		0
287611	Ugnsbakad kyckling med tzatziki och sallad	rödlök (1 st)	1.0	st	0.5	0.5	st		0
287611	Ugnsbakad kyckling med tzatziki och sallad	morot (1 st)	1.0	st	1.0	1.0	st		0
287611	Ugnsbakad kyckling med tzatziki och sallad	gurka (1 cm)	1.0	cm	10.0	10.0	cm		1
287611	Ugnsbakad kyckling med tzatziki och sallad	färsk persilja (1 msk)	1.0	msk	2.0	2.0	msk		0
287611	Ugnsbakad kyckling med tzatziki och sallad	grekisk yoghurt (1 dl)	1.0	dl	0.5	0.5	dl		1
287611	Ugnsbakad kyckling med tzatziki och sallad	citronklyftor (1 st)	1.0	st	2.0	2.0	st		0
287608	Avokado- och persikosallad	avokado (1 st)	1.0	st	2.0	2.0	st		1
287608	Avokado- och persikosallad	citron (1 st)	1.0	st	0.25	0.25	st		0
287608	Avokado- och persikosallad	persika (1 st)	1.0	st	2.0	2.0	st		1
287608	Avokado- och persikosallad	rödlök (1 st)	1.0	st	0.25	0.25	st		0
287608	Avokado- och persikosallad	salt och svartpeppar	None	None	None	None	None		0
287608	Avokado- och persikosallad	örtagårdskrydda (1 krm)	1.0	krm	1.0	1.0	krm		0
287608	Avokado- och persikosallad	olivolja (1 tsk)	1.0	tsk	2.0	2.0	tsk		0
287608	Avokado- och persikosallad	vit balsamico (1 msk)	1.0	msk	1.0	1.0	msk		0
287608	Avokado- och persikosallad	färsk mynta (1 msk)	1.0	msk	1.0	1.0	msk		0
287608	Avokado- och persikosallad	solrosfrön (1 dl)	1.0	dl	0.5	0.5	dl		1
287608	Avokado- och persikosallad	flytande honung (1 krm)	1.0	krm	1.0	1.0	krm		0
287608	Avokado- och persikosallad	citronklyfta (1 st)	1.0	st	1.0	1.0	st		0
287608	Avokado- och persikosallad	färsk mynta (1 kvist)	1.0	kvist	1.0	1.0	kvist		0
287605	Köttfärssås med konjaksnudlar	gul lök (1 st)	1.0	st	0.5	0.5	st		0
287605	Köttfärssås med konjaksnudlar	vitlök (1 klyfta)	1.0	klyfta	1.0	1.0	klyfta		0
287605	Köttfärssås med konjaksnudlar	olivolja (1 tsk)	1.0	tsk	1.0	1.0	tsk		1
287605	Köttfärssås med konjaksnudlar	nötfärs (100 g)	100.0	g	3.0	300.0	g		0
287605	Köttfärssås med konjaksnudlar	salt och svartpeppar	None	None	None	None	None		0
287605	Köttfärssås med konjaksnudlar	morot (1 st)	1.0	st	1.0	1.0	st		1
287605	Köttfärssås med konjaksnudlar	selleristjälk (1 st)	1.0	st	1.0	1.0	st		1
287605	Köttfärssås med konjaksnudlar	krossade tomater (100 g)	100.0	g	2.0	200.0	g		0
287605	Köttfärssås med konjaksnudlar	stark chilisås (1 msk)	1.0	msk	0.5	0.5	msk		0
287605	Köttfärssås med konjaksnudlar	örtagårdskrydda (1 krm)	1.0	krm	1.0	1.0	krm		0
287605	Köttfärssås med konjaksnudlar	färsk basilika (1 msk)	1.0	msk	2.0	2.0	msk		0
287605	Köttfärssås med konjaksnudlar	konjaksnudlar (Clean Eating) (100 g)	100.0	g	2.0	200.0	g		0
287605	Köttfärssås med konjaksnudlar	färsk basilika (1 kvist)	1.0	kvist	1.0	1.0	kvist		0
287602	Balsamicomarinerade rödbetor med fetaost	kokta rödbetor (1 st)	1.0	st	4.0	4.0	st		1
287602	Balsamicomarinerade rödbetor med fetaost	rödlök (1 st)	1.0	st	0.5	0.5	st		0
287602	Balsamicomarinerade rödbetor med fetaost	olivolja (1 msk)	1.0	msk	0.5	0.5	msk		0
287602	Balsamicomarinerade rödbetor med fetaost	balsamvinäger (1 msk)	1.0	msk	1.0	1.0	msk		0
287602	Balsamicomarinerade rödbetor med fetaost	flytande honung (1 tsk)	1.0	tsk	1.0	1.0	tsk		0
287602	Balsamicomarinerade rödbetor med fetaost	färsk persilja (1 msk)	1.0	msk	1.0	1.0	msk		0
287602	Balsamicomarinerade rödbetor med fetaost	salt och svartpeppar	None	None	None	None	None		0
287602	Balsamicomarinerade rödbetor med fetaost	örtagårdskrydda (1 tsk)	1.0	tsk	0.5	0.5	tsk		0
287602	Balsamicomarinerade rödbetor med fetaost	broccolistånd (1 st)	1.0	st	0.25	0.25	st		1
287602	Balsamicomarinerade rödbetor med fetaost	citron (1 st)	1.0	st	0.25	0.25	st		0
287602	Balsamicomarinerade rödbetor med fetaost	fetaost med örter i olja (100 g)	100.0	g	1.0	100.0	g		0
287602	Balsamicomarinerade rödbetor med fetaost	mandel (1 dl)	1.0	dl	0.5	0.5	dl		1
287602	Balsamicomarinerade rödbetor med fetaost	rucola (1 dl)	1.0	dl	0.5	0.5	dl		0
287602	Balsamicomarinerade rödbetor med fetaost	citronklyftor (1 st)	1.0	st	2.0	2.0	st		0
287601	Ajvarspett med grekisk sallad och tzatziki	vitlök (1 klyfta)	1.0	klyfta	1.0	1.0	klyfta		0
287601	Ajvarspett med grekisk sallad och tzatziki	panko ströbröd (1 msk)	1.0	msk	3.0	3.0	msk		0
287601	Ajvarspett med grekisk sallad och tzatziki	vatten (1 msk)	1.0	msk	3.0	3.0	msk		0
287601	Ajvarspett med grekisk sallad och tzatziki	färsk timjan (1 msk)	1.0	msk	2.0	2.0	msk		0
287601	Ajvarspett med grekisk sallad och tzatziki	salt och svartpeppar	None	None	None	None	None		0
287601	Ajvarspett med grekisk sallad och tzatziki	örtagårdskrydda (1 krm)	1.0	krm	1.0	1.0	krm		0
287601	Ajvarspett med grekisk sallad och tzatziki	nötfärs (100 g)	100.0	g	3.0	300.0	g		0
287601	Ajvarspett med grekisk sallad och tzatziki	ägg (1 st)	1.0	st	0.5	0.5	st		0
287601	Ajvarspett med grekisk sallad och tzatziki	ajvar relish (1 msk)	1.0	msk	2.0	2.0	msk		0
287601	Ajvarspett med grekisk sallad och tzatziki	paprika (1 st)	1.0	st	0.75	0.75	st		0
287601	Ajvarspett med grekisk sallad och tzatziki	tomat (1 st)	1.0	st	1.0	1.0	st		1
287601	Ajvarspett med grekisk sallad och tzatziki	gurka (1 cm)	1.0	cm	10.0	10.0	cm		0
287601	Ajvarspett med grekisk sallad och tzatziki	olivolja (1 tsk)	1.0	tsk	1.0	1.0	tsk		0
287601	Ajvarspett med grekisk sallad och tzatziki	rödvinsvinäger (1 tsk)	1.0	tsk	1.0	1.0	tsk		0
287601	Ajvarspett med grekisk sallad och tzatziki	flytande honung (1 tsk)	1.0	tsk	0.5	0.5	tsk		0
287601	Ajvarspett med grekisk sallad och tzatziki	fetaost (100 g)	100.0	g	0.5	50.0	g		0
287601	Ajvarspett med grekisk sallad och tzatziki	grekisk yoghurt (1 dl)	1.0	dl	1.0	1.0	dl		1
287601	Ajvarspett med grekisk sallad och tzatziki	citronklyftor (1 st)	1.0	st	2.0	2.0	st		0
287597	Wokad lövbiff med nudlar	glasnudlar (100 g)	100.0	g	1.0	100.0	g		0
287597	Wokad lövbiff med nudlar	lövbiff (100 g)	100.0	g	3.0	300.0	g		0
287597	Wokad lövbiff med nudlar	gul lök (1 st)	1.0	st	0.5	0.5	st		0
287597	Wokad lövbiff med nudlar	chili (1 st)	1.0	st	0.5	0.5	st		0
287597	Wokad lövbiff med nudlar	vitlök (1 klyfta)	1.0	klyfta	1.0	1.0	klyfta		0
287597	Wokad lövbiff med nudlar	olivolja (1 tsk)	1.0	tsk	2.0	2.0	tsk		0
287597	Wokad lövbiff med nudlar	salt och svartpeppar	None	None	None	None	None		0
287597	Wokad lövbiff med nudlar	färsk ingefära (1 msk)	1.0	msk	1.0	1.0	msk		1
287597	Wokad lövbiff med nudlar	teriyaki wok sås (Blue dragon) (100 g)	100.0	g	1.0	100.0	g		0
287597	Wokad lövbiff med nudlar	sesamolja (1 tsk)	1.0	tsk	1.0	1.0	tsk		0
287597	Wokad lövbiff med nudlar	haricots verts (100 g)	100.0	g	1.5	150.0	g		0
287597	Wokad lövbiff med nudlar	broccolistånd (1 st)	1.0	st	0.5	0.5	st		1
287597	Wokad lövbiff med nudlar	färsk koriander (1 msk)	1.0	msk	2.0	2.0	msk		1
287597	Wokad lövbiff med nudlar	morot (1 st)	1.0	st	1.0	1.0	st		0
287597	Wokad lövbiff med nudlar	färsk koriander (1 kvistar)	1.0	kvistar	2.0	2.0	kvistar		0
287593	Asiatisk tonfisksallad	isbergssallad (1 dl)	1.0	dl	4.0	4.0	dl		0
287593	Asiatisk tonfisksallad	morot (1 st)	1.0	st	1.0	1.0	st		0
287593	Asiatisk tonfisksallad	sockerärtor (100 g)	100.0	g	0.5	50.0	g		0
287593	Asiatisk tonfisksallad	paprika (1 st)	1.0	st	0.5	0.5	st		0
287593	Asiatisk tonfisksallad	purjolök (1 cm)	1.0	cm	10.0	10.0	cm		0
287593	Asiatisk tonfisksallad	salladslök (1 st)	1.0	st	1.0	1.0	st		0
287593	Asiatisk tonfisksallad	färsk koriander (1 msk)	1.0	msk	2.0	2.0	msk		0
287593	Asiatisk tonfisksallad	tonfisk i vatten (100 g)	100.0	g	1.5	150.0	g		1
287593	Asiatisk tonfisksallad	sesamolja (1 tsk)	1.0	tsk	2.0	2.0	tsk		0
287593	Asiatisk tonfisksallad	sweet chilisås (1 tsk)	1.0	tsk	1.0	1.0	tsk		0
287593	Asiatisk tonfisksallad	soja (1 tsk)	1.0	tsk	1.0	1.0	tsk		0
287593	Asiatisk tonfisksallad	sesamfrön (1 tsk)	1.0	tsk	1.0	1.0	tsk		0
287593	Asiatisk tonfisksallad	lime (1 st)	1.0	st	0.25	0.25	st		0
287593	Asiatisk tonfisksallad	röd chili (1 st)	1.0	st	0.5	0.5	st		0
287593	Asiatisk tonfisksallad	lime (1 klyfta)	1.0	klyfta	1.0	1.0	klyfta		0
287594	Köttfärsbiffar med sötpotatis	nötfärs (100 g)	100.0	g	3.0	300.0	g		0
287594	Köttfärsbiffar med sötpotatis	vitlök (1 klyfta)	1.0	klyfta	1.0	1.0	klyfta		0
287594	Köttfärsbiffar med sötpotatis	rödlök (1 st)	1.0	st	0.25	0.25	st		0
287594	Köttfärsbiffar med sötpotatis	färsk persilja (1 msk)	1.0	msk	2.0	2.0	msk		1
287594	Köttfärsbiffar med sötpotatis	sambal oelek (1 tsk)	1.0	tsk	1.0	1.0	tsk		0
287594	Köttfärsbiffar med sötpotatis	salt och svartpeppar	None	None	None	None	None		0
287594	Köttfärsbiffar med sötpotatis	sötpotatis (100 g)	100.0	g	3.0	300.0	g		1
287594	Köttfärsbiffar med sötpotatis	olivolja (1 tsk)	1.0	tsk	2.0	2.0	tsk		0
287594	Köttfärsbiffar med sötpotatis	creme fraiche (1 msk)	1.0	msk	2.0	2.0	msk		0
287594	Köttfärsbiffar med sötpotatis	majonäs (1 msk)	1.0	msk	1.0	1.0	msk		0
287594	Köttfärsbiffar med sötpotatis	sötstark senap (1 msk)	1.0	msk	1.0	1.0	msk		0
287594	Köttfärsbiffar med sötpotatis	dijonsenap (1 tsk)	1.0	tsk	0.5	0.5	tsk		0
287594	Köttfärsbiffar med sötpotatis	rucola (100 g)	100.0	g	0.25	25.0	g		1
287594	Köttfärsbiffar med sötpotatis	riven parmesanost (1 msk)	1.0	msk	2.0	2.0	msk		0
287590	Kycklinggryta med mango och linser	kycklingfilé (100 g)	100.0	g	3.0	300.0	g		0
287590	Kycklinggryta med mango och linser	sweet chilisås (1 msk)	1.0	msk	1.0	1.0	msk		0
287590	Kycklinggryta med mango och linser	sambal oelek (1 tsk)	1.0	tsk	1.0	1.0	tsk		0
287590	Kycklinggryta med mango och linser	olivolja (1 tsk)	1.0	tsk	1.0	1.0	tsk		0
287590	Kycklinggryta med mango och linser	salt och svartpeppar	None	None	None	None	None		0
287590	Kycklinggryta med mango och linser	vatten (1 dl)	1.0	dl	2.0	2.0	dl		0
287590	Kycklinggryta med mango och linser	kycklingbuljongtärning (1 st)	1.0	st	0.5	0.5	st		0
287590	Kycklinggryta med mango och linser	röda linser (1 dl)	1.0	dl	1.0	1.0	dl		1
287590	Kycklinggryta med mango och linser	havregrädde (1 dl)	1.0	dl	0.5	0.5	dl		0
287590	Kycklinggryta med mango och linser	färsk mango (1 st)	1.0	st	0.5	0.5	st		1
287590	Kycklinggryta med mango och linser	paprika (1 st)	1.0	st	0.5	0.5	st		0
287590	Kycklinggryta med mango och linser	purjolök (1 cm)	1.0	cm	10.0	10.0	cm		0
287590	Kycklinggryta med mango och linser	färsk mynta (1 msk)	1.0	msk	2.0	2.0	msk		1
287590	Kycklinggryta med mango och linser	skivade jalapenos (1 msk)	1.0	msk	3.0	3.0	msk		0
287589	Nudelsoppa med grönsaker	vitlök (1 klyfta)	1.0	klyfta	0.5	0.5	klyfta		0
287589	Nudelsoppa med grönsaker	salladslök (1 st)	1.0	st	1.0	1.0	st		1
287589	Nudelsoppa med grönsaker	morot (1 st)	1.0	st	1.0	1.0	st		0
287589	Nudelsoppa med grönsaker	broccoli (100 g)	100.0	g	1.0	100.0	g		1
287589	Nudelsoppa med grönsaker	blomkål (100 g)	100.0	g	1.0	100.0	g		0
287589	Nudelsoppa med grönsaker	röd chili (1 st)	1.0	st	0.5	0.5	st		0
287589	Nudelsoppa med grönsaker	olivolja (1 tsk)	1.0	tsk	0.5	0.5	tsk		0
287589	Nudelsoppa med grönsaker	färsk ingefära (1 msk)	1.0	msk	0.5	0.5	msk		1
287589	Nudelsoppa med grönsaker	curry mango krydda (1 msk)	1.0	msk	0.5	0.5	msk		0
287589	Nudelsoppa med grönsaker	hönsbuljongtärning (1 st)	1.0	st	0.5	0.5	st		0
287589	Nudelsoppa med grönsaker	ketjap manis (1 msk)	1.0	msk	0.5	0.5	msk		0
287589	Nudelsoppa med grönsaker	vatten (1 dl)	1.0	dl	3.0	3.0	dl		0
287589	Nudelsoppa med grönsaker	ramennudlar (100 g)	100.0	g	1.0	100.0	g		0
287589	Nudelsoppa med grönsaker	sockerärtor (100 g)	100.0	g	1.0	100.0	g		0
287589	Nudelsoppa med grönsaker	färsk koriander (1 msk)	1.0	msk	1.0	1.0	msk		0
287589	Nudelsoppa med grönsaker	saltade jordnötter (1 msk)	1.0	msk	2.0	2.0	msk		0
287587	Kycklingpizza	kycklingfärs (100 g)	100.0	g	5.0	500.0	g		1
287587	Kycklingpizza	vitlök (1 klyfta)	1.0	klyfta	0.5	0.5	klyfta		0
287587	Kycklingpizza	curry (1 tsk)	1.0	tsk	0.5	0.5	tsk		0
287587	Kycklingpizza	riven mozzarella (100 g)	100.0	g	1.25	125.0	g		0
287587	Kycklingpizza	salt och svartpeppar	None	None	None	None	None		0
287587	Kycklingpizza	örtagårdskrydda (1 krm)	1.0	krm	1.0	1.0	krm		0
287587	Kycklingpizza	rödlök (1 st)	1.0	st	0.25	0.25	st		0
287587	Kycklingpizza	squash (1 st)	1.0	st	0.25	0.25	st		0
287587	Kycklingpizza	aubergine (1 st)	1.0	st	0.5	0.5	st		1
287587	Kycklingpizza	skogschampinjoner (1 st)	1.0	st	2.0	2.0	st		0
287587	Kycklingpizza	paprika (1 st)	1.0	st	0.25	0.25	st		0
287587	Kycklingpizza	cocktailtomater (1 st)	1.0	st	10.0	10.0	st		0
287587	Kycklingpizza	olivolja (1 tsk)	1.0	tsk	2.0	2.0	tsk		0
287587	Kycklingpizza	ajvar relish (1 dl)	1.0	dl	1.0	1.0	dl		0
287587	Kycklingpizza	riven ost (1 dl)	1.0	dl	1.0	1.0	dl		0
287587	Kycklingpizza	torkad oregano (1 krm)	1.0	krm	1.0	1.0	krm		0
287587	Kycklingpizza	rucola (100 g)	100.0	g	0.2	20.0	g		0
287587	Kycklingpizza	basilikablad (1 st)	1.0	st	4.0	4.0	st		1
287569	Ratatouille med Apetina panéer	gul lök (1 st)	1.0	st	1.0	1.0	st		0
287569	Ratatouille med Apetina panéer	morot (1 st)	1.0	st	1.0	1.0	st		0
287569	Ratatouille med Apetina panéer	squash (1 st)	1.0	st	0.5	0.5	st		1
287569	Ratatouille med Apetina panéer	paprika (1 st)	1.0	st	1.0	1.0	st		1
287569	Ratatouille med Apetina panéer	blomkål (100 g)	100.0	g	1.5	150.0	g		1
287569	Ratatouille med Apetina panéer	olivolja (1 tsk)	1.0	tsk	2.0	2.0	tsk		0
287569	Ratatouille med Apetina panéer	vitlök (1 klyfta)	1.0	klyfta	1.0	1.0	klyfta		0
287569	Ratatouille med Apetina panéer	krossade tomater (100 g)	100.0	g	2.0	200.0	g		0
287569	Ratatouille med Apetina panéer	chiliflakes (1 krm)	1.0	krm	1.0	1.0	krm		0
287569	Ratatouille med Apetina panéer	honung (1 tsk)	1.0	tsk	1.0	1.0	tsk		0
287569	Ratatouille med Apetina panéer	torkade örter (1 tsk)	1.0	tsk	1.0	1.0	tsk		0
287569	Ratatouille med Apetina panéer	salt och svartpeppar	None	None	None	None	None		0
287569	Ratatouille med Apetina panéer	Apetina panéer (100 g)	100.0	g	2.25	225.0	g		0
287569	Ratatouille med Apetina panéer	färsk dill (1 msk)	1.0	msk	2.0	2.0	msk		0
287567	Kycklingfärswok	morötter (1 st)	1.0	st	2.0	2.0	st		0
287567	Kycklingfärswok	paprika (1 st)	1.0	st	1.0	1.0	st		1
287567	Kycklingfärswok	broccolistånd (1 st)	1.0	st	0.5	0.5	st		0
287567	Kycklingfärswok	gul lök (1 st)	1.0	st	1.0	1.0	st		0
287567	Kycklingfärswok	olivolja (1 tsk)	1.0	tsk	1.0	1.0	tsk		0
287567	Kycklingfärswok	kycklingfärs (100 g)	100.0	g	5.0	500.0	g		1
287567	Kycklingfärswok	vitlök (1 klyfta)	1.0	klyfta	1.0	1.0	klyfta		0
287567	Kycklingfärswok	röd chili (1 st)	1.0	st	0.5	0.5	st		0
287567	Kycklingfärswok	färsk ingefära (1 msk)	1.0	msk	0.5	0.5	msk		1
287567	Kycklingfärswok	salt och svartpeppar	None	None	None	None	None		0
287567	Kycklingfärswok	chicken thai wok krydda (santa maria) (100 g)	100.0	g	0.3	30.0	g		0
287567	Kycklingfärswok	böngroddar (100 g)	100.0	g	1.0	100.0	g		0
287567	Kycklingfärswok	lime (1 klyfta)	1.0	klyfta	1.0	1.0	klyfta		0
287567	Kycklingfärswok	färsk koriander (1 msk)	1.0	msk	1.0	1.0	msk		0
287565	Kycklinggryta med rotfrukter och plommon	gul lök (1 st)	1.0	st	1.0	1.0	st		0
287565	Kycklinggryta med rotfrukter och plommon	vitlök (1 klyfta)	1.0	klyfta	1.0	1.0	klyfta		0
287565	Kycklinggryta med rotfrukter och plommon	liten sötpotatis (1 st)	1.0	st	0.5	0.5	st		0
287565	Kycklinggryta med rotfrukter och plommon	palsternacka (1 st)	1.0	st	1.0	1.0	st		1
287565	Kycklinggryta med rotfrukter och plommon	kycklinglår med skinn (100 g)	100.0	g	6.0	600.0	g		0
287565	Kycklinggryta med rotfrukter och plommon	olivolja (1 tsk)	1.0	tsk	2.0	2.0	tsk		0
287565	Kycklinggryta med rotfrukter och plommon	salt och svartpeppar	None	None	None	None	None		0
287565	Kycklinggryta med rotfrukter och plommon	örtagårdskrydda (1 tsk)	1.0	tsk	0.5	0.5	tsk		0
287565	Kycklinggryta med rotfrukter och plommon	vatten (1 dl)	1.0	dl	4.0	4.0	dl		0
287565	Kycklinggryta med rotfrukter och plommon	hönsbuljongtärning (1 st)	1.0	st	1.0	1.0	st		0
287565	Kycklinggryta med rotfrukter och plommon	lagerblad (1 st)	1.0	st	2.0	2.0	st		0
287565	Kycklinggryta med rotfrukter och plommon	torkade plommon (1 st)	1.0	st	5.0	5.0	st		1
287565	Kycklinggryta med rotfrukter och plommon	konserverade körsbärstomater (100 g)	100.0	g	4.0	400.0	g		0
287565	Kycklinggryta med rotfrukter och plommon	färska örter (1 msk)	1.0	msk	2.0	2.0	msk		1
287550	Råkost med tonfiskröra	blandad sallad (100 g)	100.0	g	1.0	100.0	g		0
287550	Råkost med tonfiskröra	morötter (1 st)	1.0	st	2.0	2.0	st		1
287550	Råkost med tonfiskröra	selleristjälkar (1 st)	1.0	st	2.0	2.0	st		0
287550	Råkost med tonfiskröra	broccolistånd (1 st)	1.0	st	0.5	0.5	st		1
287550	Råkost med tonfiskröra	citron (1 st)	1.0	st	0.25	0.25	st		0
287550	Råkost med tonfiskröra	salt och svartpeppar	None	None	None	None	None		0
287550	Råkost med tonfiskröra	paprika (1 st)	1.0	st	0.5	0.5	st		0
287550	Råkost med tonfiskröra	sockerärtor (1 st)	1.0	st	10.0	10.0	st		0
287550	Råkost med tonfiskröra	cocktailtomater (1 st)	1.0	st	4.0	4.0	st		0
287550	Råkost med tonfiskröra	grekisk yoghurt (1 msk)	1.0	msk	3.0	3.0	msk		0
287550	Råkost med tonfiskröra	majonäs (1 msk)	1.0	msk	2.0	2.0	msk		0
287550	Råkost med tonfiskröra	sweet chilisås (1 msk)	1.0	msk	2.0	2.0	msk		0
287550	Råkost med tonfiskröra	tonfisk i vatten (100 g)	100.0	g	2.0	200.0	g		1
287550	Råkost med tonfiskröra	rödlök (1 msk)	1.0	msk	2.0	2.0	msk		0
287548	Kycklingfärs med röda linser	rödlök (1 st)	1.0	st	1.0	1.0	st		0
287548	Kycklingfärs med röda linser	vitlök (1 klyfta)	1.0	klyfta	1.0	1.0	klyfta		0
287548	Kycklingfärs med röda linser	paprika (1 st)	1.0	st	1.0	1.0	st		0
287548	Kycklingfärs med röda linser	olivolja (1 tsk)	1.0	tsk	1.0	1.0	tsk		0
287548	Kycklingfärs med röda linser	röda linser (1 dl)	1.0	dl	2.0	2.0	dl		1
287548	Kycklingfärs med röda linser	kycklingfärs (100 g)	100.0	g	4.0	400.0	g		1
287548	Kycklingfärs med röda linser	salt och svartpeppar	None	None	None	None	None		0
287548	Kycklingfärs med röda linser	örtagårdskrydda (1 tsk)	1.0	tsk	0.5	0.5	tsk		0
287548	Kycklingfärs med röda linser	kycklingbuljongtärning (1 st)	1.0	st	1.0	1.0	st		0
287548	Kycklingfärs med röda linser	vatten (1 dl)	1.0	dl	3.0	3.0	dl		0
287548	Kycklingfärs med röda linser	färsk persilja (1 msk)	1.0	msk	2.0	2.0	msk		1
287521	Äggröra med asiatisk avokadosallad	avokado (1 st)	1.0	st	0.5	0.5	st		1
287521	Äggröra med asiatisk avokadosallad	gurka (1 cm)	1.0	cm	10.0	10.0	cm		0
287521	Äggröra med asiatisk avokadosallad	paprika (1 st)	1.0	st	0.25	0.25	st		0
287521	Äggröra med asiatisk avokadosallad	rödlök (1 msk)	1.0	msk	1.0	1.0	msk		0
287521	Äggröra med asiatisk avokadosallad	olivolja (1 tsk)	1.0	tsk	1.0	1.0	tsk		0
287521	Äggröra med asiatisk avokadosallad	lime (1 st)	1.0	st	0.25	0.25	st		0
287521	Äggröra med asiatisk avokadosallad	färsk koriander (1 msk)	1.0	msk	1.0	1.0	msk		0
287521	Äggröra med asiatisk avokadosallad	physalis (1 st)	1.0	st	2.0	2.0	st		0
287521	Äggröra med asiatisk avokadosallad	ägg (1 st)	1.0	st	2.0	2.0	st		1
287521	Äggröra med asiatisk avokadosallad	vispgrädde (1 msk)	1.0	msk	0.5	0.5	msk		0
287521	Äggröra med asiatisk avokadosallad	salt och svartpeppar	None	None	None	None	None		0
287521	Äggröra med asiatisk avokadosallad	smör (1 tsk)	1.0	tsk	1.0	1.0	tsk		0
287521	Äggröra med asiatisk avokadosallad	böngroddar (1 dl)	1.0	dl	1.0	1.0	dl		1
287040	Keso med granola och fruktsallad	keso (1 dl)	1.0	dl	1.0	1.0	dl		1
287040	Keso med granola och fruktsallad	vattenmelon (100 g)	100.0	g	1.0	100.0	g		0
287040	Keso med granola och fruktsallad	färsk mango (100 g)	100.0	g	1.0	100.0	g		0
287040	Keso med granola och fruktsallad	färska blåbär (1 dl)	1.0	dl	1.0	1.0	dl		1
287040	Keso med granola och fruktsallad	ketomüsli (1 dl)	1.0	dl	0.5	0.5	dl		1
287011	Keso med hallon och valnötter	keso (1 dl)	1.0	dl	1.0	1.0	dl		1
287011	Keso med hallon och valnötter	färska hallon (1 st)	1.0	st	10.0	10.0	st		1
287011	Keso med hallon och valnötter	valnötter (1 st)	1.0	st	3.0	3.0	st		1
287001	Tonfisksallad med äpple	rödlök (1 st)	1.0	st	0.25	0.25	st		0
287001	Tonfisksallad med äpple	paprika (1 st)	1.0	st	0.5	0.5	st		0
287001	Tonfisksallad med äpple	äpple (1 st)	1.0	st	0.5	0.5	st		1
287001	Tonfisksallad med äpple	tonfisk i vatten (100 g)	100.0	g	1.25	125.0	g		1
287001	Tonfisksallad med äpple	ägg (1 st)	1.0	st	2.0	2.0	st		1
287001	Tonfisksallad med äpple	hjärtsallad (1 st)	1.0	st	1.0	1.0	st		0
287001	Tonfisksallad med äpple	gröna oliver (1 msk)	1.0	msk	1.5	1.5	msk		0
287001	Tonfisksallad med äpple	citronklyfta (1 st)	1.0	st	1.0	1.0	st		0
287001	Tonfisksallad med äpple	färsk persilja (1 kvist)	1.0	kvist	1.0	1.0	kvist		0
286994	Pokebowl med kyckling	kycklingfilé (100 g)	100.0	g	2.5	250.0	g		0
286994	Pokebowl med kyckling	vitlök (1 klyfta)	1.0	klyfta	0.5	0.5	klyfta		0
286994	Pokebowl med kyckling	färsk ingefära (1 tsk)	1.0	tsk	1.0	1.0	tsk		1
286994	Pokebowl med kyckling	ketjap manis (1 msk)	1.0	msk	0.5	0.5	msk		0
286994	Pokebowl med kyckling	salt och svartpeppar	None	None	None	None	None		0
286994	Pokebowl med kyckling	olivolja (1 tsk)	1.0	tsk	1.0	1.0	tsk		0
286994	Pokebowl med kyckling	vatten (1 dl)	1.0	dl	0.5	0.5	dl		0
286994	Pokebowl med kyckling	blomkålshuvud (1 st)	1.0	st	0.25	0.25	st		0
286994	Pokebowl med kyckling	färsk koriander (1 msk)	1.0	msk	2.0	2.0	msk		0
286994	Pokebowl med kyckling	lime (1 st)	1.0	st	0.5	0.5	st		0
286994	Pokebowl med kyckling	isbergssallad (1 dl)	1.0	dl	4.0	4.0	dl		0
286994	Pokebowl med kyckling	sockerärtor (100 g)	100.0	g	0.5	50.0	g		1
286994	Pokebowl med kyckling	färsk mango (1 st)	1.0	st	0.25	0.25	st		0
286994	Pokebowl med kyckling	morot (1 st)	1.0	st	0.5	0.5	st		0
286994	Pokebowl med kyckling	sojabönor (1 dl)	1.0	dl	1.0	1.0	dl		1
286994	Pokebowl med kyckling	sesamfrön (1 tsk)	1.0	tsk	0.5	0.5	tsk		0
286994	Pokebowl med kyckling	grekisk yoghurt (1 msk)	1.0	msk	4.0	4.0	msk		0
286994	Pokebowl med kyckling	soja (1 tsk)	1.0	tsk	1.0	1.0	tsk		0
286994	Pokebowl med kyckling	srirachasås (1 tsk)	1.0	tsk	0.25	0.25	tsk		0
286994	Pokebowl med kyckling	picklad rödlök (100 g)	100.0	g	0.25	25.0	g		0
286994	Pokebowl med kyckling	granatäppelkärnor (1 msk)	1.0	msk	1.0	1.0	msk		0
286994	Pokebowl med kyckling	rädisor (1 st)	1.0	st	2.0	2.0	st		0
286994	Pokebowl med kyckling	ärtskott (100 g)	100.0	g	0.25	25.0	g		0
286986	Het ratatouille	rödlök (1 st)	1.0	st	0.5	0.5	st		0
286986	Het ratatouille	squash (1 st)	1.0	st	0.25	0.25	st		0
286986	Het ratatouille	paprika (1 st)	1.0	st	0.5	0.5	st		0
286986	Het ratatouille	morot (1 st)	1.0	st	1.0	1.0	st		0
286986	Het ratatouille	blomkål (100 g)	100.0	g	2.0	200.0	g		1
286986	Het ratatouille	olivolja (1 msk)	1.0	msk	0.5	0.5	msk		0
286986	Het ratatouille	vitlök (1 klyfta)	1.0	klyfta	1.0	1.0	klyfta		1
286986	Het ratatouille	krossade tomater (100 g)	100.0	g	2.0	200.0	g		1
286986	Het ratatouille	chiliflakes (1 krm)	1.0	krm	0.5	0.5	krm		0
286986	Het ratatouille	flytande honung (1 tsk)	1.0	tsk	1.0	1.0	tsk		0
286986	Het ratatouille	torkade örter (1 tsk)	1.0	tsk	1.0	1.0	tsk		0
286986	Het ratatouille	salt och svartpeppar	None	None	None	None	None		0
286986	Het ratatouille	rucola (1 dl)	1.0	dl	3.0	3.0	dl		0
286968	Yoghurt med ketomüsli	grekisk yoghurt (1 dl)	1.0	dl	1.0	1.0	dl		1
286968	Yoghurt med ketomüsli	ketomüsli (1 dl)	1.0	dl	0.75	0.75	dl		1
286956	Indiska kycklingbullar	kycklingfärs (100 g)	100.0	g	5.0	500.0	g		1
286956	Indiska kycklingbullar	purjolök (1 cm)	1.0	cm	5.0	5.0	cm		0
286956	Indiska kycklingbullar	vitlök (1 klyfta)	1.0	klyfta	1.0	1.0	klyfta		0
286956	Indiska kycklingbullar	färsk ingefära (1 msk)	1.0	msk	1.0	1.0	msk		1
286956	Indiska kycklingbullar	ketjap manis (1 msk)	1.0	msk	0.5	0.5	msk		0
286956	Indiska kycklingbullar	srirachasås (1 tsk)	1.0	tsk	0.5	0.5	tsk		0
286956	Indiska kycklingbullar	färsk koriander (1 dl)	1.0	dl	2.0	2.0	dl		0
286956	Indiska kycklingbullar	salt och svartpeppar	None	None	None	None	None		0
286956	Indiska kycklingbullar	smör (1 msk)	1.0	msk	0.5	0.5	msk		0
286956	Indiska kycklingbullar	gul lök (1 st)	1.0	st	0.5	0.5	st		0
286956	Indiska kycklingbullar	paprika (1 st)	1.0	st	2.0	2.0	st		0
286956	Indiska kycklingbullar	olivolja (1 tsk)	1.0	tsk	1.0	1.0	tsk		0
286956	Indiska kycklingbullar	grytbas korma (100 g)	100.0	g	4.5	450.0	g		0
286956	Indiska kycklingbullar	vatten (1 dl)	1.0	dl	1.0	1.0	dl		0
286956	Indiska kycklingbullar	cocktailtomater (100 g)	100.0	g	1.5	150.0	g		0
286956	Indiska kycklingbullar	saltade cashewnötter (1 dl)	1.0	dl	0.5	0.5	dl		1
286953	Lammfärsbiffar med grekisk sallad	lammfärs (100 g)	100.0	g	4.5	450.0	g		1
286953	Lammfärsbiffar med grekisk sallad	rödlök (1 st)	1.0	st	0.5	0.5	st		0
286953	Lammfärsbiffar med grekisk sallad	vitlök (1 klyfta)	1.0	klyfta	1.0	1.0	klyfta		0
286953	Lammfärsbiffar med grekisk sallad	salt och svartpeppar	None	None	None	None	None		0
286953	Lammfärsbiffar med grekisk sallad	örtagårdskrydda (1 tsk)	1.0	tsk	0.5	0.5	tsk		0
286953	Lammfärsbiffar med grekisk sallad	fetaost (100 g)	100.0	g	0.5	50.0	g		1
286953	Lammfärsbiffar med grekisk sallad	soltorkade tomater i olja (100 g)	100.0	g	0.5	50.0	g		0
286953	Lammfärsbiffar med grekisk sallad	paprika (1 st)	1.0	st	1.5	1.5	st		0
286953	Lammfärsbiffar med grekisk sallad	stor tomat (1 st)	1.0	st	1.0	1.0	st		0
286953	Lammfärsbiffar med grekisk sallad	gurka (1 cm)	1.0	cm	10.0	10.0	cm		0
286953	Lammfärsbiffar med grekisk sallad	oliver (1 st)	1.0	st	10.0	10.0	st		0
286953	Lammfärsbiffar med grekisk sallad	olivolja (1 msk)	1.0	msk	1.0	1.0	msk		0
286953	Lammfärsbiffar med grekisk sallad	balsamvinäger (1 msk)	1.0	msk	1.0	1.0	msk		0
286953	Lammfärsbiffar med grekisk sallad	salladskrydda (1 tsk)	1.0	tsk	0.5	0.5	tsk		0
286953	Lammfärsbiffar med grekisk sallad	färsk persilja (1 dl)	1.0	dl	0.5	0.5	dl		0
286953	Lammfärsbiffar med grekisk sallad	pumpakärnor (1 dl)	1.0	dl	0.5	0.5	dl		1
286953	Lammfärsbiffar med grekisk sallad	grekisk yoghurt (1 dl)	1.0	dl	1.0	1.0	dl		0
286953	Lammfärsbiffar med grekisk sallad	örtagårdskrydda (1 krm)	1.0	krm	1.0	1.0	krm		0
286953	Lammfärsbiffar med grekisk sallad	färsk persilja (1 msk)	1.0	msk	1.0	1.0	msk		0
286951	Asiatisk torsk	torskfile (100 g)	100.0	g	2.0	200.0	g		0
286951	Asiatisk torsk	olivolja (1 msk)	1.0	msk	1.0	1.0	msk		0
286951	Asiatisk torsk	pak choi (100 g)	100.0	g	1.0	100.0	g		0
286951	Asiatisk torsk	färska champinjoner (1 st)	1.0	st	4.0	4.0	st		0
286951	Asiatisk torsk	salladslök (1 st)	1.0	st	2.0	2.0	st		0
286951	Asiatisk torsk	röd chili (1 st)	1.0	st	0.5	0.5	st		1
286951	Asiatisk torsk	sockerärtor (100 g)	100.0	g	1.0	100.0	g		1
286951	Asiatisk torsk	färsk ingefära (1 tsk)	1.0	tsk	1.0	1.0	tsk		1
286951	Asiatisk torsk	vitlök (1 klyfta)	1.0	klyfta	1.0	1.0	klyfta		0
286951	Asiatisk torsk	salt och svartpeppar	None	None	None	None	None		0
286951	Asiatisk torsk	olivolja (1 tsk)	1.0	tsk	1.0	1.0	tsk		0
286951	Asiatisk torsk	färsk koriander (1 dl)	1.0	dl	1.0	1.0	dl		0
286945	Indisk wok med sjögräsnudlar och kyckling	gul lök (1 st)	1.0	st	0.5	0.5	st		0
286945	Indisk wok med sjögräsnudlar och kyckling	vitlök (1 klyfta)	1.0	klyfta	1.0	1.0	klyfta		1
286945	Indisk wok med sjögräsnudlar och kyckling	röd chili (1 st)	1.0	st	1.0	1.0	st		0
286945	Indisk wok med sjögräsnudlar och kyckling	paprika (1 st)	1.0	st	0.5	0.5	st		0
286945	Indisk wok med sjögräsnudlar och kyckling	squash (1 st)	1.0	st	0.5	0.5	st		0
286945	Indisk wok med sjögräsnudlar och kyckling	sockerärtor (100 g)	100.0	g	1.0	100.0	g		0
286945	Indisk wok med sjögräsnudlar och kyckling	olivolja (1 tsk)	1.0	tsk	1.0	1.0	tsk		0
286945	Indisk wok med sjögräsnudlar och kyckling	kycklingfärs (100 g)	100.0	g	4.0	400.0	g		0
286945	Indisk wok med sjögräsnudlar och kyckling	färsk ingefära (1 msk)	1.0	msk	1.0	1.0	msk		1
286945	Indisk wok med sjögräsnudlar och kyckling	tikka masala kryddmix (100 g)	100.0	g	0.2	20.0	g		0
286945	Indisk wok med sjögräsnudlar och kyckling	kokosgrädde (1 dl)	1.0	dl	1.0	1.0	dl		0
286945	Indisk wok med sjögräsnudlar och kyckling	sjögräsnudlar (100 g)	100.0	g	3.0	300.0	g		1
286945	Indisk wok med sjögräsnudlar och kyckling	färsk thaibasilika (1 msk)	1.0	msk	2.0	2.0	msk		0
286945	Indisk wok med sjögräsnudlar och kyckling	cashewnötter (1 dl)	1.0	dl	0.5	0.5	dl		0
286945	Indisk wok med sjögräsnudlar och kyckling	curry (1 tsk)	1.0	tsk	0.5	0.5	tsk		0
286945	Indisk wok med sjögräsnudlar och kyckling	salt (1 nypa)	1.0	nypa	1.0	1.0	nypa		0
286945	Indisk wok med sjögräsnudlar och kyckling	flytande honung (1 tsk)	1.0	tsk	0.5	0.5	tsk		0
286945	Indisk wok med sjögräsnudlar och kyckling	purjolök (1 dl)	1.0	dl	1.0	1.0	dl		0
286941	Äpple med jordnötskräm	äpple (1 st)	1.0	st	1.0	1.0	st		1
286941	Äpple med jordnötskräm	jordnötssmör (1 msk)	1.0	msk	1.0	1.0	msk		0
286941	Äpple med jordnötskräm	kokosgrädde (1 msk)	1.0	msk	2.0	2.0	msk		0
286941	Äpple med jordnötskräm	agavesirap (1 tsk)	1.0	tsk	0.5	0.5	tsk		0
286941	Äpple med jordnötskräm	jordnötter (1 msk)	1.0	msk	1.0	1.0	msk		1
286939	Västerbottenpizza med skaldjur	ägg (1 st)	1.0	st	2.0	2.0	st		0
286939	Västerbottenpizza med skaldjur	fiberhusk (1 msk)	1.0	msk	1.0	1.0	msk		1
286939	Västerbottenpizza med skaldjur	bakpulver (1 tsk)	1.0	tsk	1.0	1.0	tsk		0
286939	Västerbottenpizza med skaldjur	riven västerbottenost (100 g)	100.0	g	1.25	125.0	g		0
286939	Västerbottenpizza med skaldjur	arrabiatasås (1 dl)	1.0	dl	0.5	0.5	dl		0
286939	Västerbottenpizza med skaldjur	mozzarella (100 g)	100.0	g	2.0	200.0	g		0
286939	Västerbottenpizza med skaldjur	rödlök (1 st)	1.0	st	0.5	0.5	st		0
286939	Västerbottenpizza med skaldjur	torkad oregano (1 tsk)	1.0	tsk	0.5	0.5	tsk		0
286939	Västerbottenpizza med skaldjur	salt och svartpeppar	None	None	None	None	None		0
286939	Västerbottenpizza med skaldjur	sockerärtor (100 g)	100.0	g	0.75	75.0	g		0
286939	Västerbottenpizza med skaldjur	räkor i lag (100 g)	100.0	g	1.0	100.0	g		1
286939	Västerbottenpizza med skaldjur	kräftstjärtar i lag (100 g)	100.0	g	1.0	100.0	g		1
286939	Västerbottenpizza med skaldjur	färska dillkvistar (1 st)	1.0	st	2.0	2.0	st		0
286939	Västerbottenpizza med skaldjur	citronklyftor (1 st)	1.0	st	2.0	2.0	st		0
286939	Västerbottenpizza med skaldjur	srirachasås (1 tsk)	1.0	tsk	1.0	1.0	tsk		0
286936	Spenatsoppa med halloumi och solrosfrön	gul lök (1 st)	1.0	st	0.5	0.5	st		0
286936	Spenatsoppa med halloumi och solrosfrön	vitlök (1 klyfta)	1.0	klyfta	1.0	1.0	klyfta		1
286936	Spenatsoppa med halloumi och solrosfrön	olivolja (1 tsk)	1.0	tsk	1.0	1.0	tsk		1
286936	Spenatsoppa med halloumi och solrosfrön	bladspenat (100 g)	100.0	g	3.0	300.0	g		1
286936	Spenatsoppa med halloumi och solrosfrön	grönsaksbuljongtärning (1 st)	1.0	st	1.0	1.0	st		0
286936	Spenatsoppa med halloumi och solrosfrön	vatten (1 dl)	1.0	dl	5.0	5.0	dl		0
286936	Spenatsoppa med halloumi och solrosfrön	havregrädde (1 dl)	1.0	dl	0.5	0.5	dl		0
286936	Spenatsoppa med halloumi och solrosfrön	salt och svartpeppar	None	None	None	None	None		0
286936	Spenatsoppa med halloumi och solrosfrön	halloumi (100 g)	100.0	g	1.0	100.0	g		0
286936	Spenatsoppa med halloumi och solrosfrön	böngroddar (100 g)	100.0	g	0.5	50.0	g		0
286934	Rostad fänkål och rödbeta med getost	rödbetor (1 st)	1.0	st	3.0	3.0	st		1
286934	Rostad fänkål och rödbeta med getost	flytande honung (1 tsk)	1.0	tsk	1.0	1.0	tsk		0
286934	Rostad fänkål och rödbeta med getost	salt och svartpeppar	None	None	None	None	None		0
286934	Rostad fänkål och rödbeta med getost	örtagårdskrydda (1 krm)	1.0	krm	1.0	1.0	krm		0
286934	Rostad fänkål och rödbeta med getost	olivolja (1 msk)	1.0	msk	1.0	1.0	msk		0
286934	Rostad fänkål och rödbeta med getost	fänkål (1 st)	1.0	st	1.0	1.0	st		1
286934	Rostad fänkål och rödbeta med getost	rödlök (1 st)	1.0	st	1.0	1.0	st		0
286934	Rostad fänkål och rödbeta med getost	getost (100 g)	100.0	g	1.0	100.0	g		0
286934	Rostad fänkål och rödbeta med getost	pumpafrön (1 dl)	1.0	dl	0.5	0.5	dl		1
286934	Rostad fänkål och rödbeta med getost	salt (1 nypa)	1.0	nypa	1.0	1.0	nypa		0
286934	Rostad fänkål och rödbeta med getost	granatäppelkärnor (1 dl)	1.0	dl	1.0	1.0	dl		0
286934	Rostad fänkål och rödbeta med getost	färsk persilja (1 kvistar)	1.0	kvistar	2.0	2.0	kvistar		0
286932	Sötpotatisgryta med bönor	vitlök (1 klyfta)	1.0	klyfta	1.0	1.0	klyfta		1
286932	Sötpotatisgryta med bönor	gul lök (1 st)	1.0	st	1.0	1.0	st		0
286932	Sötpotatisgryta med bönor	liten sötpotatis (1 st)	1.0	st	1.0	1.0	st		1
286932	Sötpotatisgryta med bönor	paprika (1 st)	1.0	st	2.0	2.0	st		0
286932	Sötpotatisgryta med bönor	färska champinjoner (1 st)	1.0	st	6.0	6.0	st		0
286932	Sötpotatisgryta med bönor	squash (1 st)	1.0	st	0.5	0.5	st		0
286932	Sötpotatisgryta med bönor	olivolja (1 msk)	1.0	msk	0.5	0.5	msk		0
286932	Sötpotatisgryta med bönor	salt och svartpeppar	None	None	None	None	None		0
286932	Sötpotatisgryta med bönor	torkad basilika (1 tsk)	1.0	tsk	1.0	1.0	tsk		0
286932	Sötpotatisgryta med bönor	paprikapulver (1 krm)	1.0	krm	1.0	1.0	krm		0
286932	Sötpotatisgryta med bönor	chiliflakes (1 krm)	1.0	krm	1.0	1.0	krm		0
286932	Sötpotatisgryta med bönor	curry (1 tsk)	1.0	tsk	0.5	0.5	tsk		0
286932	Sötpotatisgryta med bönor	kardemumma (1 krm)	1.0	krm	1.0	1.0	krm		0
286932	Sötpotatisgryta med bönor	kanel (1 tsk)	1.0	tsk	0.5	0.5	tsk		0
286932	Sötpotatisgryta med bönor	grönsaksbuljongtärning (1 st)	1.0	st	1.0	1.0	st		0
286932	Sötpotatisgryta med bönor	krossade tomater (100 g)	100.0	g	4.0	400.0	g		0
286932	Sötpotatisgryta med bönor	srirachasås (1 tsk)	1.0	tsk	0.5	0.5	tsk		0
286932	Sötpotatisgryta med bönor	vatten (1 dl)	1.0	dl	1.0	1.0	dl		0
286932	Sötpotatisgryta med bönor	konserverade svarta bönor (100 g)	100.0	g	2.8	280.0	g		1
286932	Sötpotatisgryta med bönor	färsk persilja (1 msk)	1.0	msk	3.0	3.0	msk		0
286932	Sötpotatisgryta med bönor	grekisk yoghurt (1 dl)	1.0	dl	3.0	3.0	dl		0
286904	Tomatsoppa från medelhavet med fetaost	gul lök (1 st)	1.0	st	0.5	0.5	st		0
286904	Tomatsoppa från medelhavet med fetaost	vitlök (1 klyfta)	1.0	klyfta	1.0	1.0	klyfta		1
286904	Tomatsoppa från medelhavet med fetaost	olivolja (1 tsk)	1.0	tsk	1.0	1.0	tsk		1
286904	Tomatsoppa från medelhavet med fetaost	krossade tomater (100 g)	100.0	g	4.0	400.0	g		1
286904	Tomatsoppa från medelhavet med fetaost	vatten (1 dl)	1.0	dl	3.0	3.0	dl		0
286904	Tomatsoppa från medelhavet med fetaost	flytande honung (1 tsk)	1.0	tsk	1.0	1.0	tsk		0
286904	Tomatsoppa från medelhavet med fetaost	grönsaksbuljongtärning (1 st)	1.0	st	1.0	1.0	st		0
286904	Tomatsoppa från medelhavet med fetaost	salt och svartpeppar	None	None	None	None	None		0
286904	Tomatsoppa från medelhavet med fetaost	örtagårdskrydda (1 krm)	1.0	krm	1.0	1.0	krm		0
286904	Tomatsoppa från medelhavet med fetaost	chiliflakes (1 nypa)	1.0	nypa	1.0	1.0	nypa		0
286904	Tomatsoppa från medelhavet med fetaost	cocktailtomater (1 st)	1.0	st	8.0	8.0	st		0
286904	Tomatsoppa från medelhavet med fetaost		None	None	1.0	None	None		0
286904	Tomatsoppa från medelhavet med fetaost	solrosfrön (1 msk)	1.0	msk	1.0	1.0	msk		0
286904	Tomatsoppa från medelhavet med fetaost	grön pesto (1 tsk)	1.0	tsk	0.0	0.0	tsk		0
286904	Tomatsoppa från medelhavet med fetaost	färsk basilika (1 kvist)	1.0	kvist	1.0	1.0	kvist		0
286790	Havregrynsgröt med valnötter och bär	havregryn (1 dl)	1.0	dl	1.0	1.0	dl		1
286790	Havregrynsgröt med valnötter och bär	vatten (1 dl)	1.0	dl	2.0	2.0	dl		0
286790	Havregrynsgröt med valnötter och bär	salt (1 krm)	1.0	krm	0.5	0.5	krm		0
286790	Havregrynsgröt med valnötter och bär	valnötter (1 st)	1.0	st	4.0	4.0	st		1
286790	Havregrynsgröt med valnötter och bär	färska blåbär (1 dl)	1.0	dl	1.0	1.0	dl		0
286790	Havregrynsgröt med valnötter och bär	granatäppelkärnor (1 msk)	1.0	msk	2.0	2.0	msk		0
286790	Havregrynsgröt med valnötter och bär	mandelmjölk (1 dl)	1.0	dl	1.0	1.0	dl		0
286788	Havregrynsgröt med äpple och kanel	havregryn (1 dl)	1.0	dl	1.0	1.0	dl		1
286788	Havregrynsgröt med äpple och kanel	vatten (1 dl)	1.0	dl	2.0	2.0	dl		0
286788	Havregrynsgröt med äpple och kanel	salt (1 krm)	1.0	krm	1.0	1.0	krm		0
286788	Havregrynsgröt med äpple och kanel	äpple (1 st)	1.0	st	0.5	0.5	st		1
286788	Havregrynsgröt med äpple och kanel	kanel (1 tsk)	1.0	tsk	0.5	0.5	tsk		1
286788	Havregrynsgröt med äpple och kanel	solrosfrön (1 msk)	1.0	msk	2.0	2.0	msk		0
286788	Havregrynsgröt med äpple och kanel	mandelmjölk (1 dl)	1.0	dl	1.0	1.0	dl		0
286768	Papayabåtar	papaya (1 st)	1.0	st	1.0	1.0	st		1
286768	Papayabåtar	färska hallon (1 st)	1.0	st	5.0	5.0	st		1
286768	Papayabåtar	färska blåbär (1 dl)	1.0	dl	0.5	0.5	dl		1
286768	Papayabåtar	färsk mango (1 st)	1.0	st	0.25	0.25	st		0
286768	Papayabåtar	vit choklad (10 g)	10.0	g	2.5	25.0	g		0
286768	Papayabåtar	kokosflingor (1 msk)	1.0	msk	1.0	1.0	msk		0
286767	Glutenfri kladdkaka med lakrits och hallon	smör (100 g)	100.0	g	1.5	150.0	g		0
286767	Glutenfri kladdkaka med lakrits och hallon	sockerfri mörk choklad (100 g)	100.0	g	2.0	200.0	g		1
286767	Glutenfri kladdkaka med lakrits och hallon	ägg (1 st)	1.0	st	4.0	4.0	st		1
286767	Glutenfri kladdkaka med lakrits och hallon	sukrin gold (1 dl)	1.0	dl	1.0	1.0	dl		0
286767	Glutenfri kladdkaka med lakrits och hallon	mandelmjöl (1 dl)	1.0	dl	1.5	1.5	dl		1
286767	Glutenfri kladdkaka med lakrits och hallon	bakpulver (1 tsk)	1.0	tsk	1.0	1.0	tsk		0
286767	Glutenfri kladdkaka med lakrits och hallon	lakritspulver (1 tsk)	1.0	tsk	3.0	3.0	tsk		0
286767	Glutenfri kladdkaka med lakrits och hallon	frystorkade hallon (1 dl)	1.0	dl	1.0	1.0	dl		0
286766	Köttfärsfylld squash	squash (1 st)	1.0	st	1.0	1.0	st		0
286766	Köttfärsfylld squash	vitlök (1 klyfta)	1.0	klyfta	1.0	1.0	klyfta		1
286766	Köttfärsfylld squash	rödlök (1 st)	1.0	st	0.25	0.25	st		0
286766	Köttfärsfylld squash	paprika (1 st)	1.0	st	0.5	0.5	st		0
286766	Köttfärsfylld squash	nötfärs (100 g)	100.0	g	2.5	250.0	g		0
286766	Köttfärsfylld squash	olivolja (1 tsk)	1.0	tsk	1.0	1.0	tsk		0
286766	Köttfärsfylld squash	salt och svartpeppar	None	None	None	None	None		0
286766	Köttfärsfylld squash	örtagårdskrydda (1 krm)	1.0	krm	1.0	1.0	krm		0
286766	Köttfärsfylld squash	curry (1 tsk)	1.0	tsk	0.5	0.5	tsk		0
286766	Köttfärsfylld squash	sambal oelek (1 tsk)	1.0	tsk	0.5	0.5	tsk		0
286766	Köttfärsfylld squash	färsk persilja (1 msk)	1.0	msk	2.0	2.0	msk		0
286766	Köttfärsfylld squash	fetaost (100 g)	100.0	g	0.3	30.0	g		0
286766	Köttfärsfylld squash	pistagenötter (1 msk)	1.0	msk	2.0	2.0	msk		1
286766	Köttfärsfylld squash	granatäppelkärnor (1 msk)	1.0	msk	2.0	2.0	msk		1
286766	Köttfärsfylld squash	färsk persilja (1 kvistar)	1.0	kvistar	2.0	2.0	kvistar		0
286765	Kycklingburgare med citronkräm	kycklingfärs (100 g)	100.0	g	1.25	125.0	g		0
286765	Kycklingburgare med citronkräm	citronzest (1 tsk)	1.0	tsk	1.0	1.0	tsk		0
286765	Kycklingburgare med citronkräm	salt och svartpeppar	None	None	None	None	None		0
286765	Kycklingburgare med citronkräm	färsk dill (1 tsk)	1.0	tsk	1.0	1.0	tsk		0
286765	Kycklingburgare med citronkräm	grön sparris (100 g)	100.0	g	0.75	75.0	g		1
286765	Kycklingburgare med citronkräm	sockerärtor (100 g)	100.0	g	0.75	75.0	g		1
286765	Kycklingburgare med citronkräm	olivolja (1 tsk)	1.0	tsk	1.5	1.5	tsk		1
286765	Kycklingburgare med citronkräm	färsk dill (1 msk)	1.0	msk	1.0	1.0	msk		0
286765	Kycklingburgare med citronkräm	rädisor (1 st)	1.0	st	3.0	3.0	st		0
286765	Kycklingburgare med citronkräm	grekisk yoghurt (1 msk)	1.0	msk	2.0	2.0	msk		0
286765	Kycklingburgare med citronkräm	citronklyfta (1 st)	1.0	st	1.0	1.0	st		0
286755	Spenat och grönkål med ägg	schalottenlök (1 st)	1.0	st	1.0	1.0	st		0
286755	Spenat och grönkål med ägg	vitlök (1 klyfta)	1.0	klyfta	0.5	0.5	klyfta		0
286755	Spenat och grönkål med ägg	färska champinjoner (1 st)	1.0	st	4.0	4.0	st		0
286755	Spenat och grönkål med ägg	smör (1 tsk)	1.0	tsk	1.0	1.0	tsk		0
286755	Spenat och grönkål med ägg	bladspenat (100 g)	100.0	g	0.2	20.0	g		1
286755	Spenat och grönkål med ägg	färsk grönkål (100 g)	100.0	g	0.2	20.0	g		1
286755	Spenat och grönkål med ägg	riven ost (1 dl)	1.0	dl	0.5	0.5	dl		0
286755	Spenat och grönkål med ägg	ägg (1 st)	1.0	st	4.0	4.0	st		1
286755	Spenat och grönkål med ägg	salt och svartpeppar	None	None	None	None	None		0
286754	Bananplättar med keso och hallon	banan (1 st)	1.0	st	0.5	0.5	st		0
286754	Bananplättar med keso och hallon	ägg (1 st)	1.0	st	1.0	1.0	st		1
286754	Bananplättar med keso och hallon	smör (1 tsk)	1.0	tsk	1.0	1.0	tsk		0
286754	Bananplättar med keso och hallon	vaniljpulver (1 krm)	1.0	krm	0.5	0.5	krm		0
286754	Bananplättar med keso och hallon	keso (1 msk)	1.0	msk	2.0	2.0	msk		0
286754	Bananplättar med keso och hallon	frysta hallon (1 msk)	1.0	msk	2.0	2.0	msk		1
286750	Havregrynsgröt med ananas	havregryn (1 dl)	1.0	dl	1.0	1.0	dl		1
286750	Havregrynsgröt med ananas	vatten (1 dl)	1.0	dl	2.0	2.0	dl		0
286750	Havregrynsgröt med ananas	salt (1 krm)	1.0	krm	0.5	0.5	krm		0
286750	Havregrynsgröt med ananas	kokosskivor (1 dl)	1.0	dl	0.5	0.5	dl		0
286750	Havregrynsgröt med ananas	ananas (100 g)	100.0	g	1.0	100.0	g		1
286750	Havregrynsgröt med ananas	havremjölk (1 dl)	1.0	dl	1.0	1.0	dl		0
